/* File automatically generated by incbin */
#include <incbin/incbin.h>

#ifdef __cplusplus
extern "C" {
#endif

/* INCBIN(GrindScriptsPCAddDD, "patches/grindscripts_pcadddd.bps"); */
INCBIN_CONST INCBIN_ALIGN unsigned char gGrindScriptsPCAddDDData[] = {
    0x42, 0x50, 0x53, 0x31, 0x58, 0x27, 0x81, 0x67, 0x26, 0x81, 0x80, 0x30, 
    0xA3, 0x8D, 0x65, 0x87, 0x47, 0x7B, 0x58, 0xC9, 0x8D, 0x7D, 0x9B, 0xFE, 
    0x14, 0x98, 0xAD, 0x16, 0xF4, 0xA7, 0xF8, 0x6B, 0x09, 0x17, 0xC8, 0x00, 
    0x00, 0x00, 0x04, 0x80, 0xCD, 0x90, 0xD8, 0xD2, 0xA6, 0x07, 0x16, 0xCA, 
    0x28, 0xE5, 0x90, 0x16, 0x0C, 0xF1, 0x31, 0x70, 0x07, 0x03, 0x16, 0x0D, 
    0x1E, 0x80, 0x81, 0xD0, 0x80, 0xF5, 0x42, 0x44, 0xE2, 0xA7, 0x07, 0x16, 
    0xF7, 0x89, 0x3C, 0xCF, 0x16, 0x44, 0xC6, 0x78, 0x18, 0x07, 0x17, 0xFB, 
    0xFF, 0xFF, 0xFF, 0x16, 0xD3, 0x1E, 0x15, 0x5A, 0x07, 0x17, 0x05, 0x00, 
    0x84, 0x5D, 0x80, 0x04, 0x04, 0x02, 0xE8, 0x00, 0x00, 0x00, 0x06, 0x02, 
    0xE9, 0x00, 0x00, 0x00, 0x23, 0x16, 0x6F, 0xD8, 0x5E, 0x25, 0x16, 0x60, 
    0x97, 0x73, 0x64, 0x07, 0x17, 0x07, 0x00, 0x00, 0x00, 0x16, 0xDF, 0x41, 
    0xC3, 0xEC, 0x07, 0x17, 0x00, 0x00, 0x00, 0x00, 0x02, 0xF8, 0x00, 0x00, 
    0x00, 0x16, 0x51, 0x32, 0x81, 0xD5, 0x02, 0xF9, 0x00, 0x00, 0x00, 0x80, 
    0x8D, 0xEB, 0x79, 0x80, 0xA5, 0x80, 0x8D, 0x04, 0x2D, 0x6C, 0x5C, 0x80, 
    0x91, 0x16, 0x4D, 0x86, 0x29, 0x4A, 0x80, 0x8D, 0xB7, 0x7D, 0x3F, 0x0E, 
    0x80, 0xFD, 0x2D, 0x16, 0xB7, 0x7D, 0x3F, 0x0E, 0x16, 0x64, 0x0F, 0xB6, 
    0xEB, 0x07, 0x2D, 0x16, 0x64, 0x0F, 0xB6, 0xEB, 0x16, 0xA4, 0x9B, 0x54, 
    0x98, 0x07, 0x2D, 0x16, 0xA4, 0x9B, 0x54, 0x98, 0x02, 0xFA, 0x8C, 0x95, 
    0xBC, 0xE2, 0x2E, 0x4B, 0x1B, 0x01, 0x90, 0x81, 0xFC, 0x8C, 0x95, 0xD2, 
    0x8F, 0x3A, 0xCB, 0x17, 0x00, 0x88, 0x91, 0x02, 0xFD, 0x00, 0x00, 0x00, 
    0x80, 0x69, 0x80, 0x5C, 0x8D, 0x2E, 0xF3, 0x16, 0xB0, 0x0B, 0x15, 0xC2, 
    0x02, 0xFE, 0x00, 0x00, 0x00, 0x25, 0x16, 0x68, 0x51, 0x1D, 0x0E, 0x02, 
    0x00, 0x01, 0x00, 0x00, 0x16, 0x96, 0xBF, 0x8E, 0x94, 0x16, 0x04, 0x47, 
    0x9F, 0x43, 0x02, 0x01, 0x01, 0x00, 0x00, 0x16, 0x7F, 0xA3, 0x9F, 0xAD, 
    0x16, 0x67, 0x28, 0x43, 0x03, 0x02, 0x02, 0x01, 0x00, 0x00, 0x28, 0x02, 
    0x03, 0x01, 0x84, 0x21, 0x81, 0x16, 0x64, 0x78, 0x3D, 0x8C, 0x02, 0x04, 
    0x01, 0x00, 0x00, 0x16, 0xF9, 0x67, 0x2B, 0x6C, 0x16, 0xDF, 0xA5, 0x61, 
    0xF1, 0x02, 0x05, 0x01, 0x00, 0x00, 0x16, 0xF9, 0x67, 0x2B, 0x6C, 0x16, 
    0xDC, 0xC3, 0x88, 0x01, 0x02, 0x06, 0x01, 0x00, 0x00, 0x25, 0x16, 0x7B, 
    0x71, 0x66, 0xCF, 0x16, 0x77, 0xB3, 0xBC, 0x13, 0x02, 0x07, 0x01, 0x00, 
    0x00, 0x16, 0x46, 0xEF, 0xED, 0xE3, 0x16, 0x77, 0xB3, 0xBC, 0x13, 0x07, 
    0x2D, 0x16, 0x77, 0xB3, 0xBC, 0x13, 0x80, 0x85, 0x08, 0x01, 0x80, 0x91, 
    0x00, 0x28, 0x02, 0x09, 0x01, 0x80, 0x15, 0x80, 0x00, 0x25, 0x16, 0x7B, 
    0x71, 0x66, 0xCF, 0x16, 0xD3, 0xBB, 0xDA, 0x28, 0x02, 0x0B, 0x01, 0x00, 
    0x00, 0x16, 0xC2, 0xE5, 0xA4, 0x23, 0x2D, 0x16, 0xD3, 0xBB, 0xDA, 0x28, 
    0x02, 0x0C, 0x01, 0x00, 0x00, 0x28, 0x02, 0x0D, 0x01, 0x00, 0x80, 0xB9, 
    0x25, 0x16, 0x7B, 0x71, 0x66, 0xCF, 0x16, 0xE3, 0x41, 0x16, 0x0F, 0x02, 
    0x0F, 0x01, 0x00, 0x80, 0x95, 0x16, 0x33, 0xA2, 0x05, 0xDB, 0x2D, 0x80, 
    0xB5, 0xE3, 0x41, 0x16, 0x0F, 0x02, 0x10, 0x01, 0x00, 0x00, 0x28, 0x02, 
    0x11, 0x01, 0x00, 0x80, 0x51, 0x82, 0x16, 0x0A, 0x5F, 0x8A, 0xDF, 0x16, 
    0x31, 0xC1, 0x4F, 0x11, 0x07, 0x17, 0x01, 0x00, 0x00, 0x00, 0x16, 0xC6, 
    0x7F, 0x49, 0x9E, 0x07, 0x17, 0x32, 0x00, 0x00, 0x00, 0x16, 0x3F, 0x7F, 
    0xA0, 0x79, 0x07, 0x1A, 0x00, 0x00, 0x80, 0x3E, 0x02, 0x13, 0x01, 0x00, 
    0x00, 0x16, 0x0A, 0x5F, 0x8A, 0xDF, 0x16, 0x31, 0xC1, 0x4F, 0x11, 0x07, 
    0x17, 0x00, 0x00, 0x00, 0x00, 0x16, 0xC6, 0x7F, 0x49, 0x9E, 0x07, 0x17, 
    0x32, 0x00, 0x00, 0x00, 0x02, 0x14, 0x01, 0x00, 0x00, 0x25, 0x16, 0x55, 
    0x86, 0x88, 0xED, 0x2D, 0x16, 0xD6, 0xA8, 0x21, 0x73, 0x02, 0x15, 0x01, 
    0x00, 0x00, 0x16, 0xA2, 0x94, 0x2F, 0xE6, 0x02, 0x16, 0x01, 0x00, 0x00, 
    0x25, 0x16, 0x7B, 0x71, 0x66, 0xCF, 0x16, 0x2C, 0xEF, 0x7B, 0xDE, 0x02, 
    0x18, 0x01, 0x00, 0x80, 0xCD, 0x16, 0xEB, 0x79, 0x80, 0xA5, 0x16, 0xA2, 
    0x87, 0xA6, 0x1D, 0x07, 0x17, 0x01, 0x00, 0x00, 0x00, 0x02, 0x19, 0x01, 
    0x00, 0x80, 0xC5, 0x26, 0x02, 0x1A, 0x01, 0x00, 0x00, 0x16, 0xEB, 0x79, 
    0x80, 0xA5, 0x16, 0xA2, 0x87, 0xA6, 0x1D, 0x07, 0x17, 0x80, 0x4D, 0x83, 
    0x00, 0x00, 0x00, 0x02, 0x1B, 0x01, 0x00, 0x00, 0x28, 0x02, 0x1C, 0x01, 
    0x00, 0x00, 0x26, 0x02, 0x1D, 0x01, 0x00, 0x00, 0x16, 0x44, 0x89, 0xB7, 
    0x8D, 0x02, 0x20, 0x01, 0x00, 0x00, 0x2D, 0x16, 0xDF, 0x41, 0xC3, 0xEC, 
    0x07, 0x0E, 0x2D, 0x16, 0xDF, 0x41, 0xC3, 0xEC, 0x0B, 0x17, 0x01, 0x00, 
    0x00, 0x00, 0x0F, 0x02, 0x21, 0x01, 0x00, 0x00, 0x16, 0xEB, 0x79, 0x80, 
    0xA5, 0x16, 0xDF, 0x41, 0xC3, 0xEC, 0x07, 0x2D, 0x16, 0xDF, 0x41, 0xC3, 
    0xEC, 0x02, 0x22, 0x01, 0x00, 0x00, 0x16, 0x4F, 0xDA, 0xE4, 0x9C, 0x16, 
    0xDF, 0x41, 0xC3, 0xEC, 0x07, 0x2D, 0x16, 0xDF, 0x41, 0xC3, 0xEC, 0x02, 
    0x23, 0x01, 0x00, 0x00, 0x16, 0x35, 0xA3, 0x36, 0x54, 0x02, 0x25, 0x01, 
    0x00, 0x00, 0x28, 0x02, 0x26, 0x01, 0x00, 0x00, 0x16, 0x88, 0x1C, 0xDA, 
    0x10, 0x02, 0x27, 0x01, 0x00, 0x00, 0x25, 0x16, 0x7B, 0x71, 0x66, 0xCF, 
    0x16, 0x2C, 0xEF, 0x7B, 0xDE, 0x02, 0x28, 0x01, 0x00, 0x00, 0x16, 0xCF, 
    0xEF, 0x1F, 0x90, 0x16, 0x80, 0x01, 0x80, 0x8B, 0x72, 0xF8, 0x07, 0x16, 
    0x28, 0xFB, 0xFE, 0x8F, 0x16, 0x90, 0xD8, 0xD2, 0xA6, 0x07, 0x16, 0x08, 
    0xFA, 0xB9, 0xF4, 0x02, 0x29, 0x01, 0x00, 0x00, 0x16, 0x0B, 0x71, 0xEB, 
    0x41, 0x02, 0x2A, 0x01, 0x80, 0x55, 0x82, 0x00, 0x26, 0x02, 0x2B, 0x01, 
    0x00, 0x00, 0x25, 0x16, 0x7B, 0x71, 0x66, 0xCF, 0x16, 0x29, 0xBA, 0x78, 
    0x7C, 0x02, 0x2C, 0x01, 0x00, 0x00, 0x16, 0xCF, 0xEF, 0x1F, 0x90, 0x16, 
    0xEC, 0x8B, 0x72, 0xF8, 0x07, 0x16, 0x28, 0xFB, 0xFE, 0x8F, 0x16, 0x90, 
    0xD8, 0xD2, 0xA6, 0x07, 0x16, 0xB8, 0xD7, 0x65, 0x9B, 0x16, 0x0C, 0xF1, 
    0x31, 0x70, 0x07, 0x03, 0x2C, 0x04, 0x02, 0x2D, 0x01, 0x00, 0x00, 0x26, 
    0x02, 0x2E, 0x01, 0x00, 0x00, 0x16, 0xCF, 0xEF, 0x1F, 0x90, 0x16, 0xEC, 
    0x8B, 0x72, 0xF8, 0x07, 0x16, 0x28, 0xFB, 0xFE, 0x8F, 0x16, 0x90, 0xD8, 
    0xD2, 0xA6, 0x07, 0x16, 0xB8, 0xD7, 0x65, 0x9B, 0x02, 0x2F, 0x01, 0x00, 
    0x00, 0x28, 0x02, 0x30, 0x01, 0x00, 0x00, 0x16, 0x9C, 0x7C, 0x9B, 0xFB, 
    0x02, 0x31, 0x01, 0x00, 0x00, 0x80, 0x19, 0x80, 0x02, 0x32, 0x01, 0x00, 
    0x00, 0x16, 0xCF, 0xEF, 0x1F, 0x90, 0x16, 0xEC, 0x8B, 0x72, 0xF8, 0x07, 
    0x16, 0xBA, 0x46, 0xAA, 0xAF, 0x16, 0x90, 0xD8, 0xD2, 0xA6, 0x07, 0x16, 
    0xBA, 0x46, 0xAA, 0xAF, 0x16, 0x0C, 0xF1, 0x31, 0x70, 0x07, 0x03, 0x80, 
    0x8D, 0x64, 0x0F, 0xB6, 0xEB, 0x80, 0x09, 0x80, 0x2D, 0x16, 0x64, 0x0F, 
    0xB6, 0xEB, 0x16, 0xB7, 0x7D, 0x3F, 0x0E, 0x07, 0x2D, 0x16, 0xB7, 0x7D, 
    0x3F, 0x0E, 0x16, 0x44, 0xA6, 0xF3, 0xE0, 0x07, 0x2D, 0x16, 0x44, 0xA6, 
    0xF3, 0xE0, 0x04, 0x02, 0x33, 0x01, 0x00, 0x80, 0x3D, 0x80, 0x16, 0xCF, 
    0xEF, 0x1F, 0x90, 0x16, 0xEC, 0x8B, 0x72, 0xF8, 0x07, 0x16, 0xEF, 0x16, 
    0x2B, 0x53, 0x16, 0x90, 0xD8, 0xD2, 0xA6, 0x07, 0x16, 0x27, 0x2A, 0xFF, 
    0x57, 0x02, 0x34, 0x01, 0x00, 0x00, 0x16, 0xCF, 0xEF, 0x1F, 0x90, 0x16, 
    0xEC, 0x8B, 0x72, 0xF8, 0x07, 0x16, 0xF9, 0x6F, 0x7B, 0xD7, 0x80, 0x05, 
    0x80, 0x90, 0xD8, 0xD2, 0xA6, 0x07, 0x16, 0xCA, 0x28, 0xE5, 0x90, 0x16, 
    0x0C, 0xF1, 0x31, 0x70, 0x07, 0x03, 0x2C, 0x16, 0x57, 0x4E, 0xCE, 0x73, 
    0x04, 0x02, 0x35, 0x01, 0x00, 0x00, 0x16, 0xCF, 0xEF, 0x1F, 0x90, 0x80, 
    0xA5, 0xEC, 0x8B, 0x72, 0xF8, 0x07, 0x16, 0x84, 0x4B, 0xD4, 0x47, 0x80, 
    0xA5, 0x90, 0xD8, 0xD2, 0xA6, 0x07, 0x16, 0xCA, 0x28, 0xE5, 0x90, 0x80, 
    0x09, 0x80, 0x0C, 0xF1, 0x31, 0x70, 0x07, 0x03, 0x2C, 0x16, 0x0D, 0x1E, 
    0xA7, 0xD0, 0x04, 0x02, 0x36, 0x01, 0x00, 0x00, 0x16, 0xCF, 0xEF, 0x1F, 
    0x90, 0x16, 0xEC, 0x8B, 0x72, 0xF8, 0x07, 0x16, 0x39, 0x5E, 0x5E, 0x91, 
    0x16, 0x80, 0xC9, 0xD8, 0xD2, 0xA6, 0x07, 0x16, 0x39, 0x5E, 0x5E, 0x91, 
    0x02, 0x37, 0x01, 0x00, 0x00, 0x16, 0xCF, 0xEF, 0x1F, 0x90, 0x80, 0xA5, 
    0xEC, 0x8B, 0x72, 0xF8, 0x07, 0x16, 0xF0, 0x1A, 0x02, 0xA1, 0x80, 0xA5, 
    0x90, 0xD8, 0xD2, 0xA6, 0x07, 0x16, 0x2F, 0xCC, 0xE3, 0xD4, 0x80, 0xD5, 
    0xAB, 0x22, 0x7A, 0x19, 0x02, 0x38, 0x01, 0x00, 0x00, 0x16, 0xD2, 0x8F, 
    0x3A, 0xCB, 0x17, 0x32, 0x00, 0x00, 0x00, 0x02, 0x3C, 0x01, 0x80, 0xE9, 
    0x00, 0x16, 0xBC, 0xE2, 0x2E, 0x4B, 0x1B, 0x10, 0x00, 0x00, 0x00, 0x4B, 
    0x69, 0x73, 0x73, 0x65, 0x64, 0x20, 0x74, 0x68, 0x65, 0x20, 0x52, 0x61, 
    0x69, 0x6C, 0x00, 0x80, 0x81, 0x3D, 0x8C, 0x8D, 0x7B, 0x9E, 0x0C, 0x2C, 
    0x80, 0x15, 0x80, 0xCB, 0x1C, 0xB8, 0xCD, 0x02, 0x3E, 0x01, 0x00, 0x00, 
    0x16, 0x20, 0x3B, 0xC3, 0x54, 0x02, 0x3F, 0x01, 0x00, 0x00, 0x16, 0xEC, 
    0x3B, 0x3D, 0x8E, 0x02, 0x40, 0x01, 0x00, 0x00, 0x16, 0xD9, 0x8D, 0x6B, 
    0xAB, 0x02, 0x41, 0x01, 0x00, 0x80, 0xB5, 0x16, 0xB0, 0x9B, 0xC7, 0xD8, 
    0x16, 0x71, 0x0D, 0x59, 0x72, 0x02, 0x42, 0x01, 0x00, 0x80, 0x35, 0x80, 
    0x16, 0x0A, 0x08, 0xCF, 0x1F, 0x16, 0x71, 0x0D, 0x59, 0x72, 0x02, 0x43, 
    0x01, 0x00, 0x00, 0x16, 0xF4, 0xCC, 0x7F, 0x94, 0x2D, 0x16, 0xD6, 0xA8, 
    0x21, 0x73, 0x02, 0x44, 0x01, 0x00, 0x00, 0x25, 0x16, 0x7B, 0x71, 0x66, 
    0xCF, 0x16, 0x40, 0xAA, 0xEE, 0x1A, 0x02, 0x45, 0x01, 0x00, 0x80, 0xA1, 
    0x16, 0xB7, 0x93, 0xB9, 0x71, 0x17, 0x24, 0x00, 0x00, 0x80, 0x95, 0x02, 
    0x46, 0x01, 0x00, 0x00, 0x26, 0x80, 0x81, 0x48, 0x8C, 0xB1, 0xB7, 0x93, 
    0xB9, 0x71, 0x2D, 0x16, 0x60, 0x97, 0x73, 0x64, 0x02, 0x49, 0x01, 0x80, 
    0x31, 0x80, 0x00, 0x28, 0x02, 0x4A, 0x01, 0x00, 0x00, 0x25, 0x16, 0x7B, 
    0x71, 0x66, 0xCF, 0x16, 0xA0, 0xAC, 0x16, 0x7A, 0x02, 0x4B, 0x01, 0x00, 
    0x00, 0x16, 0xC6, 0xA4, 0xDC, 0xDB, 0x02, 0x4C, 0x01, 0x00, 0x00, 0x16, 
    0x4B, 0xCD, 0x0D, 0x7A, 0x16, 0x1C, 0xBD, 0xDB, 0x94, 0x07, 0x1A, 0x84, 
    0x4D, 0x80, 0xA0, 0x3F, 0x02, 0x4D, 0x01, 0x00, 0x00, 0x28, 0x02, 0x4E, 
    0x01, 0x00, 0x00, 0x25, 0x16, 0x7B, 0x71, 0x66, 0xCF, 0x16, 0xF0, 0x55, 
    0xA8, 0x7E, 0x02, 0x4F, 0x01, 0x00, 0x00, 0x25, 0x16, 0x10, 0x8F, 0xEA, 
    0xBA, 0x16, 0x08, 0xD0, 0xE3, 0xC2, 0x07, 0x2D, 0x16, 0xF0, 0x55, 0xA8, 
    0x7E, 0x02, 0x50, 0x01, 0x00, 0x00, 0x80, 0xED, 0x28, 0xC1, 0xD0, 0x07, 
    0x16, 0xCA, 0xDB, 0xB3, 0x62, 0x02, 0x51, 0x01, 0x00, 0x00, 0x16, 0x84, 
    0xD0, 0x8F, 0xE4, 0x16, 0x30, 0x46, 0xE0, 0xD5, 0x02, 0x52, 0x01, 0x00, 
    0x80, 0x4D, 0x80, 0x28, 0x02, 0x53, 0x01, 0x00, 0x00, 0x28, 0x02, 0x54, 
    0x01, 0x00, 0x00, 0x25, 0x16, 0x7B, 0x71, 0x66, 0xCF, 0x16, 0x83, 0x2C, 
    0x07, 0x2D, 0x02, 0x55, 0x01, 0x00, 0x00, 0x16, 0x91, 0x72, 0x1E, 0x0B, 
    0x16, 0xA4, 0x9B, 0x54, 0x98, 0x07, 0x2D, 0x16, 0x64, 0x0F, 0xB6, 0xEB, 
    0x16, 0xED, 0x24, 0x0D, 0x8F, 0x07, 0x1A, 0x80, 0xB1, 0x00, 0x00, 0x00, 
    0x02, 0x56, 0x01, 0x00, 0x00, 0x26, 0x02, 0x59, 0x01, 0x00, 0x80, 0x2D, 
    0x80, 0x16, 0x91, 0x72, 0x1E, 0x0B, 0x16, 0xA4, 0x9B, 0x54, 0x98, 0x07, 
    0x2D, 0x16, 0x64, 0x0F, 0xB6, 0xEB, 0x16, 0xED, 0x24, 0x0D, 0x8F, 0x07, 
    0x1A, 0x9A, 0x99, 0x99, 0x3E, 0x02, 0x5A, 0x01, 0x00, 0x00, 0x28, 0x02, 
    0x5B, 0x01, 0x00, 0x00, 0x16, 0x0C, 0x67, 0x92, 0x7E, 0x80, 0xBD, 0x01, 
    0x0B, 0x1A, 0x4F, 0x07, 0x16, 0xEB, 0x8A, 0x35, 0x4B, 0x16, 0xBB, 0x5A, 
    0x13, 0xD6, 0x07, 0x80, 0xE5, 0x97, 0x18, 0x98, 0x85, 0x16, 0xD6, 0xA8, 
    0x21, 0x73, 0x07, 0x2D, 0x16, 0xD6, 0xA8, 0x21, 0x73, 0x16, 0x77, 0xE6, 
    0x04, 0x13, 0x02, 0x5F, 0x01, 0x00, 0x00, 0x80, 0x65, 0x81, 0x1A, 0x7C, 
    0x11, 0x82, 0x17, 0x0A, 0x00, 0x00, 0x00, 0x16, 0xC5, 0x76, 0x91, 0x01, 
    0x02, 0x64, 0x01, 0x00, 0x00, 0x25, 0x16, 0x71, 0xDC, 0x27, 0x76, 0x16, 
    0x8B, 0x50, 0x77, 0x90, 0x02, 0x69, 0x01, 0x00, 0x00, 0x28, 0x02, 0x6A, 
    0x01, 0x00, 0x00, 0x25, 0x16, 0x7B, 0x71, 0x66, 0xCF, 0x16, 0x40, 0xAA, 
    0xEE, 0x1A, 0x02, 0x6C, 0x01, 0x00, 0x00, 0x16, 0x55, 0xB8, 0x59, 0xAD, 
    0x16, 0x38, 0x58, 0x74, 0xC4, 0x07, 0x1B, 0x0E, 0x00, 0x00, 0x00, 0x53, 
    0x70, 0x65, 0x63, 0x69, 0x61, 0x6C, 0x20, 0x47, 0x72, 0x69, 0x6E, 0x64, 
    0x00, 0x02, 0x6D, 0x01, 0x84, 0xA9, 0x28, 0x02, 0x6E, 0x01, 0x00, 0x00, 
    0x16, 0x7B, 0x9E, 0x0C, 0x2C, 0x80, 0x8D, 0x35, 0x3B, 0xF9, 0x68, 0x80, 
    0x81, 0x73, 0x8C, 0xB1, 0xBC, 0xE2, 0x2E, 0x4B, 0x2D, 0x16, 0xF9, 0x81, 
    0xDC, 0xA1, 0x02, 0x74, 0x01, 0x80, 0x99, 0x00, 0x16, 0xD2, 0x8F, 0x3A, 
    0xCB, 0x2D, 0x80, 0x85, 0xAE, 0xC8, 0x80, 0xA9, 0xCD, 0x02, 0x75, 0x01, 
    0x00, 0x00, 0x16, 0x5C, 0x8D, 0x2E, 0xF3, 0x80, 0x01, 0x80, 0xB0, 0x0B, 
    0x15, 0xC2, 0x02, 0x76, 0x01, 0x00, 0x00, 0x16, 0xF3, 0xA7, 0x3E, 0x60, 
    0x02, 0x7F, 0x01, 0x00, 0x00, 0x25, 0x16, 0x7B, 0x71, 0x66, 0xCF, 0x16, 
    0x9F, 0x6E, 0xB5, 0xD7, 0x02, 0x81, 0x01, 0x80, 0xA9, 0x00, 0x16, 0xAA, 
    0x1B, 0x01, 0x65, 0x02, 0x82, 0x01, 0x00, 0x00, 0x80, 0x8D, 0x57, 0xE4, 
    0x69, 0x00, 0x80, 0x81, 0x83, 0x8C, 0xF1, 0x44, 0xA6, 0xF3, 0xE0, 0x02, 
    0x84, 0x01, 0x00, 0x00, 0x16, 0xEC, 0x6A, 0xC8, 0x68, 0x17, 0x00, 0x00, 
    0x00, 0x00, 0x02, 0x85, 0x01, 0x00, 0x00, 0x28, 0x02, 0x86, 0x01, 0x00, 
    0x80, 0x81, 0x25, 0x80, 0x8D, 0x7B, 0x71, 0x66, 0xCF, 0x80, 0x8D, 0xEA, 
    0x4A, 0xDB, 0x23, 0x80, 0x81, 0x87, 0x8C, 0xED, 0x91, 0x72, 0x1E, 0x0B, 
    0x16, 0xA4, 0x9B, 0x54, 0x98, 0x07, 0x2D, 0x16, 0xA4, 0x9B, 0x54, 0x98, 
    0x16, 0x6C, 0x2E, 0x79, 0x4F, 0x16, 0x09, 0xFE, 0x09, 0xFE, 0x02, 0x88, 
    0x80, 0x31, 0x80, 0x00, 0x00, 0x26, 0x02, 0x89, 0x01, 0x00, 0x00, 0x16, 
    0x91, 0x72, 0x1E, 0x0B, 0x16, 0xA4, 0x9B, 0x54, 0x98, 0x07, 0x2D, 0x16, 
    0xA4, 0x9B, 0x54, 0x98, 0x16, 0x03, 0x12, 0x94, 0x6D, 0x16, 0x9C, 0x37, 
    0x95, 0xD0, 0x07, 0x16, 0xBF, 0xEA, 0xA9, 0x79, 0x02, 0x8A, 0x01, 0x00, 
    0x80, 0x99, 0x28, 0x02, 0x8B, 0x01, 0x00, 0x00, 0x25, 0x80, 0xE5, 0x46, 
    0x96, 0x0F, 0x1A, 0x05, 0x16, 0xA6, 0xFD, 0x14, 0xB9, 0x16, 0xEB, 0xBD, 
    0x91, 0x83, 0x16, 0x5F, 0xF0, 0x96, 0x78, 0x06, 0x02, 0x8F, 0x01, 0x00, 
    0x00, 0x80, 0xC5, 0x1A, 0x7C, 0x11, 0x82, 0x1A, 0x00, 0x00, 0x80, 0x3E, 
    0x16, 0x19, 0xF6, 0x29, 0xD0, 0x02, 0x90, 0x01, 0x00, 0x80, 0x85, 0x28, 
    0x02, 0x80, 0xCD, 0x01, 0x00, 0x00, 0x25, 0x16, 0x7B, 0x71, 0x66, 0xCF, 
    0x16, 0x02, 0x51, 0x85, 0x6E, 0x02, 0x93, 0x01, 0x00, 0x00, 0x25, 0x80, 
    0x91, 0x71, 0xDC, 0x27, 0x76, 0x2D, 0x80, 0xBD, 0x02, 0x51, 0x85, 0x6E, 
    0x16, 0x1D, 0x29, 0x77, 0xF2, 0x07, 0x2D, 0x16, 0xF9, 0x81, 0xDC, 0xA1, 
    0x80, 0xB9, 0x8B, 0x50, 0x77, 0x90, 0x02, 0x95, 0x01, 0x00, 0x00, 0x26, 
    0x02, 0x96, 0x01, 0x00, 0x00, 0x80, 0xA5, 0x71, 0xDC, 0x27, 0x76, 0x2D, 
    0x16, 0x02, 0x51, 0x85, 0x6E, 0x80, 0x31, 0x83, 0x1D, 0x29, 0x77, 0xF2, 
    0x07, 0x2D, 0x16, 0xF9, 0x81, 0xDC, 0xA1, 0x02, 0x97, 0x01, 0x00, 0x00, 
    0x28, 0x02, 0x98, 0x01, 0x00, 0x00, 0x26, 0x02, 0x99, 0x01, 0x00, 0x00, 
    0x25, 0x16, 0x71, 0xDC, 0x27, 0x76, 0x16, 0x8B, 0x50, 0x77, 0x90, 0x02, 
    0x9B, 0x01, 0x00, 0x00, 0x28, 0x02, 0x9C, 0x01, 0x00, 0x00, 0x28, 0x02, 
    0x9D, 0x01, 0x00, 0x00, 0x25, 0x16, 0x7B, 0x71, 0x66, 0xCF, 0x16, 0x29, 
    0x4E, 0x62, 0xD6, 0x02, 0x9F, 0x01, 0x00, 0x00, 0x16, 0xD7, 0x4E, 0x14, 
    0x8C, 0x16, 0x29, 0x4E, 0x62, 0xD6, 0x07, 0x2D, 0x16, 0x29, 0x4E, 0x62, 
    0xD6, 0x02, 0xA0, 0x01, 0x00, 0x00, 0x28, 0x02, 0xA1, 0x01, 0x00, 0x00, 
    0x24, 0x02, 0xA2, 0x01, 0x00, 0x00, 0x23, 0x16, 0x44, 0x89, 0xB7, 0x8D, 
    0x16, 0x02, 0x27, 0x48, 0xE8, 0x07, 0x1C, 0x05, 0x00, 0x00, 0x00, 0x6E, 
    0x6F, 0x6E, 0x65, 0x00, 0x02, 0xA4, 0x01, 0x00, 0x00, 0x16, 0x36, 0xC1, 
    0x11, 0x36, 0x02, 0xA5, 0x01, 0x80, 0x21, 0x80, 0x00, 0x29, 0x16, 0xDF, 
    0x41, 0xC3, 0xEC, 0x07, 0x2D, 0x16, 0xDF, 0x41, 0xC3, 0xEC, 0x02, 0xA6, 
    0x01, 0x00, 0x00, 0x24, 0x02, 0xA7, 0x01, 0x00, 0x00, 0x23, 0x16, 0xD7, 
    0x4E, 0x14, 0x8C, 0x16, 0x32, 0xC3, 0x07, 0x4A, 0x07, 0x17, 0x3C, 0x00, 
    0x00, 0x80, 0x95, 0x02, 0xA9, 0x01, 0x00, 0x00, 0x25, 0x80, 0xCD, 0x46, 
    0x96, 0x0F, 0x1A, 0x05, 0x16, 0xB7, 0x4F, 0xDA, 0xCE, 0x16, 0xB0, 0xF7, 
    0x4A, 0x56, 0x06, 0x02, 0xAA, 0x01, 0x00, 0x80, 0x91, 0x20, 0x02, 0xAB, 
    0x01, 0x00, 0x80, 0x99, 0x25, 0x16, 0x14, 0x7D, 0x2E, 0x92, 0x2D, 0x80, 
    0x99, 0x29, 0x4E, 0x62, 0xD6, 0x02, 0xAC, 0x01, 0x84, 0x89, 0x16, 0x27, 
    0x15, 0x80, 0x91, 0x2B, 0x02, 0xAD, 0x01, 0x00, 0x80, 0x01, 0x80, 0x16, 
    0xB1, 0xB2, 0x51, 0x51, 0x16, 0xDB, 0x6B, 0x3B, 0x2E, 0x16, 0x14, 0x68, 
    0xA3, 0xF6, 0x07, 0x17, 0xC8, 0x00, 0x00, 0x00, 0x16, 0x26, 0x41, 0x60, 
    0xD8, 0x07, 0x30, 0x1F, 0x00, 0x00, 0x20, 0x42, 0x84, 0xBD, 0x70, 0x42, 
    0x02, 0xAE, 0x01, 0x00, 0x00, 0x16, 0x8B, 0x3B, 0x41, 0xA4, 0x03, 0x02, 
    0xAF, 0x01, 0x80, 0xC1, 0x00, 0x16, 0x3F, 0x7F, 0xA0, 0x79, 0x07, 0x1A, 
    0x00, 0x00, 0x00, 0x3F, 0x02, 0xB0, 0x01, 0x00, 0x00, 0x80, 0xB5, 0x33, 
    0xEB, 0xF9, 0x39, 0x07, 0x1A, 0x00, 0x00, 0x10, 0x41, 0x02, 0xB1, 0x01, 
    0x00, 0x80, 0x35, 0x80, 0x16, 0x31, 0xC7, 0xC5, 0x4A, 0x07, 0x1A, 0x00, 
    0x00, 0x40, 0x40, 0x02, 0xB2, 0x01, 0x00, 0x00, 0x16, 0x81, 0x88, 0x48, 
    0xFC, 0x07, 0x1A, 0xEC, 0x51, 0x24, 0x41, 0x02, 0xB3, 0x01, 0x00, 0x00, 
    0x16, 0x83, 0xA4, 0x74, 0x8F, 0x07, 0x1A, 0xA4, 0x70, 0xBD, 0x40, 0x02, 
    0xB4, 0x01, 0x84, 0xA5, 0x04, 0x02, 0xB5, 0x01, 0x00, 0x00, 0x28, 0x02, 
    0xB6, 0x01, 0x80, 0xA1, 0x00, 0x16, 0x1A, 0x7C, 0x11, 0x82, 0x17, 0x01, 
    0x00, 0x88, 0x9D, 0x32, 0xC3, 0x07, 0x4A, 0x02, 0xB7, 0x01, 0x00, 0x80, 
    0xA5, 0x21, 0x02, 0xB8, 0x01, 0x00, 0x00, 0x28, 0x02, 0xB9, 0x01, 0x80, 
    0x91, 0x00, 0x24, 0x02, 0xBA, 0x01, 0x80, 0x5D, 0x83, 0x00, 0x16, 0xBF, 
    0xEA, 0xA9, 0x79, 0x07, 0x03, 0x02, 0xBC, 0x01, 0x00, 0x00, 0x16, 0x26, 
    0x6A, 0x26, 0xFD, 0x07, 0x03, 0x1F, 0xCD, 0xCC, 0xCC, 0x3D, 0xCD, 0xCC, 
    0xCC, 0x3D, 0x16, 0xBE, 0xD5, 0xC9, 0x95, 0x04, 0x02, 0xBE, 0x01, 0x00, 
    0x00, 0x16, 0x9C, 0x3B, 0x2F, 0x64, 0x07, 0x03, 0x1F, 0x0A, 0xD7, 0x23, 
    0x3D, 0x0A, 0xD7, 0x23, 0x3D, 0x16, 0xBE, 0xD5, 0xC9, 0x95, 0x04, 0x02, 
    0xBF, 0x01, 0x00, 0x00, 0x16, 0x49, 0xFD, 0x43, 0x0F, 0x07, 0x03, 0x1F, 
    0xE0, 0x2D, 0x10, 0x3B, 0xE0, 0x2D, 0x10, 0x3B, 0x16, 0xBE, 0xD5, 0xC9, 
    0x95, 0x04, 0x02, 0xC0, 0x01, 0x00, 0x00, 0x16, 0xF3, 0xAC, 0x4A, 0x96, 
    0x07, 0x03, 0x1F, 0x89, 0xD2, 0xDE, 0x3A, 0x89, 0xD2, 0xDE, 0x3A, 0x16, 
    0xBE, 0xD5, 0xC9, 0x95, 0x04, 0x02, 0xC1, 0x01, 0x00, 0x00, 0x16, 0x24, 
    0x08, 0x0B, 0xF9, 0x07, 0x03, 0x1F, 0x00, 0x00, 0xC0, 0x3F, 0x00, 0x00, 
    0xC0, 0x3F, 0x16, 0xBE, 0xD5, 0xC9, 0x95, 0x04, 0x02, 0xC2, 0x01, 0x00, 
    0x00, 0x04, 0x02, 0xC4, 0x01, 0x80, 0xE5, 0x00, 0x23, 0x16, 0xCB, 0x1C, 
    0xB8, 0xCD, 0x02, 0xC6, 0x01, 0x00, 0x00, 0x25, 0x16, 0x7B, 0x71, 0x66, 
    0xCF, 0x16, 0xF0, 0x1A, 0x02, 0xA1, 0x02, 0xC7, 0x01, 0x80, 0x41, 0x80, 
    0x00, 0x26, 0x02, 0xC8, 0x01, 0x00, 0x00, 0x16, 0x51, 0x32, 0x81, 0xD5, 
    0x02, 0xC9, 0x01, 0x00, 0x00, 0x28, 0x02, 0xCA, 0x01, 0x00, 0x00, 0x25, 
    0x16, 0x17, 0x67, 0xB5, 0x3B, 0x16, 0xBA, 0x46, 0xAA, 0xAF, 0x02, 0xCB, 
    0x01, 0x00, 0x00, 0x16, 0x5C, 0x8D, 0x2E, 0xF3, 0x16, 0xB0, 0x0B, 0x15, 
    0xC2, 0x80, 0x81, 0xCC, 0x88, 0x29, 0x80, 0x28, 0x02, 0xCD, 0x01, 0x00, 
    0x00, 0x24, 0x02, 0xCE, 0x01, 0x00, 0x00, 0x23, 0x16, 0x35, 0x3B, 0xF9, 
    0x68, 0x02, 0xD0, 0x01, 0x00, 0x00, 0x25, 0x16, 0x7B, 0x71, 0x66, 0xCF, 
    0x16, 0xF0, 0x1A, 0x02, 0xA1, 0x02, 0xD1, 0x01, 0x00, 0x00, 0x26, 0x02, 
    0xD2, 0x01, 0x80, 0x81, 0x00, 0x80, 0xB1, 0x51, 0x32, 0x81, 0xD5, 0x02, 
    0xD3, 0x01, 0x00, 0x00, 0x28, 0x02, 0xD4, 0x01, 0x80, 0xD1, 0x00, 0x25, 
    0x16, 0x10, 0x8F, 0xEA, 0xBA, 0x16, 0x08, 0xD0, 0xE3, 0xC2, 0x07, 0x16, 
    0xEA, 0x0E, 0xAE, 0x48, 0x02, 0xD5, 0x01, 0x80, 0xFD, 0x00, 0x26, 0x02, 
    0xD6, 0x01, 0x00, 0x00, 0x16, 0x84, 0xD0, 0x8F, 0xE4, 0x16, 0xCA, 0xDB, 
    0xB3, 0x62, 0x02, 0xD7, 0x01, 0x00, 0x00, 0x16, 0x28, 0xC1, 0xD0, 0x07, 
    0x16, 0x30, 0x46, 0xE0, 0xD5, 0x80, 0x81, 0xD8, 0x88, 0x81, 0x28, 0x80, 
    0x81, 0xD9, 0x88, 0xC1, 0x24, 0x02, 0xDC, 0x01, 0x00, 0x00, 0x23, 0x16, 
    0xBA, 0x46, 0xAA, 0xAF, 0x02, 0xDF, 0x01, 0x00, 0x00, 0x80, 0x8D, 0x51, 
    0x32, 0x81, 0xD5, 0x80, 0x81, 0xE0, 0x88, 0xB5, 0x16, 0x0A, 0x5F, 0x8A, 
    0xDF, 0x16, 0x31, 0xC1, 0x4F, 0x11, 0x07, 0x17, 0x00, 0x00, 0x84, 0x75, 
    0x80, 0x16, 0xC6, 0x7F, 0x49, 0x9E, 0x07, 0x17, 0x00, 0x00, 0x00, 0x00, 
    0x02, 0xE1, 0x01, 0x00, 0x00, 0x16, 0x96, 0xBF, 0x8E, 0x94, 0x16, 0x04, 
    0x47, 0x9F, 0x43, 0x02, 0xE2, 0x01, 0x00, 0x00, 0x16, 0xCF, 0xEF, 0x1F, 
    0x90, 0x16, 0xEC, 0x8B, 0x72, 0xF8, 0x07, 0x16, 0xEF, 0x16, 0x2B, 0x53, 
    0x16, 0x90, 0xD8, 0xD2, 0xA6, 0x07, 0x16, 0x27, 0x2A, 0xFF, 0x57, 0x02, 
    0xE3, 0x01, 0x00, 0x80, 0x05, 0x80, 0x16, 0xCF, 0xEF, 0x1F, 0x90, 0x16, 
    0xEC, 0x8B, 0x72, 0xF8, 0x07, 0x16, 0x83, 0x9C, 0xE1, 0x5D, 0x16, 0x90, 
    0xD8, 0xD2, 0xA6, 0x07, 0x16, 0xEF, 0x09, 0x04, 0x88, 0x16, 0x0C, 0xF1, 
    0x31, 0x70, 0x07, 0x03, 0x80, 0xB9, 0x97, 0x18, 0x98, 0x85, 0x04, 0x02, 
    0xE4, 0x01, 0x00, 0x00, 0x16, 0xCF, 0xEF, 0x1F, 0x90, 0x80, 0x8D, 0xEC, 
    0x8B, 0x72, 0xF8, 0x80, 0x1D, 0x83, 0x16, 0x12, 0x27, 0x37, 0x51, 0x16, 
    0x90, 0xD8, 0xD2, 0xA6, 0x07, 0x16, 0xEF, 0x09, 0x04, 0x88, 0x16, 0x0C, 
    0xF1, 0x31, 0x70, 0x07, 0x03, 0x16, 0xEB, 0x8A, 0x35, 0x4B, 0x04, 0x02, 
    0xE5, 0x01, 0x00, 0x00, 0x16, 0x25, 0x8F, 0xD5, 0x09, 0x02, 0xE6, 0x01, 
    0x00, 0x00, 0x25, 0x16, 0x7B, 0x71, 0x66, 0xCF, 0x16, 0x03, 0xA4, 0xA3, 
    0x65, 0x02, 0xE7, 0x01, 0x00, 0x00, 0x16, 0x91, 0x72, 0x1E, 0x0B, 0x16, 
    0xA4, 0x9B, 0x54, 0x98, 0x07, 0x2D, 0x16, 0x03, 0xA4, 0xA3, 0x65, 0x16, 
    0xED, 0x24, 0x0D, 0x8F, 0x07, 0x1A, 0xCD, 0xCC, 0xCC, 0x3D, 0x16, 0x15, 
    0xD5, 0xCF, 0xF8, 0x02, 0xE8, 0x01, 0x00, 0x00, 0x26, 0x02, 0xE9, 0x01, 
    0x00, 0x00, 0x25, 0x16, 0x7B, 0x71, 0x66, 0xCF, 0x16, 0xB7, 0x7D, 0x3F, 
    0x0E, 0x02, 0xEA, 0x01, 0x00, 0x00, 0x25, 0x16, 0x7B, 0x71, 0x66, 0xCF, 
    0x16, 0x9A, 0xA3, 0x48, 0x9E, 0x02, 0xEB, 0x01, 0x00, 0x00, 0x80, 0xD1, 
    0x91, 0x72, 0x1E, 0x0B, 0x16, 0xA4, 0x9B, 0x54, 0x98, 0x07, 0x2D, 0x16, 
    0xB7, 0x7D, 0x3F, 0x0E, 0x16, 0x15, 0xD5, 0xCF, 0xF8, 0x80, 0xB1, 0xED, 
    0x24, 0x0D, 0x8F, 0x07, 0x1A, 0xCD, 0xCC, 0xCC, 0x3D, 0x02, 0xEC, 0x01, 
    0x80, 0xAD, 0x00, 0x26, 0x02, 0xED, 0x01, 0x00, 0x00, 0x16, 0x91, 0x72, 
    0x1E, 0x0B, 0x80, 0x65, 0x82, 0xA4, 0x9B, 0x54, 0x98, 0x07, 0x2D, 0x16, 
    0xB7, 0x7D, 0x3F, 0x0E, 0x16, 0xED, 0x24, 0x0D, 0x8F, 0x07, 0x1A, 0xCD, 
    0xCC, 0xCC, 0x3D, 0x02, 0xEE, 0x01, 0x00, 0x00, 0x28, 0x02, 0xEF, 0x01, 
    0x00, 0x00, 0x26, 0x02, 0xF0, 0x01, 0x00, 0x00, 0x16, 0x91, 0x72, 0x1E, 
    0x0B, 0x16, 0xA4, 0x9B, 0x54, 0x98, 0x07, 0x2D, 0x16, 0x64, 0x0F, 0xB6, 
    0xEB, 0x16, 0xED, 0x24, 0x0D, 0x8F, 0x07, 0x1A, 0xCD, 0xCC, 0xCC, 0x3D, 
    0x16, 0x15, 0xD5, 0xCF, 0xF8, 0x02, 0xF1, 0x01, 0x00, 0x00, 0x28, 0x02, 
    0xF2, 0x01, 0x00, 0x00, 0x28, 0x02, 0xF3, 0x01, 0x00, 0x00, 0x25, 0x16, 
    0x7B, 0x71, 0x66, 0xCF, 0x16, 0x44, 0xA6, 0xF3, 0xE0, 0x02, 0xF4, 0x01, 
    0x00, 0x00, 0x16, 0xEC, 0x6A, 0xC8, 0x68, 0x17, 0x00, 0x00, 0x00, 0x00, 
    0x02, 0xF5, 0x01, 0x00, 0x00, 0x16, 0x69, 0x80, 0xDD, 0xE9, 0x63, 0x02, 
    0xF6, 0x01, 0x00, 0x00, 0x28, 0x02, 0xF7, 0x01, 0x00, 0x00, 0x25, 0x16, 
    0x7B, 0x71, 0x66, 0xCF, 0x16, 0x20, 0x1B, 0xA1, 0xEB, 0x80, 0x81, 0xF8, 
    0x8C, 0x09, 0x80, 0x0E, 0xC6, 0xE8, 0x2D, 0x1B, 0x1B, 0x00, 0x00, 0x00, 
    0x66, 0x6C, 0x69, 0x70, 0x70, 0x69, 0x6E, 0x67, 0x2E, 0x2E, 0x2E, 0x2E, 
    0x2E, 0x2E, 0x2E, 0x2E, 0x2E, 0x2E, 0x2E, 0x2E, 0x2E, 0x2E, 0x2E, 0x2E, 
    0x2E, 0x2E, 0x80, 0xD5, 0x02, 0xF9, 0x01, 0x00, 0x00, 0x16, 0x20, 0x1B, 
    0xA1, 0xEB, 0x02, 0xFA, 0x01, 0x00, 0x00, 0x28, 0x02, 0xFB, 0x01, 0x00, 
    0x00, 0x16, 0x80, 0x79, 0x81, 0xA7, 0x3E, 0x60, 0x02, 0xFC, 0x01, 0x00, 
    0x00, 0x16, 0x7F, 0xA3, 0x9F, 0xAD, 0x16, 0xF7, 0x89, 0x3C, 0xCF, 0x02, 
    0xFD, 0x01, 0x00, 0x00, 0x24, 0x02, 0xFE, 0x01, 0x00, 0x00, 0x23, 0x16, 
    0xF8, 0x5B, 0x22, 0x9F, 0x16, 0xF9, 0x81, 0xDC, 0xA1, 0x07, 0x1C, 0x09, 
    0x00, 0x00, 0x00, 0x42, 0x53, 0x20, 0x35, 0x30, 0x2D, 0x35, 0x30, 0x00, 
    0x02, 0x0B, 0x02, 0x00, 0x00, 0x16, 0x6F, 0xD8, 0x5E, 0x25, 0x03, 0x16, 
    0xF9, 0x81, 0xDC, 0xA1, 0x07, 0x2D, 0x16, 0xF9, 0x81, 0xDC, 0xA1, 0x16, 
    0xAE, 0xC8, 0x66, 0xCD, 0x07, 0x17, 0x64, 0x00, 0x00, 0x00, 0x16, 0x64, 
    0x0F, 0xB6, 0xEB, 0x07, 0x80, 0xB9, 0xBB, 0x8D, 0x71, 0x6E, 0x16, 0xA4, 
    0x9B, 0x54, 0x98, 0x07, 0x16, 0xA6, 0xFD, 0x14, 0xB9, 0x80, 0x25, 0x81, 
    0xD6, 0xA8, 0x21, 0x73, 0x07, 0x16, 0x6F, 0xD8, 0x5E, 0x25, 0x16, 0x83, 
    0x2C, 0x07, 0x2D, 0x07, 0x2D, 0x16, 0x83, 0x2C, 0x07, 0x2D, 0x02, 0x0C, 
    0x02, 0x00, 0x00, 0x16, 0x42, 0x44, 0xE2, 0xA7, 0x07, 0x16, 0xC2, 0x23, 
    0x2B, 0xE6, 0x16, 0x02, 0x51, 0x85, 0x6E, 0x07, 0x16, 0x42, 0x25, 0xA4, 
    0x24, 0x16, 0xA0, 0xAC, 0x16, 0x7A, 0x07, 0x2D, 0x16, 0xA0, 0xAC, 0x16, 
    0x7A, 0x04, 0x02, 0x0D, 0x02, 0x00, 0x00, 0x24, 0x02, 0x0E, 0x02, 0x00, 
    0x00, 0x23, 0x80, 0x8D, 0xFC, 0x9E, 0x4E, 0xFB, 0x80, 0x8D, 0xF9, 0x81, 
    0xDC, 0xA1, 0x80, 0x85, 0x1C, 0x09, 0x88, 0x2D, 0x83, 0x46, 0x53, 0x20, 
    0x35, 0x30, 0x2D, 0x35, 0x30, 0x00, 0x02, 0x10, 0x02, 0x00, 0x00, 0x16, 
    0x6F, 0xD8, 0x5E, 0x25, 0x03, 0x16, 0xF9, 0x81, 0xDC, 0xA1, 0x07, 0x2D, 
    0x16, 0xF9, 0x81, 0xDC, 0xA1, 0x16, 0xAE, 0xC8, 0x66, 0xCD, 0x07, 0x17, 
    0x64, 0x00, 0x00, 0x00, 0x16, 0x64, 0x0F, 0xB6, 0xEB, 0x07, 0x16, 0xBB, 
    0x8D, 0x71, 0x6E, 0x16, 0xA4, 0x9B, 0x54, 0x98, 0x07, 0x16, 0xA6, 0xFD, 
    0x14, 0xB9, 0x16, 0xD6, 0xA8, 0x21, 0x73, 0x07, 0x16, 0x6F, 0xD8, 0x5E, 
    0x25, 0x16, 0x83, 0x2C, 0x07, 0x2D, 0x07, 0x2D, 0x16, 0x83, 0x2C, 0x07, 
    0x2D, 0x02, 0x11, 0x02, 0x00, 0x00, 0x16, 0x42, 0x44, 0xE2, 0xA7, 0x07, 
    0x16, 0xC2, 0x23, 0x2B, 0xE6, 0x16, 0x02, 0x51, 0x85, 0x6E, 0x07, 0x16, 
    0x46, 0xE0, 0xC8, 0x40, 0x16, 0xA0, 0xAC, 0x16, 0x7A, 0x07, 0x2D, 0x16, 
    0xA0, 0xAC, 0x16, 0x7A, 0x04, 0x02, 0x12, 0x02, 0x00, 0x00, 0x24, 0x02, 
    0x13, 0x02, 0x00, 0x00, 0x23, 0x80, 0xB9, 0xE8, 0x2B, 0xB8, 0x63, 0x02, 
    0x15, 0x02, 0x00, 0x00, 0x16, 0x65, 0x0C, 0xDE, 0xD9, 0x02, 0x80, 0x09, 
    0x80, 0x02, 0x00, 0x00, 0x16, 0x69, 0x3F, 0xE9, 0x63, 0x02, 0x17, 0x02, 
    0x00, 0x00, 0x16, 0x7F, 0xA3, 0x9F, 0xAD, 0x16, 0xF8, 0x5B, 0x22, 0x9F, 
    0x16, 0x0C, 0xF1, 0x31, 0x70, 0x07, 0x03, 0x16, 0x83, 0x2C, 0x07, 0x2D, 
    0x80, 0x9D, 0x16, 0x56, 0xCA, 0x18, 0x8A, 0x04, 0x02, 0x18, 0x80, 0xBD, 
    0x00, 0x00, 0x24, 0x02, 0x19, 0x02, 0x00, 0x00, 0x23, 0x16, 0xFE, 0x69, 
    0x29, 0xF8, 0x02, 0x1B, 0x80, 0xAD, 0x00, 0x00, 0x16, 0x65, 0x0C, 0xDE, 
    0xD9, 0x02, 0x1C, 0x02, 0x00, 0x00, 0x80, 0x15, 0x80, 0x69, 0x3F, 0xE9, 
    0x63, 0x02, 0x1D, 0x02, 0x00, 0x00, 0x16, 0x7F, 0xA3, 0x9F, 0xAD, 0x16, 
    0xFC, 0x9E, 0x4E, 0xFB, 0x16, 0x0C, 0xF1, 0x31, 0x70, 0x07, 0x03, 0x16, 
    0x83, 0x2C, 0x07, 0x2D, 0x07, 0x16, 0x56, 0xCA, 0x18, 0x8A, 0x04, 0x80, 
    0x99, 0x1E, 0x02, 0x00, 0x00, 0x24, 0x02, 0x1F, 0x80, 0x01, 0x80, 0x00, 
    0x00, 0x23, 0x16, 0x20, 0xFE, 0x51, 0x7D, 0x16, 0xF9, 0x81, 0xDC, 0xA1, 
    0x07, 0x1C, 0x0E, 0x00, 0x00, 0x00, 0x46, 0x53, 0x20, 0x42, 0x6F, 0x61, 
    0x72, 0x64, 0x73, 0x6C, 0x69, 0x64, 0x65, 0x00, 0x80, 0x81, 0x22, 0x88, 
    0x95, 0x16, 0xF3, 0xAD, 0x76, 0xC8, 0x02, 0x80, 0xF1, 0x02, 0x00, 0x00, 
    0x16, 0x6F, 0xD8, 0x5E, 0x25, 0x03, 0x16, 0xF9, 0x81, 0xDC, 0xA1, 0x07, 
    0x2D, 0x16, 0xF9, 0x81, 0xDC, 0xA1, 0x16, 0xAE, 0xC8, 0x66, 0xCD, 0x07, 
    0x17, 0xC8, 0x80, 0x21, 0x80, 0x00, 0x00, 0x16, 0x60, 0x97, 0x73, 0x64, 
    0x07, 0x17, 0x0E, 0x00, 0x00, 0x00, 0x16, 0x64, 0x0F, 0xB6, 0xEB, 0x07, 
    0x16, 0x1D, 0x78, 0x8C, 0x62, 0x16, 0xA4, 0x9B, 0x54, 0x98, 0x07, 0x16, 
    0x6B, 0x32, 0x8D, 0x77, 0x16, 0xB7, 0x7D, 0x3F, 0x0E, 0x07, 0x80, 0x8D, 
    0x70, 0x96, 0x06, 0xA0, 0x80, 0x8D, 0xD6, 0xA8, 0x21, 0x73, 0x80, 0x6D, 
    0x80, 0x16, 0x9D, 0x11, 0x10, 0x8D, 0x16, 0x83, 0x2C, 0x07, 0x2D, 0x07, 
    0x16, 0x56, 0xCA, 0x18, 0x8A, 0x02, 0x24, 0x02, 0x00, 0x00, 0x16, 0x42, 
    0x44, 0xE2, 0xA7, 0x07, 0x16, 0x7C, 0x27, 0xD5, 0x5C, 0x16, 0x02, 0x51, 
    0x85, 0x6E, 0x07, 0x16, 0x8F, 0x9C, 0xF8, 0x69, 0x16, 0xA0, 0xAC, 0x16, 
    0x7A, 0x07, 0x2D, 0x16, 0xA0, 0xAC, 0x16, 0x7A, 0x04, 0x02, 0x25, 0x02, 
    0x00, 0x80, 0x51, 0x84, 0x24, 0x02, 0x26, 0x02, 0x00, 0x00, 0x23, 0x16, 
    0x24, 0x3B, 0x3D, 0x19, 0x16, 0xF9, 0x81, 0xDC, 0xA1, 0x07, 0x1C, 0x0E, 
    0x00, 0x00, 0x00, 0x42, 0x53, 0x20, 0x42, 0x6F, 0x61, 0x72, 0x64, 0x73, 
    0x6C, 0x69, 0x64, 0x65, 0x00, 0x02, 0x28, 0x02, 0x00, 0x00, 0x16, 0x6F, 
    0xD8, 0x5E, 0x25, 0x03, 0x16, 0xF9, 0x81, 0xDC, 0xA1, 0x07, 0x2D, 0x16, 
    0xF9, 0x81, 0xDC, 0xA1, 0x16, 0xAE, 0xC8, 0x66, 0xCD, 0x07, 0x17, 0xC8, 
    0x00, 0x00, 0x00, 0x16, 0x60, 0x97, 0x73, 0x64, 0x07, 0x17, 0x0E, 0x00, 
    0x00, 0x00, 0x16, 0x64, 0x0F, 0xB6, 0xEB, 0x07, 0x16, 0x62, 0x43, 0x8A, 
    0x61, 0x16, 0xA4, 0x9B, 0x54, 0x98, 0x07, 0x16, 0x6D, 0xE5, 0x25, 0x7C, 
    0x16, 0xB7, 0x7D, 0x3F, 0x0E, 0x07, 0x16, 0xF7, 0xDA, 0x37, 0x74, 0x16, 
    0xD6, 0xA8, 0x21, 0x73, 0x07, 0x16, 0x9D, 0x11, 0x10, 0x8D, 0x16, 0x83, 
    0x2C, 0x07, 0x2D, 0x07, 0x16, 0x56, 0xCA, 0x18, 0x8A, 0x02, 0x29, 0x02, 
    0x00, 0x00, 0x16, 0x42, 0x44, 0xE2, 0xA7, 0x07, 0x16, 0x7C, 0x27, 0xD5, 
    0x5C, 0x16, 0x02, 0x51, 0x85, 0x6E, 0x07, 0x16, 0x83, 0xCD, 0x14, 0x34, 
    0x16, 0xA0, 0xAC, 0x16, 0x7A, 0x07, 0x2D, 0x16, 0xA0, 0xAC, 0x16, 0x7A, 
    0x04, 0x02, 0x2A, 0x02, 0x00, 0x80, 0x35, 0x80, 0x24, 0x02, 0x2B, 0x02, 
    0x00, 0x00, 0x23, 0x16, 0x0C, 0x7C, 0xE3, 0x21, 0x16, 0xF9, 0x81, 0xDC, 
    0xA1, 0x07, 0x1C, 0x0C, 0x00, 0x00, 0x00, 0x46, 0x53, 0x20, 0x4C, 0x69, 
    0x70, 0x73, 0x6C, 0x69, 0x64, 0x65, 0x00, 0x02, 0x2D, 0x02, 0x00, 0x00, 
    0x16, 0x6F, 0xD8, 0x5E, 0x25, 0x03, 0x80, 0x8D, 0xF9, 0x81, 0xDC, 0xA1, 
    0x80, 0x45, 0x80, 0x2D, 0x16, 0xF9, 0x81, 0xDC, 0xA1, 0x16, 0xAE, 0xC8, 
    0x66, 0xCD, 0x07, 0x17, 0xC8, 0x00, 0x00, 0x00, 0x16, 0x60, 0x97, 0x73, 
    0x64, 0x07, 0x17, 0x0E, 0x00, 0x00, 0x00, 0x16, 0x64, 0x0F, 0xB6, 0xEB, 
    0x07, 0x16, 0xB9, 0x14, 0x18, 0x2D, 0x16, 0xA4, 0x9B, 0x54, 0x98, 0x07, 
    0x16, 0x6D, 0xE5, 0x25, 0x7C, 0x80, 0x2D, 0x81, 0xB7, 0x7D, 0x3F, 0x0E, 
    0x07, 0x16, 0xF7, 0xDA, 0x37, 0x74, 0x16, 0xD6, 0xA8, 0x21, 0x73, 0x07, 
    0x16, 0x9D, 0x11, 0x10, 0x8D, 0x16, 0x83, 0x2C, 0x07, 0x2D, 0x07, 0x16, 
    0x56, 0xCA, 0x18, 0x8A, 0x02, 0x2E, 0x02, 0x00, 0x00, 0x16, 0x42, 0x44, 
    0xE2, 0xA7, 0x07, 0x16, 0x7C, 0x27, 0xD5, 0x5C, 0x16, 0x02, 0x51, 0x85, 
    0x6E, 0x07, 0x16, 0x8F, 0x9C, 0xF8, 0x69, 0x16, 0xA0, 0xAC, 0x16, 0x7A, 
    0x07, 0x2D, 0x16, 0xA0, 0xAC, 0x16, 0x7A, 0x04, 0x02, 0x2F, 0x02, 0x00, 
    0x80, 0x79, 0x80, 0x24, 0x02, 0x30, 0x02, 0x00, 0x00, 0x23, 0x16, 0x08, 
    0xB9, 0x8F, 0x45, 0x16, 0xF9, 0x81, 0xDC, 0xA1, 0x07, 0x1C, 0x0C, 0x00, 
    0x00, 0x00, 0x42, 0x53, 0x20, 0x4C, 0x69, 0x70, 0x73, 0x6C, 0x69, 0x64, 
    0x65, 0x00, 0x02, 0x32, 0x02, 0x00, 0x00, 0x16, 0xF3, 0xAD, 0x76, 0xC8, 
    0x02, 0x33, 0x02, 0x00, 0x00, 0x16, 0x6F, 0xD8, 0x5E, 0x25, 0x03, 0x16, 
    0xF9, 0x81, 0xDC, 0xA1, 0x07, 0x2D, 0x80, 0xB9, 0xF9, 0x81, 0xDC, 0xA1, 
    0x16, 0xAE, 0xC8, 0x66, 0xCD, 0x07, 0x17, 0xC8, 0x00, 0x00, 0x00, 0x80, 
    0xA5, 0x60, 0x97, 0x73, 0x64, 0x07, 0x17, 0x0E, 0x00, 0x00, 0x00, 0x80, 
    0x05, 0x82, 0x64, 0x0F, 0xB6, 0xEB, 0x07, 0x16, 0xC3, 0xB4, 0xF3, 0x24, 
    0x16, 0xA4, 0x9B, 0x54, 0x98, 0x07, 0x16, 0x6B, 0x32, 0x8D, 0x77, 0x16, 
    0xB7, 0x7D, 0x3F, 0x0E, 0x07, 0x16, 0x70, 0x96, 0x06, 0xA0, 0x16, 0xD6, 
    0xA8, 0x21, 0x73, 0x07, 0x16, 0x9D, 0x11, 0x10, 0x8D, 0x16, 0x83, 0x2C, 
    0x07, 0x2D, 0x07, 0x16, 0x56, 0xCA, 0x18, 0x8A, 0x02, 0x34, 0x02, 0x00, 
    0x00, 0x16, 0x42, 0x44, 0xE2, 0xA7, 0x07, 0x16, 0x7C, 0x27, 0xD5, 0x5C, 
    0x16, 0x02, 0x51, 0x85, 0x6E, 0x07, 0x16, 0x83, 0xCD, 0x14, 0x34, 0x16, 
    0xA0, 0xAC, 0x16, 0x7A, 0x07, 0x2D, 0x16, 0xA0, 0xAC, 0x16, 0x7A, 0x04, 
    0x02, 0x35, 0x02, 0x00, 0x80, 0x25, 0x80, 0x24, 0x02, 0x36, 0x02, 0x00, 
    0x00, 0x23, 0x16, 0x94, 0xC4, 0x4A, 0x2D, 0x02, 0x39, 0x02, 0x00, 0x00, 
    0x25, 0x16, 0x7B, 0x1B, 0x37, 0xBE, 0x02, 0x3A, 0x02, 0x00, 0x00, 0x16, 
    0x7F, 0xA3, 0x9F, 0xAD, 0x16, 0x84, 0xE7, 0xE7, 0x92, 0x16, 0x0C, 0xF1, 
    0x31, 0x80, 0xA1, 0x07, 0x03, 0x16, 0xA0, 0xAC, 0x16, 0x7A, 0x07, 0x2D, 
    0x80, 0xE5, 0xA0, 0xAC, 0x16, 0x7A, 0x04, 0x02, 0x3B, 0x02, 0x00, 0x00, 
    0x26, 0x02, 0x3C, 0x02, 0x00, 0x00, 0x16, 0x7F, 0xA3, 0x9F, 0xAD, 0x16, 
    0xF0, 0x0C, 0x60, 0x9C, 0x80, 0x19, 0x81, 0x0C, 0xF1, 0x31, 0x70, 0x07, 
    0x03, 0x16, 0xA0, 0xAC, 0x16, 0x7A, 0x07, 0x2D, 0x16, 0xA0, 0xAC, 0x16, 
    0x7A, 0x04, 0x02, 0x3D, 0x02, 0x00, 0x00, 0x28, 0x02, 0x3E, 0x02, 0x00, 
    0x00, 0x24, 0x02, 0x3F, 0x02, 0x00, 0x00, 0x23, 0x16, 0xF0, 0x0C, 0x60, 
    0x9C, 0x16, 0xF9, 0x81, 0xDC, 0xA1, 0x07, 0x1C, 0x0D, 0x00, 0x00, 0x00, 
    0x46, 0x53, 0x20, 0x54, 0x61, 0x69, 0x6C, 0x73, 0x6C, 0x69, 0x64, 0x65, 
    0x00, 0x02, 0x41, 0x02, 0x00, 0x00, 0x80, 0x45, 0x80, 0x6F, 0xD8, 0x5E, 
    0x25, 0x03, 0x16, 0xF9, 0x81, 0xDC, 0xA1, 0x07, 0x2D, 0x16, 0xF9, 0x81, 
    0xDC, 0xA1, 0x16, 0xAE, 0xC8, 0x66, 0xCD, 0x07, 0x17, 0x96, 0x00, 0x00, 
    0x00, 0x16, 0x60, 0x97, 0x73, 0x64, 0x07, 0x17, 0x0B, 0x00, 0x00, 0x00, 
    0x16, 0x64, 0x0F, 0xB6, 0xEB, 0x07, 0x16, 0x17, 0x46, 0xDE, 0x8F, 0x80, 
    0xE9, 0xA4, 0x9B, 0x54, 0x98, 0x07, 0x16, 0x86, 0xF4, 0x2A, 0x54, 0x16, 
    0xB7, 0x7D, 0x3F, 0x0E, 0x07, 0x16, 0x7D, 0xDC, 0x28, 0xB0, 0x16, 0xD6, 
    0xA8, 0x21, 0x73, 0x07, 0x80, 0x8D, 0x9D, 0x11, 0x10, 0x8D, 0x80, 0x8D, 
    0x83, 0x2C, 0x07, 0x2D, 0x80, 0x0D, 0x80, 0x2D, 0x16, 0x83, 0x2C, 0x07, 
    0x2D, 0x02, 0x42, 0x02, 0x00, 0x00, 0x16, 0x42, 0x44, 0xE2, 0xA7, 0x07, 
    0x16, 0xC2, 0x23, 0x2B, 0xE6, 0x16, 0x02, 0x51, 0x85, 0x6E, 0x07, 0x16, 
    0x8B, 0xB9, 0xC4, 0x30, 0x16, 0xA0, 0xAC, 0x80, 0xAD, 0x7A, 0x07, 0x2D, 
    0x16, 0xA0, 0xAC, 0x16, 0x7A, 0x04, 0x02, 0x43, 0x02, 0x84, 0xC5, 0x24, 
    0x02, 0x44, 0x02, 0x00, 0x00, 0x23, 0x16, 0x90, 0x01, 0x26, 0x49, 0x02, 
    0x46, 0x02, 0x00, 0x00, 0x25, 0x80, 0xE5, 0x7B, 0x1B, 0x37, 0xBE, 0x02, 
    0x47, 0x02, 0x00, 0x00, 0x16, 0x7F, 0xA3, 0x9F, 0xAD, 0x16, 0x44, 0x41, 
    0x67, 0x67, 0x16, 0x0C, 0xF1, 0x31, 0x70, 0x07, 0x03, 0x80, 0x8D, 0xA0, 
    0xAC, 0x16, 0x7A, 0x80, 0xED, 0x2D, 0x16, 0xA0, 0xAC, 0x16, 0x7A, 0x04, 
    0x02, 0x48, 0x02, 0x00, 0x00, 0x26, 0x02, 0x49, 0x02, 0x00, 0x00, 0x16, 
    0x7F, 0xA3, 0x9F, 0xAD, 0x16, 0x30, 0xAA, 0xE0, 0x69, 0x80, 0x19, 0x81, 
    0x0C, 0xF1, 0x31, 0x70, 0x07, 0x03, 0x16, 0xA0, 0xAC, 0x16, 0x7A, 0x07, 
    0x2D, 0x16, 0xA0, 0xAC, 0x16, 0x7A, 0x04, 0x02, 0x4A, 0x02, 0x00, 0x00, 
    0x28, 0x02, 0x4B, 0x02, 0x00, 0x00, 0x24, 0x02, 0x4C, 0x02, 0x00, 0x00, 
    0x23, 0x16, 0x30, 0xAA, 0xE0, 0x69, 0x16, 0xF9, 0x81, 0xDC, 0xA1, 0x07, 
    0x1C, 0x0D, 0x00, 0x00, 0x00, 0x42, 0x53, 0x20, 0x54, 0x61, 0x69, 0x6C, 
    0x73, 0x6C, 0x69, 0x64, 0x65, 0x00, 0x02, 0x4E, 0x02, 0x00, 0x00, 0x80, 
    0x45, 0x80, 0x6F, 0xD8, 0x5E, 0x25, 0x03, 0x16, 0xF9, 0x81, 0xDC, 0xA1, 
    0x07, 0x2D, 0x16, 0xF9, 0x81, 0xDC, 0xA1, 0x16, 0xAE, 0xC8, 0x66, 0xCD, 
    0x07, 0x17, 0x96, 0x00, 0x00, 0x00, 0x16, 0x60, 0x97, 0x73, 0x64, 0x07, 
    0x17, 0x0B, 0x00, 0x00, 0x00, 0x16, 0x64, 0x0F, 0xB6, 0xEB, 0x07, 0x16, 
    0x06, 0x67, 0x1E, 0x2F, 0x80, 0xE9, 0xA4, 0x9B, 0x54, 0x98, 0x07, 0x16, 
    0x31, 0xE1, 0x69, 0x68, 0x16, 0xB7, 0x7D, 0x3F, 0x0E, 0x07, 0x16, 0x1E, 
    0xB9, 0x54, 0x3A, 0x16, 0xD6, 0xA8, 0x21, 0x73, 0x07, 0x80, 0x8D, 0x9D, 
    0x11, 0x10, 0x8D, 0x80, 0x8D, 0x83, 0x2C, 0x07, 0x2D, 0x80, 0x0D, 0x80, 
    0x2D, 0x16, 0x83, 0x2C, 0x07, 0x2D, 0x02, 0x4F, 0x02, 0x00, 0x00, 0x16, 
    0x42, 0x44, 0xE2, 0xA7, 0x07, 0x16, 0x08, 0x1A, 0x0C, 0x26, 0x16, 0x02, 
    0x51, 0x85, 0x6E, 0x07, 0x16, 0x8F, 0x7C, 0xA8, 0x54, 0x16, 0xA0, 0xAC, 
    0x80, 0xAD, 0x7A, 0x07, 0x2D, 0x16, 0xA0, 0xAC, 0x16, 0x7A, 0x04, 0x02, 
    0x50, 0x02, 0x84, 0x69, 0x80, 0x24, 0x02, 0x51, 0x02, 0x00, 0x00, 0x23, 
    0x16, 0x91, 0xAF, 0x4C, 0x6C, 0x02, 0x53, 0x02, 0x00, 0x00, 0x16, 0x65, 
    0x0C, 0xDE, 0xD9, 0x02, 0x54, 0x02, 0x00, 0x00, 0x16, 0x69, 0x3F, 0xE9, 
    0x63, 0x02, 0x55, 0x02, 0x00, 0x00, 0x16, 0x7F, 0xA3, 0x9F, 0xAD, 0x16, 
    0x90, 0x01, 0x26, 0x49, 0x16, 0x0C, 0xF1, 0x31, 0x70, 0x07, 0x03, 0x16, 
    0x83, 0x2C, 0x07, 0x2D, 0x80, 0x9D, 0x16, 0x56, 0xCA, 0x18, 0x8A, 0x04, 
    0x02, 0x56, 0x80, 0xBD, 0x00, 0x00, 0x24, 0x02, 0x57, 0x02, 0x00, 0x00, 
    0x23, 0x16, 0x87, 0xED, 0xDD, 0xF7, 0x02, 0x59, 0x80, 0xAD, 0x00, 0x00, 
    0x16, 0x65, 0x0C, 0xDE, 0xD9, 0x02, 0x5A, 0x02, 0x00, 0x00, 0x80, 0x15, 
    0x80, 0x69, 0x3F, 0xE9, 0x63, 0x02, 0x5B, 0x02, 0x00, 0x00, 0x16, 0x7F, 
    0xA3, 0x9F, 0xAD, 0x16, 0x94, 0xC4, 0x4A, 0x2D, 0x16, 0x0C, 0xF1, 0x31, 
    0x70, 0x07, 0x03, 0x16, 0x83, 0x2C, 0x07, 0x2D, 0x07, 0x16, 0x56, 0xCA, 
    0x18, 0x8A, 0x04, 0x80, 0x99, 0x5C, 0x02, 0x00, 0x00, 0x24, 0x02, 0x5D, 
    0x80, 0xB5, 0x00, 0x00, 0x23, 0x16, 0x75, 0x4D, 0x3C, 0x05, 0x02, 0x5F, 
    0x02, 0x00, 0x00, 0x25, 0x80, 0x31, 0x80, 0x7B, 0x1B, 0x37, 0xBE, 0x02, 
    0x60, 0x02, 0x00, 0x00, 0x16, 0x7F, 0xA3, 0x9F, 0xAD, 0x16, 0x30, 0xAA, 
    0xE0, 0x69, 0x16, 0x0C, 0xF1, 0x31, 0x70, 0x07, 0x03, 0x16, 0xA0, 0xAC, 
    0x16, 0x7A, 0x07, 0x2D, 0x16, 0xA0, 0xAC, 0x16, 0x7A, 0x04, 0x02, 0x61, 
    0x02, 0x00, 0x00, 0x26, 0x80, 0x81, 0x62, 0x8C, 0xA1, 0x7F, 0xA3, 0x9F, 
    0xAD, 0x16, 0x44, 0x41, 0x67, 0x67, 0x80, 0xA1, 0x0C, 0xF1, 0x31, 0x70, 
    0x07, 0x03, 0x16, 0xA0, 0xAC, 0x80, 0x95, 0x7A, 0x07, 0x2D, 0x16, 0xA0, 
    0xAC, 0x80, 0x55, 0x80, 0x7A, 0x04, 0x02, 0x63, 0x02, 0x00, 0x00, 0x28, 
    0x02, 0x64, 0x02, 0x00, 0x00, 0x24, 0x02, 0x65, 0x02, 0x00, 0x00, 0x23, 
    0x16, 0x44, 0x41, 0x67, 0x67, 0x16, 0xF9, 0x81, 0xDC, 0xA1, 0x07, 0x1C, 
    0x0D, 0x00, 0x00, 0x00, 0x46, 0x53, 0x20, 0x4E, 0x6F, 0x73, 0x65, 0x73, 
    0x6C, 0x69, 0x64, 0x65, 0x00, 0x02, 0x67, 0x02, 0x00, 0x00, 0x80, 0x45, 
    0x80, 0x6F, 0xD8, 0x5E, 0x25, 0x03, 0x16, 0xF9, 0x81, 0xDC, 0xA1, 0x07, 
    0x2D, 0x16, 0xF9, 0x81, 0xDC, 0xA1, 0x16, 0xAE, 0xC8, 0x66, 0xCD, 0x07, 
    0x17, 0x96, 0x00, 0x00, 0x00, 0x16, 0x60, 0x97, 0x73, 0x64, 0x07, 0x17, 
    0x0B, 0x00, 0x00, 0x00, 0x16, 0x64, 0x0F, 0xB6, 0xEB, 0x07, 0x16, 0x82, 
    0x0E, 0x1B, 0x47, 0x80, 0xE9, 0xA4, 0x9B, 0x54, 0x98, 0x07, 0x16, 0x32, 
    0xB9, 0x2D, 0xAF, 0x16, 0xD6, 0xA8, 0x21, 0x73, 0x07, 0x16, 0x9D, 0x11, 
    0x10, 0x8D, 0x16, 0x2C, 0xEF, 0x7B, 0xDE, 0x07, 0x80, 0x8D, 0x56, 0xCA, 
    0x18, 0x8A, 0x80, 0x8D, 0xB7, 0x7D, 0x3F, 0x0E, 0x80, 0xD1, 0x16, 0x1A, 
    0x78, 0x0D, 0x67, 0x16, 0x83, 0x2C, 0x07, 0x2D, 0x07, 0x2D, 0x16, 0x83, 
    0x2C, 0x07, 0x2D, 0x02, 0x68, 0x02, 0x00, 0x80, 0x15, 0x80, 0x16, 0x42, 
    0x44, 0xE2, 0xA7, 0x07, 0x16, 0x08, 0x1A, 0x0C, 0x26, 0x16, 0x02, 0x51, 
    0x85, 0x6E, 0x07, 0x16, 0xEC, 0x1D, 0xE1, 0xE7, 0x16, 0xA0, 0xAC, 0x16, 
    0x7A, 0x07, 0x2D, 0x16, 0xA0, 0xAC, 0x16, 0x7A, 0x04, 0x02, 0x69, 0x02, 
    0x84, 0x99, 0x24, 0x02, 0x6A, 0x02, 0x00, 0x00, 0x23, 0x80, 0xA5, 0x71, 
    0x88, 0x50, 0x61, 0x02, 0x6C, 0x02, 0x00, 0x00, 0x25, 0x80, 0xE5, 0x7B, 
    0x1B, 0x37, 0xBE, 0x02, 0x6D, 0x02, 0x00, 0x00, 0x16, 0x7F, 0xA3, 0x9F, 
    0xAD, 0x16, 0xF0, 0x0C, 0x60, 0x9C, 0x16, 0x0C, 0xF1, 0x31, 0x70, 0x07, 
    0x03, 0x80, 0x8D, 0xA0, 0xAC, 0x16, 0x7A, 0x80, 0xED, 0x2D, 0x16, 0xA0, 
    0xAC, 0x16, 0x7A, 0x04, 0x02, 0x6E, 0x02, 0x00, 0x00, 0x26, 0x02, 0x6F, 
    0x02, 0x00, 0x00, 0x16, 0x7F, 0xA3, 0x9F, 0xAD, 0x16, 0x84, 0xE7, 0xE7, 
    0x92, 0x80, 0x19, 0x81, 0x0C, 0xF1, 0x31, 0x70, 0x07, 0x03, 0x16, 0xA0, 
    0xAC, 0x16, 0x7A, 0x07, 0x2D, 0x16, 0xA0, 0xAC, 0x16, 0x7A, 0x04, 0x02, 
    0x70, 0x02, 0x00, 0x00, 0x28, 0x02, 0x71, 0x02, 0x00, 0x00, 0x24, 0x02, 
    0x72, 0x02, 0x00, 0x00, 0x23, 0x16, 0x84, 0xE7, 0xE7, 0x92, 0x16, 0xF9, 
    0x81, 0xDC, 0xA1, 0x07, 0x1C, 0x0D, 0x00, 0x00, 0x00, 0x42, 0x53, 0x20, 
    0x4E, 0x6F, 0x73, 0x65, 0x73, 0x6C, 0x69, 0x64, 0x65, 0x00, 0x02, 0x74, 
    0x02, 0x00, 0x00, 0x80, 0x45, 0x80, 0x6F, 0xD8, 0x5E, 0x25, 0x03, 0x16, 
    0xF9, 0x81, 0xDC, 0xA1, 0x07, 0x2D, 0x16, 0xF9, 0x81, 0xDC, 0xA1, 0x16, 
    0xAE, 0xC8, 0x66, 0xCD, 0x07, 0x17, 0x96, 0x00, 0x00, 0x00, 0x16, 0x60, 
    0x97, 0x73, 0x64, 0x07, 0x17, 0x0B, 0x00, 0x00, 0x00, 0x16, 0x64, 0x0F, 
    0xB6, 0xEB, 0x07, 0x16, 0x93, 0x2F, 0xDB, 0xE7, 0x80, 0xE9, 0xA4, 0x9B, 
    0x54, 0x98, 0x07, 0x16, 0x85, 0xAC, 0x6E, 0x93, 0x16, 0xB7, 0x7D, 0x3F, 
    0x0E, 0x07, 0x16, 0x79, 0x1D, 0x71, 0xED, 0x16, 0xD6, 0xA8, 0x21, 0x73, 
    0x07, 0x80, 0x8D, 0x9D, 0x11, 0x10, 0x8D, 0x80, 0x8D, 0x2C, 0xEF, 0x7B, 
    0xDE, 0x80, 0xD1, 0x16, 0x56, 0xCA, 0x18, 0x8A, 0x16, 0x83, 0x2C, 0x07, 
    0x2D, 0x07, 0x2D, 0x16, 0x83, 0x2C, 0x07, 0x2D, 0x02, 0x75, 0x02, 0x00, 
    0x80, 0x15, 0x80, 0x16, 0x42, 0x44, 0xE2, 0xA7, 0x07, 0x16, 0xC2, 0x23, 
    0x2B, 0xE6, 0x16, 0x02, 0x51, 0x85, 0x6E, 0x07, 0x16, 0xE8, 0xD8, 0x8D, 
    0x83, 0x16, 0xA0, 0xAC, 0x16, 0x7A, 0x07, 0x2D, 0x16, 0xA0, 0xAC, 0x16, 
    0x7A, 0x04, 0x02, 0x76, 0x02, 0x84, 0x99, 0x24, 0x02, 0x77, 0x02, 0x00, 
    0x00, 0x23, 0x80, 0x49, 0x80, 0x49, 0xDF, 0xBB, 0xA0, 0x02, 0x79, 0x02, 
    0x00, 0x00, 0x16, 0x65, 0x0C, 0xDE, 0xD9, 0x02, 0x7A, 0x02, 0x00, 0x00, 
    0x16, 0x69, 0x3F, 0xE9, 0x63, 0x02, 0x7B, 0x02, 0x00, 0x00, 0x16, 0x7F, 
    0xA3, 0x9F, 0xAD, 0x16, 0x71, 0x88, 0x50, 0x61, 0x16, 0x0C, 0xF1, 0x31, 
    0x70, 0x07, 0x03, 0x16, 0x83, 0x2C, 0x07, 0x2D, 0x80, 0x9D, 0x16, 0x56, 
    0xCA, 0x18, 0x8A, 0x04, 0x02, 0x7C, 0x80, 0xBD, 0x00, 0x00, 0x24, 0x02, 
    0x7D, 0x02, 0x00, 0x00, 0x23, 0x16, 0x5F, 0x9D, 0x2A, 0x3B, 0x02, 0x7F, 
    0x80, 0xAD, 0x00, 0x00, 0x16, 0x65, 0x0C, 0xDE, 0xD9, 0x02, 0x80, 0x02, 
    0x00, 0x00, 0x80, 0x15, 0x80, 0x69, 0x3F, 0xE9, 0x63, 0x02, 0x81, 0x02, 
    0x00, 0x00, 0x16, 0x7F, 0xA3, 0x9F, 0xAD, 0x16, 0x75, 0x4D, 0x3C, 0x05, 
    0x16, 0x0C, 0xF1, 0x31, 0x70, 0x07, 0x03, 0x16, 0x83, 0x2C, 0x07, 0x2D, 
    0x07, 0x16, 0x56, 0xCA, 0x18, 0x8A, 0x04, 0x80, 0x99, 0x82, 0x02, 0x00, 
    0x00, 0x24, 0x02, 0x83, 0x80, 0x0D, 0x80, 0x00, 0x00, 0x23, 0x16, 0xF3, 
    0xEA, 0x20, 0x38, 0x16, 0xF9, 0x81, 0xDC, 0xA1, 0x07, 0x1C, 0x0D, 0x00, 
    0x00, 0x00, 0x46, 0x53, 0x20, 0x4E, 0x6F, 0x73, 0x65, 0x67, 0x72, 0x69, 
    0x6E, 0x64, 0x00, 0x02, 0x86, 0x02, 0x00, 0x80, 0xC5, 0x16, 0x6F, 0xD8, 
    0x5E, 0x25, 0x03, 0x16, 0xF9, 0x81, 0xDC, 0xA1, 0x07, 0x2D, 0x16, 0xF9, 
    0x81, 0xDC, 0xA1, 0x80, 0x99, 0xAE, 0xC8, 0x66, 0xCD, 0x07, 0x17, 0x64, 
    0x84, 0x35, 0x80, 0x00, 0x16, 0x64, 0x0F, 0xB6, 0xEB, 0x07, 0x16, 0x61, 
    0xE6, 0x95, 0x4F, 0x16, 0xA4, 0x9B, 0x54, 0x98, 0x07, 0x16, 0xEB, 0xBD, 
    0x91, 0x83, 0x16, 0xD6, 0xA8, 0x21, 0x73, 0x07, 0x16, 0x6F, 0xD8, 0x5E, 
    0x25, 0x16, 0x2C, 0xEF, 0x7B, 0xDE, 0x07, 0x16, 0x56, 0xCA, 0x18, 0x8A, 
    0x16, 0x80, 0xF5, 0x2C, 0x07, 0x2D, 0x07, 0x2D, 0x16, 0x83, 0x2C, 0x07, 
    0x2D, 0x02, 0x87, 0x02, 0x00, 0x00, 0x16, 0x42, 0x44, 0xE2, 0xA7, 0x07, 
    0x16, 0xC2, 0x23, 0x2B, 0xE6, 0x16, 0x02, 0x51, 0x85, 0x80, 0xB1, 0x07, 
    0x16, 0xEC, 0x1D, 0xE1, 0xE7, 0x16, 0xA0, 0xAC, 0x16, 0x7A, 0x07, 0x2D, 
    0x80, 0xD5, 0xA0, 0xAC, 0x16, 0x7A, 0x04, 0x02, 0x88, 0x02, 0x00, 0x00, 
    0x24, 0x02, 0x89, 0x02, 0x00, 0x00, 0x23, 0x16, 0xF7, 0x2F, 0x4C, 0x5C, 
    0x80, 0x8D, 0xF9, 0x81, 0xDC, 0xA1, 0x80, 0x3D, 0x81, 0x1C, 0x0D, 0x00, 
    0x00, 0x00, 0x42, 0x53, 0x20, 0x4E, 0x6F, 0x73, 0x65, 0x67, 0x72, 0x69, 
    0x6E, 0x64, 0x00, 0x02, 0x8B, 0x02, 0x00, 0x00, 0x16, 0x6F, 0xD8, 0x5E, 
    0x25, 0x03, 0x16, 0xF9, 0x81, 0xDC, 0xA1, 0x07, 0x2D, 0x16, 0xF9, 0x81, 
    0xDC, 0xA1, 0x16, 0xAE, 0xC8, 0x66, 0xCD, 0x07, 0x17, 0x64, 0x00, 0x00, 
    0x00, 0x16, 0x64, 0x0F, 0xB6, 0xEB, 0x07, 0x16, 0x61, 0xE6, 0x95, 0x4F, 
    0x16, 0xA4, 0x9B, 0x54, 0x98, 0x07, 0x16, 0xEB, 0xBD, 0x91, 0x83, 0x16, 
    0xD6, 0xA8, 0x21, 0x73, 0x07, 0x80, 0x39, 0x80, 0x6F, 0xD8, 0x5E, 0x25, 
    0x16, 0x2C, 0xEF, 0x7B, 0xDE, 0x07, 0x16, 0x56, 0xCA, 0x18, 0x8A, 0x16, 
    0x83, 0x2C, 0x07, 0x2D, 0x07, 0x2D, 0x16, 0x83, 0x2C, 0x07, 0x2D, 0x02, 
    0x8C, 0x02, 0x00, 0x00, 0x16, 0x42, 0x44, 0xE2, 0xA7, 0x07, 0x16, 0xC2, 
    0x23, 0x2B, 0xE6, 0x16, 0x02, 0x51, 0x85, 0x80, 0xB1, 0x07, 0x16, 0xE8, 
    0xD8, 0x8D, 0x83, 0x16, 0xA0, 0xAC, 0x16, 0x7A, 0x07, 0x2D, 0x80, 0x11, 
    0x81, 0xA0, 0xAC, 0x16, 0x7A, 0x04, 0x02, 0x8D, 0x02, 0x00, 0x00, 0x24, 
    0x02, 0x8E, 0x02, 0x00, 0x00, 0x23, 0x16, 0x11, 0x2E, 0x30, 0x91, 0x02, 
    0x90, 0x02, 0x00, 0x00, 0x16, 0x65, 0x0C, 0xDE, 0xD9, 0x02, 0x92, 0x02, 
    0x00, 0x00, 0x16, 0x69, 0x3F, 0xE9, 0x63, 0x02, 0x93, 0x02, 0x00, 0x00, 
    0x16, 0x7F, 0xA3, 0x9F, 0xAD, 0x16, 0xCE, 0x6C, 0xBC, 0x96, 0x16, 0x0C, 
    0xF1, 0x31, 0x70, 0x07, 0x03, 0x16, 0x83, 0x2C, 0x07, 0x2D, 0x80, 0x9D, 
    0x16, 0x56, 0xCA, 0x18, 0x8A, 0x04, 0x02, 0x94, 0x80, 0xBD, 0x00, 0x00, 
    0x24, 0x02, 0x95, 0x02, 0x00, 0x00, 0x23, 0x16, 0x07, 0x6C, 0xA1, 0x0A, 
    0x02, 0x97, 0x80, 0xAD, 0x00, 0x00, 0x16, 0x65, 0x0C, 0xDE, 0xD9, 0x02, 
    0x99, 0x02, 0x00, 0x00, 0x80, 0x15, 0x80, 0x69, 0x3F, 0xE9, 0x63, 0x02, 
    0x9A, 0x02, 0x00, 0x00, 0x16, 0x7F, 0xA3, 0x9F, 0xAD, 0x16, 0xCA, 0xA9, 
    0xD0, 0xF2, 0x16, 0x0C, 0xF1, 0x31, 0x70, 0x07, 0x03, 0x16, 0x83, 0x2C, 
    0x07, 0x2D, 0x07, 0x16, 0x56, 0xCA, 0x18, 0x8A, 0x04, 0x80, 0x99, 0x9B, 
    0x02, 0x00, 0x00, 0x24, 0x02, 0x9C, 0x80, 0x3D, 0x80, 0x00, 0x00, 0x23, 
    0x16, 0xCE, 0x6C, 0xBC, 0x96, 0x16, 0xF9, 0x81, 0xDC, 0xA1, 0x07, 0x1C, 
    0x07, 0x00, 0x00, 0x00, 0x46, 0x53, 0x20, 0x35, 0x2D, 0x30, 0x00, 0x02, 
    0x9F, 0x02, 0x00, 0x00, 0x16, 0x6F, 0xD8, 0x5E, 0x25, 0x03, 0x16, 0xF9, 
    0x81, 0xDC, 0xA1, 0x07, 0x2D, 0x16, 0xF9, 0x81, 0xDC, 0x80, 0x69, 0x80, 
    0x16, 0xAE, 0xC8, 0x66, 0xCD, 0x07, 0x17, 0x64, 0x00, 0x00, 0x00, 0x16, 
    0x64, 0x0F, 0xB6, 0xEB, 0x07, 0x16, 0xF4, 0xAE, 0x50, 0x87, 0x16, 0xA4, 
    0x9B, 0x54, 0x98, 0x07, 0x16, 0x5F, 0xF0, 0x96, 0x78, 0x16, 0xD6, 0xA8, 
    0x21, 0x73, 0x07, 0x16, 0x6F, 0xD8, 0x5E, 0x25, 0x16, 0x83, 0x2C, 0x07, 
    0x2D, 0x07, 0x2D, 0x16, 0x83, 0x2C, 0x07, 0x2D, 0x02, 0xA0, 0x02, 0x80, 
    0x99, 0x00, 0x16, 0x42, 0x44, 0xE2, 0xA7, 0x07, 0x80, 0x8D, 0xC2, 0x23, 
    0x2B, 0xE6, 0x80, 0x8D, 0x02, 0x51, 0x85, 0x6E, 0x80, 0xF5, 0x16, 0x8B, 
    0xB9, 0xC4, 0x30, 0x16, 0xA0, 0xAC, 0x16, 0x7A, 0x07, 0x2D, 0x16, 0xA0, 
    0xAC, 0x16, 0x7A, 0x04, 0x02, 0xA1, 0x02, 0x00, 0x00, 0x24, 0x02, 0xA2, 
    0x02, 0x00, 0x00, 0x23, 0x80, 0x8D, 0xCA, 0xA9, 0xD0, 0xF2, 0x80, 0x8D, 
    0xF9, 0x81, 0xDC, 0xA1, 0x80, 0x85, 0x1C, 0x07, 0x88, 0x31, 0x81, 0x42, 
    0x53, 0x20, 0x35, 0x2D, 0x30, 0x00, 0x02, 0xA4, 0x02, 0x00, 0x00, 0x16, 
    0x6F, 0xD8, 0x5E, 0x25, 0x03, 0x16, 0xF9, 0x81, 0xDC, 0xA1, 0x07, 0x2D, 
    0x16, 0xF9, 0x81, 0xDC, 0xA1, 0x16, 0xAE, 0xC8, 0x66, 0xCD, 0x07, 0x17, 
    0x64, 0x00, 0x00, 0x00, 0x16, 0x64, 0x0F, 0xB6, 0xEB, 0x07, 0x16, 0xF4, 
    0xAE, 0x50, 0x87, 0x16, 0xA4, 0x9B, 0x54, 0x98, 0x07, 0x16, 0x5F, 0xF0, 
    0x96, 0x78, 0x16, 0xD6, 0xA8, 0x21, 0x73, 0x07, 0x16, 0x6F, 0xD8, 0x5E, 
    0x25, 0x16, 0x83, 0x2C, 0x84, 0xA5, 0x07, 0x2D, 0x16, 0x83, 0x2C, 0x07, 
    0x2D, 0x02, 0xA5, 0x02, 0x80, 0x99, 0x00, 0x16, 0x42, 0x44, 0xE2, 0xA7, 
    0x07, 0x80, 0x8D, 0xC2, 0x23, 0x2B, 0xE6, 0x80, 0x8D, 0x02, 0x51, 0x85, 
    0x6E, 0x80, 0xF5, 0x16, 0x8F, 0x7C, 0xA8, 0x54, 0x16, 0xA0, 0xAC, 0x16, 
    0x7A, 0x07, 0x2D, 0x16, 0xA0, 0xAC, 0x16, 0x7A, 0x04, 0x02, 0xA6, 0x02, 
    0x00, 0x00, 0x24, 0x02, 0xA7, 0x02, 0x00, 0x00, 0x23, 0x80, 0x49, 0x80, 
    0xB0, 0x60, 0xC2, 0x01, 0x02, 0xA9, 0x02, 0x00, 0x00, 0x16, 0x65, 0x0C, 
    0xDE, 0xD9, 0x02, 0xAB, 0x02, 0x00, 0x00, 0x16, 0x69, 0x3F, 0xE9, 0x63, 
    0x02, 0xAC, 0x02, 0x00, 0x00, 0x16, 0x7F, 0xA3, 0x9F, 0xAD, 0x16, 0xF7, 
    0x2F, 0x4C, 0x5C, 0x16, 0x0C, 0xF1, 0x31, 0x70, 0x07, 0x03, 0x16, 0x83, 
    0x2C, 0x07, 0x2D, 0x80, 0x9D, 0x16, 0x56, 0xCA, 0x18, 0x8A, 0x04, 0x02, 
    0xAD, 0x80, 0xBD, 0x00, 0x00, 0x24, 0x02, 0xAE, 0x02, 0x00, 0x00, 0x23, 
    0x16, 0xA6, 0x22, 0x53, 0x9A, 0x02, 0xB0, 0x80, 0xAD, 0x00, 0x00, 0x16, 
    0x65, 0x0C, 0xDE, 0xD9, 0x02, 0xB2, 0x02, 0x00, 0x00, 0x80, 0x15, 0x80, 
    0x69, 0x3F, 0xE9, 0x63, 0x02, 0xB3, 0x02, 0x00, 0x00, 0x16, 0x7F, 0xA3, 
    0x9F, 0xAD, 0x16, 0xF7, 0x2F, 0x4C, 0x5C, 0x16, 0x0C, 0xF1, 0x31, 0x70, 
    0x07, 0x03, 0x16, 0x83, 0x2C, 0x07, 0x2D, 0x07, 0x16, 0x56, 0xCA, 0x18, 
    0x8A, 0x04, 0x80, 0x99, 0xB4, 0x02, 0x00, 0x00, 0x24, 0x02, 0xB5, 0x80, 
    0x95, 0x00, 0x00, 0x23, 0x16, 0xF5, 0x3F, 0x80, 0x5D, 0x80, 0x1F, 0x16, 
    0xF9, 0x81, 0xDC, 0xA1, 0x07, 0x1C, 0x0B, 0x00, 0x00, 0x00, 0x46, 0x53, 
    0x20, 0x43, 0x72, 0x6F, 0x6F, 0x6B, 0x65, 0x64, 0x00, 0x02, 0xB9, 0x02, 
    0x00, 0x00, 0x16, 0x6F, 0xD8, 0x5E, 0x25, 0x03, 0x16, 0xF9, 0x81, 0xDC, 
    0xA1, 0x07, 0x2D, 0x16, 0xF9, 0x81, 0xDC, 0xA1, 0x16, 0xAE, 0xC8, 0x66, 
    0xCD, 0x07, 0x17, 0x7D, 0x00, 0x00, 0x80, 0xA1, 0x16, 0x60, 0x97, 0x73, 
    0x64, 0x07, 0x17, 0x09, 0x00, 0x88, 0xBD, 0x64, 0x0F, 0xB6, 0xEB, 0x07, 
    0x16, 0xD6, 0x07, 0x27, 0xD4, 0x16, 0xA4, 0x9B, 0x54, 0x98, 0x07, 0x80, 
    0x0D, 0x81, 0x49, 0xA1, 0xD7, 0xD7, 0x16, 0xD6, 0xA8, 0x21, 0x73, 0x07, 
    0x16, 0x6F, 0xD8, 0x5E, 0x25, 0x16, 0x2C, 0xEF, 0x7B, 0xDE, 0x07, 0x16, 
    0x56, 0xCA, 0x18, 0x8A, 0x16, 0x83, 0x2C, 0x07, 0x2D, 0x07, 0x2D, 0x16, 
    0x83, 0x2C, 0x07, 0x2D, 0x02, 0xBA, 0x02, 0x00, 0x00, 0x16, 0x42, 0x44, 
    0xE2, 0xA7, 0x07, 0x16, 0xC2, 0x23, 0x2B, 0xE6, 0x16, 0x02, 0x51, 0x85, 
    0x6E, 0x07, 0x16, 0xEC, 0x1D, 0xE1, 0xE7, 0x16, 0xA0, 0xAC, 0x80, 0xAD, 
    0x7A, 0x07, 0x2D, 0x16, 0xA0, 0xAC, 0x16, 0x7A, 0x04, 0x02, 0xBB, 0x02, 
    0x84, 0x69, 0x80, 0x24, 0x02, 0xBC, 0x02, 0x00, 0x00, 0x23, 0x16, 0x60, 
    0xC7, 0xBB, 0xE7, 0x02, 0xBE, 0x02, 0x00, 0x00, 0x16, 0xF3, 0xAD, 0x76, 
    0xC8, 0x02, 0xBF, 0x02, 0x00, 0x00, 0x16, 0x7F, 0xA3, 0x9F, 0xAD, 0x16, 
    0xF5, 0x3F, 0xA3, 0x1F, 0x02, 0xC0, 0x02, 0x00, 0x00, 0x24, 0x02, 0xC1, 
    0x02, 0x00, 0x00, 0x23, 0x16, 0xF1, 0xFA, 0xCF, 0x7B, 0x16, 0xF9, 0x81, 
    0xDC, 0xA1, 0x80, 0x65, 0x80, 0x1C, 0x0B, 0x00, 0x00, 0x00, 0x42, 0x53, 
    0x20, 0x43, 0x72, 0x6F, 0x6F, 0x6B, 0x65, 0x64, 0x00, 0x02, 0xC3, 0x02, 
    0x00, 0x00, 0x16, 0x6F, 0xD8, 0x5E, 0x25, 0x03, 0x16, 0xF9, 0x81, 0xDC, 
    0xA1, 0x07, 0x2D, 0x16, 0xF9, 0x81, 0xDC, 0xA1, 0x16, 0xAE, 0xC8, 0x66, 
    0xCD, 0x07, 0x17, 0x7D, 0x00, 0x00, 0x00, 0x16, 0x60, 0x97, 0x73, 0x64, 
    0x07, 0x17, 0x09, 0x80, 0x5D, 0x81, 0x00, 0x00, 0x16, 0x64, 0x0F, 0xB6, 
    0xEB, 0x07, 0x16, 0xDA, 0x56, 0xCB, 0x89, 0x16, 0xA4, 0x9B, 0x54, 0x98, 
    0x07, 0x16, 0x2A, 0xC4, 0xAB, 0x5D, 0x16, 0xD6, 0xA8, 0x21, 0x73, 0x07, 
    0x16, 0x6F, 0xD8, 0x5E, 0x25, 0x16, 0x2C, 0xEF, 0x7B, 0xDE, 0x07, 0x16, 
    0x56, 0xCA, 0x18, 0x8A, 0x16, 0x83, 0x2C, 0x07, 0x2D, 0x07, 0x2D, 0x16, 
    0x83, 0x2C, 0x07, 0x2D, 0x02, 0xC4, 0x02, 0x00, 0x00, 0x16, 0x42, 0x44, 
    0xE2, 0xA7, 0x07, 0x16, 0xC2, 0x23, 0x2B, 0xE6, 0x16, 0x02, 0x51, 0x85, 
    0x6E, 0x07, 0x16, 0xE8, 0xD8, 0x8D, 0x83, 0x16, 0xA0, 0xAC, 0x80, 0xAD, 
    0x7A, 0x07, 0x2D, 0x16, 0xA0, 0xAC, 0x16, 0x7A, 0x04, 0x02, 0xC5, 0x02, 
    0x84, 0xC5, 0x24, 0x02, 0xC6, 0x02, 0x00, 0x00, 0x23, 0x16, 0xE3, 0xBA, 
    0x2C, 0x11, 0x02, 0xC8, 0x02, 0x00, 0x00, 0x25, 0x80, 0x49, 0x80, 0x15, 
    0xD5, 0xCF, 0xF8, 0x02, 0xC9, 0x02, 0x00, 0x00, 0x16, 0x0E, 0xC6, 0xE8, 
    0x2D, 0x1B, 0x1A, 0x00, 0x00, 0x00, 0x49, 0x27, 0x6D, 0x20, 0x62, 0x61, 
    0x63, 0x6B, 0x77, 0x61, 0x72, 0x64, 0x73, 0x2E, 0x2E, 0x2E, 0x2E, 0x2E, 
    0x2E, 0x2E, 0x2E, 0x2E, 0x2E, 0x2E, 0x2E, 0x00, 0x02, 0xCA, 0x02, 0x00, 
    0x00, 0x28, 0x80, 0xDD, 0xCB, 0x02, 0x00, 0x00, 0x16, 0x65, 0x0C, 0xDE, 
    0xD9, 0x02, 0xCD, 0x02, 0x00, 0x00, 0x16, 0x69, 0x3F, 0xE9, 0x63, 0x02, 
    0xCE, 0x02, 0x00, 0x00, 0x80, 0xA1, 0x7F, 0xA3, 0x9F, 0xAD, 0x16, 0xF1, 
    0xFA, 0xCF, 0x7B, 0x80, 0xD5, 0x0C, 0xF1, 0x31, 0x70, 0x07, 0x03, 0x16, 
    0x83, 0x2C, 0x07, 0x2D, 0x07, 0x16, 0x56, 0xCA, 0x18, 0x8A, 0x04, 0x02, 
    0xD0, 0x02, 0x00, 0x80, 0x05, 0x81, 0x24, 0x02, 0xD1, 0x02, 0x00, 0x00, 
    0x23, 0x16, 0xF5, 0xF8, 0xBD, 0x8A, 0x02, 0xD3, 0x02, 0x00, 0x00, 0x16, 
    0x65, 0x0C, 0xDE, 0xD9, 0x02, 0xD4, 0x02, 0x00, 0x00, 0x16, 0x69, 0x3F, 
    0xE9, 0x63, 0x02, 0xD5, 0x02, 0x00, 0x00, 0x16, 0x7F, 0xA3, 0x9F, 0xAD, 
    0x16, 0xF5, 0x3F, 0xA3, 0x1F, 0x16, 0x0C, 0xF1, 0x31, 0x70, 0x07, 0x03, 
    0x16, 0x83, 0x2C, 0x07, 0x2D, 0x07, 0x16, 0x56, 0xCA, 0x18, 0x8A, 0x04, 
    0x80, 0x99, 0xD7, 0x02, 0x00, 0x00, 0x24, 0x02, 0xD8, 0x80, 0x6D, 0x81, 
    0x00, 0x00, 0x23, 0x16, 0xF7, 0x5E, 0xE4, 0xDC, 0x02, 0xDA, 0x02, 0x00, 
    0x00, 0x16, 0xF3, 0xAD, 0x76, 0xC8, 0x02, 0xDB, 0x02, 0x00, 0x00, 0x16, 
    0x0E, 0xC6, 0xE8, 0x2D, 0x1B, 0x31, 0x00, 0x00, 0x00, 0x66, 0x69, 0x78, 
    0x65, 0x64, 0x20, 0x69, 0x74, 0x20, 0x62, 0x69, 0x74, 0x63, 0x68, 0x65, 
    0x73, 0x2E, 0x2E, 0x2E, 0x2E, 0x2E, 0x2E, 0x2E, 0x2E, 0x2E, 0x2E, 0x2E, 
    0x2E, 0x2E, 0x2E, 0x2E, 0x2E, 0x2E, 0x2E, 0x2E, 0x2E, 0x2E, 0x2E, 0x2E, 
    0x2E, 0x2E, 0x2E, 0x2E, 0x2E, 0x2E, 0x2E, 0x2E, 0x2E, 0x00, 0x02, 0xDC, 
    0x02, 0x00, 0x00, 0x16, 0x7F, 0xA3, 0x9F, 0xAD, 0x80, 0xB5, 0xDB, 0x11, 
    0xEE, 0xD4, 0x02, 0xDD, 0x02, 0x00, 0x00, 0x24, 0x02, 0xDE, 0x02, 0x00, 
    0x80, 0xBD, 0x23, 0x16, 0xDB, 0x11, 0xEE, 0xD4, 0x16, 0xF9, 0x81, 0xDC, 
    0xA1, 0x07, 0x1C, 0x0D, 0x00, 0x00, 0x80, 0x8D, 0x46, 0x53, 0x20, 0x4F, 
    0x80, 0x15, 0x81, 0x65, 0x72, 0x63, 0x72, 0x6F, 0x6F, 0x6B, 0x00, 0x02, 
    0xE0, 0x02, 0x00, 0x00, 0x16, 0x6F, 0xD8, 0x5E, 0x25, 0x03, 0x16, 0xF9, 
    0x81, 0xDC, 0xA1, 0x07, 0x2D, 0x16, 0xF9, 0x81, 0xDC, 0xA1, 0x16, 0xAE, 
    0xC8, 0x66, 0xCD, 0x07, 0x17, 0x7D, 0x00, 0x00, 0x00, 0x16, 0x60, 0x97, 
    0x73, 0x64, 0x07, 0x17, 0x09, 0x00, 0x00, 0x00, 0x16, 0x64, 0x0F, 0xB6, 
    0xEB, 0x07, 0x16, 0x46, 0x94, 0xAE, 0xF9, 0x16, 0xA4, 0x9B, 0x54, 0x98, 
    0x07, 0x80, 0x8D, 0x93, 0xB7, 0x8E, 0x5B, 0x80, 0xBD, 0xD6, 0xA8, 0x21, 
    0x73, 0x07, 0x16, 0x6F, 0xD8, 0x5E, 0x25, 0x16, 0x2C, 0xEF, 0x7B, 0xDE, 
    0x07, 0x80, 0x8D, 0x56, 0xCA, 0x18, 0x8A, 0x80, 0x8D, 0x83, 0x2C, 0x07, 
    0x2D, 0x80, 0x0D, 0x80, 0x2D, 0x16, 0x83, 0x2C, 0x07, 0x2D, 0x02, 0xE1, 
    0x02, 0x00, 0x00, 0x16, 0x42, 0x44, 0xE2, 0xA7, 0x07, 0x16, 0xC2, 0x23, 
    0x2B, 0xE6, 0x16, 0x02, 0x51, 0x85, 0x6E, 0x07, 0x16, 0xEC, 0x1D, 0xE1, 
    0xE7, 0x16, 0xA0, 0xAC, 0x80, 0xAD, 0x7A, 0x07, 0x2D, 0x16, 0xA0, 0xAC, 
    0x16, 0x7A, 0x04, 0x02, 0xE2, 0x02, 0x84, 0xAD, 0x24, 0x02, 0xE3, 0x02, 
    0x00, 0x00, 0x23, 0x16, 0xDF, 0xD4, 0x82, 0xB0, 0x80, 0x8D, 0xF9, 0x81, 
    0xDC, 0xA1, 0x80, 0x3D, 0x81, 0x1C, 0x0D, 0x00, 0x00, 0x00, 0x42, 0x53, 
    0x20, 0x4F, 0x76, 0x65, 0x72, 0x63, 0x72, 0x6F, 0x6F, 0x6B, 0x00, 0x02, 
    0xE5, 0x02, 0x00, 0x00, 0x16, 0x6F, 0xD8, 0x5E, 0x25, 0x03, 0x16, 0xF9, 
    0x81, 0xDC, 0xA1, 0x07, 0x2D, 0x16, 0xF9, 0x81, 0xDC, 0xA1, 0x16, 0xAE, 
    0xC8, 0x66, 0xCD, 0x07, 0x17, 0x7D, 0x00, 0x00, 0x00, 0x16, 0x60, 0x97, 
    0x73, 0x64, 0x07, 0x17, 0x09, 0x00, 0x00, 0x00, 0x16, 0x64, 0x0F, 0xB6, 
    0xEB, 0x07, 0x16, 0xC4, 0xE7, 0x77, 0x49, 0x16, 0xA4, 0x9B, 0x54, 0x98, 
    0x07, 0x80, 0xD1, 0x5C, 0x90, 0x86, 0x28, 0x16, 0xD6, 0xA8, 0x21, 0x73, 
    0x07, 0x16, 0x6F, 0xD8, 0x5E, 0x25, 0x16, 0x2C, 0xEF, 0x7B, 0xDE, 0x07, 
    0x80, 0x8D, 0x56, 0xCA, 0x18, 0x8A, 0x80, 0x8D, 0x83, 0x2C, 0x07, 0x2D, 
    0x80, 0x0D, 0x80, 0x2D, 0x16, 0x83, 0x2C, 0x07, 0x2D, 0x02, 0xE6, 0x02, 
    0x00, 0x00, 0x16, 0x42, 0x44, 0xE2, 0xA7, 0x07, 0x16, 0xC2, 0x23, 0x2B, 
    0xE6, 0x16, 0x02, 0x51, 0x85, 0x6E, 0x07, 0x16, 0xE8, 0xD8, 0x8D, 0x83, 
    0x16, 0xA0, 0xAC, 0x80, 0xAD, 0x7A, 0x07, 0x2D, 0x16, 0xA0, 0xAC, 0x16, 
    0x7A, 0x04, 0x02, 0xE7, 0x02, 0x84, 0x35, 0x80, 0x24, 0x02, 0xE8, 0x02, 
    0x00, 0x00, 0x23, 0x16, 0x74, 0x23, 0x73, 0x2A, 0x02, 0xEA, 0x02, 0x00, 
    0x00, 0x16, 0x65, 0x0C, 0xDE, 0xD9, 0x02, 0xEC, 0x02, 0x00, 0x00, 0x16, 
    0x7F, 0xA3, 0x9F, 0xAD, 0x16, 0xDF, 0xD4, 0x82, 0xB0, 0x16, 0x0C, 0xF1, 
    0x31, 0x70, 0x07, 0x03, 0x16, 0x83, 0x80, 0x15, 0x80, 0x07, 0x2D, 0x07, 
    0x16, 0x56, 0xCA, 0x18, 0x8A, 0x04, 0x02, 0xED, 0x02, 0x00, 0x00, 0x24, 
    0x02, 0xEE, 0x02, 0x00, 0x00, 0x23, 0x16, 0x62, 0x61, 0xE2, 0xB1, 0x02, 
    0xF0, 0x02, 0x00, 0x00, 0x16, 0x65, 0x0C, 0xDE, 0xD9, 0x02, 0xF2, 0x80, 
    0xAD, 0x00, 0x00, 0x16, 0x7F, 0xA3, 0x9F, 0xAD, 0x16, 0xDB, 0x11, 0xEE, 
    0xD4, 0x80, 0x95, 0x0C, 0xF1, 0x31, 0x70, 0x07, 0x03, 0x80, 0xC9, 0x83, 
    0x2C, 0x07, 0x2D, 0x07, 0x16, 0x56, 0xCA, 0x18, 0x8A, 0x04, 0x02, 0xF3, 
    0x02, 0x00, 0x00, 0x24, 0x02, 0xF4, 0x80, 0x5D, 0x83, 0x00, 0x00, 0x23, 
    0x16, 0x24, 0x5D, 0xC0, 0x77, 0x16, 0xF9, 0x81, 0xDC, 0xA1, 0x07, 0x1C, 
    0x09, 0x00, 0x00, 0x00, 0x46, 0x53, 0x20, 0x53, 0x6D, 0x69, 0x74, 0x68, 
    0x00, 0x02, 0xF7, 0x02, 0x00, 0x00, 0x16, 0x6F, 0xD8, 0x5E, 0x25, 0x03, 
    0x16, 0xF9, 0x81, 0xDC, 0xA1, 0x07, 0x2D, 0x16, 0xF9, 0x81, 0xDC, 0xA1, 
    0x16, 0xAE, 0xC8, 0x66, 0xCD, 0x07, 0x17, 0x7D, 0x00, 0x00, 0x00, 0x16, 
    0x60, 0x97, 0x73, 0x64, 0x07, 0x17, 0x09, 0x00, 0x00, 0x00, 0x16, 0x64, 
    0x0F, 0xB6, 0xEB, 0x07, 0x16, 0x78, 0x98, 0x1A, 0x62, 0x16, 0xA4, 0x9B, 
    0x54, 0x98, 0x07, 0x16, 0xA9, 0xE9, 0x6E, 0x86, 0x16, 0xD6, 0xA8, 0x21, 
    0x73, 0x07, 0x16, 0x6F, 0xD8, 0x5E, 0x25, 0x16, 0x83, 0x2C, 0x07, 0x2D, 
    0x07, 0x2D, 0x16, 0x83, 0x2C, 0x07, 0x2D, 0x02, 0xF8, 0x02, 0x00, 0x00, 
    0x16, 0x42, 0x44, 0xE2, 0xA7, 0x07, 0x16, 0x7C, 0x27, 0xD5, 0x5C, 0x16, 
    0x02, 0x51, 0x85, 0x6E, 0x07, 0x16, 0x8B, 0xB9, 0xC4, 0x30, 0x16, 0xA0, 
    0xAC, 0x16, 0x7A, 0x07, 0x2D, 0x80, 0x11, 0x81, 0xA0, 0xAC, 0x16, 0x7A, 
    0x04, 0x02, 0xF9, 0x02, 0x00, 0x00, 0x24, 0x02, 0xFA, 0x02, 0x00, 0x00, 
    0x23, 0x16, 0xDC, 0xD7, 0xB9, 0x3F, 0x02, 0xFC, 0x02, 0x00, 0x00, 0x16, 
    0xF3, 0xAD, 0x76, 0xC8, 0x02, 0xFD, 0x02, 0x00, 0x00, 0x16, 0x7F, 0xA3, 
    0x9F, 0xAD, 0x16, 0x24, 0x5D, 0xC0, 0x77, 0x02, 0xFE, 0x02, 0x00, 0x00, 
    0x24, 0x02, 0xFF, 0x02, 0x00, 0x00, 0x23, 0x16, 0x20, 0x98, 0xAC, 0x13, 
    0x16, 0xF9, 0x81, 0xDC, 0xA1, 0x80, 0xC9, 0x1C, 0x09, 0x00, 0x00, 0x00, 
    0x42, 0x53, 0x20, 0x53, 0x6D, 0x69, 0x74, 0x68, 0x00, 0x02, 0x01, 0x03, 
    0x00, 0x00, 0x80, 0x11, 0x80, 0x6F, 0xD8, 0x5E, 0x25, 0x03, 0x16, 0xF9, 
    0x81, 0xDC, 0xA1, 0x07, 0x2D, 0x16, 0xF9, 0x81, 0xDC, 0xA1, 0x16, 0xAE, 
    0xC8, 0x66, 0xCD, 0x07, 0x17, 0x7D, 0x00, 0x00, 0x00, 0x16, 0x60, 0x97, 
    0x73, 0x64, 0x07, 0x17, 0x09, 0x00, 0x84, 0xA9, 0x16, 0x64, 0x0F, 0xB6, 
    0xEB, 0x07, 0x16, 0x6B, 0xBC, 0x55, 0x96, 0x80, 0x09, 0x81, 0xA4, 0x9B, 
    0x54, 0x98, 0x07, 0x16, 0x3F, 0x83, 0xD7, 0x46, 0x16, 0xD6, 0xA8, 0x21, 
    0x73, 0x07, 0x16, 0x6F, 0xD8, 0x5E, 0x25, 0x16, 0x83, 0x2C, 0x07, 0x2D, 
    0x07, 0x2D, 0x16, 0x83, 0x2C, 0x07, 0x2D, 0x02, 0x02, 0x03, 0x00, 0x00, 
    0x16, 0x42, 0x44, 0xE2, 0xA7, 0x07, 0x16, 0x7C, 0x27, 0xD5, 0x5C, 0x16, 
    0x02, 0x51, 0x85, 0x6E, 0x07, 0x16, 0x8F, 0x7C, 0xA8, 0x54, 0x16, 0xA0, 
    0xAC, 0x16, 0x7A, 0x07, 0x2D, 0x80, 0x2D, 0x82, 0xA0, 0xAC, 0x16, 0x7A, 
    0x04, 0x02, 0x03, 0x03, 0x00, 0x00, 0x24, 0x02, 0x04, 0x03, 0x00, 0x00, 
    0x23, 0x16, 0x5F, 0xAA, 0x2E, 0xC9, 0x02, 0x06, 0x03, 0x00, 0x00, 0x16, 
    0x65, 0x0C, 0xDE, 0xD9, 0x02, 0x08, 0x03, 0x00, 0x00, 0x16, 0x7F, 0xA3, 
    0x9F, 0xAD, 0x16, 0x20, 0x98, 0xAC, 0x13, 0x16, 0x0C, 0xF1, 0x31, 0x70, 
    0x07, 0x03, 0x16, 0x83, 0x2C, 0x07, 0x2D, 0x07, 0x16, 0x56, 0xCA, 0x18, 
    0x8A, 0x04, 0x02, 0x09, 0x03, 0x00, 0x00, 0x24, 0x02, 0x0A, 0x03, 0x00, 
    0x00, 0x23, 0x16, 0x49, 0xE8, 0xBF, 0x52, 0x02, 0x0C, 0x03, 0x00, 0x00, 
    0x16, 0x65, 0x0C, 0xDE, 0xD9, 0x02, 0x0E, 0x03, 0x00, 0x00, 0x16, 0x7F, 
    0xA3, 0x9F, 0xAD, 0x16, 0x24, 0x5D, 0xC0, 0x77, 0x80, 0x95, 0x0C, 0xF1, 
    0x31, 0x70, 0x07, 0x03, 0x80, 0x71, 0x81, 0x83, 0x2C, 0x07, 0x2D, 0x07, 
    0x16, 0x56, 0xCA, 0x18, 0x8A, 0x04, 0x02, 0x0F, 0x03, 0x00, 0x00, 0x24, 
    0x02, 0x10, 0x03, 0x00, 0x00, 0x23, 0x16, 0x7D, 0x15, 0xFC, 0xA4, 0x16, 
    0xF9, 0x81, 0xDC, 0xA1, 0x07, 0x1C, 0x0A, 0x00, 0x00, 0x00, 0x46, 0x53, 
    0x20, 0x46, 0x65, 0x65, 0x62, 0x6C, 0x65, 0x00, 0x02, 0x12, 0x03, 0x00, 
    0x00, 0x16, 0x6F, 0xD8, 0x5E, 0x25, 0x03, 0x16, 0xF9, 0x81, 0xDC, 0xA1, 
    0x07, 0x2D, 0x16, 0xF9, 0x81, 0xDC, 0xA1, 0x16, 0xAE, 0xC8, 0x66, 0xCD, 
    0x07, 0x17, 0x7D, 0x00, 0x00, 0x00, 0x16, 0x60, 0x97, 0x73, 0x64, 0x07, 
    0x17, 0x09, 0x00, 0x00, 0x80, 0x95, 0x16, 0x64, 0x0F, 0xB6, 0xEB, 0x07, 
    0x80, 0x8D, 0xD6, 0x0B, 0x1E, 0x36, 0x80, 0x8D, 0xA4, 0x9B, 0x54, 0x98, 
    0x80, 0x75, 0x80, 0x16, 0xA9, 0x06, 0x65, 0x08, 0x16, 0xD6, 0xA8, 0x21, 
    0x73, 0x07, 0x16, 0x6F, 0xD8, 0x5E, 0x25, 0x16, 0x83, 0x2C, 0x07, 0x2D, 
    0x07, 0x2D, 0x16, 0x83, 0x2C, 0x07, 0x2D, 0x02, 0x13, 0x03, 0x00, 0x00, 
    0x16, 0x42, 0x44, 0xE2, 0xA7, 0x07, 0x16, 0x7C, 0x27, 0xD5, 0x5C, 0x16, 
    0x02, 0x51, 0x85, 0x6E, 0x07, 0x16, 0x8B, 0xB9, 0xC4, 0x30, 0x16, 0xA0, 
    0xAC, 0x16, 0x7A, 0x07, 0x2D, 0x80, 0x11, 0x81, 0xA0, 0xAC, 0x16, 0x7A, 
    0x04, 0x02, 0x14, 0x03, 0x00, 0x00, 0x24, 0x02, 0x15, 0x03, 0x00, 0x00, 
    0x23, 0x16, 0x1D, 0xB1, 0x1C, 0x9B, 0x02, 0x17, 0x03, 0x00, 0x00, 0x16, 
    0xF3, 0xAD, 0x76, 0xC8, 0x02, 0x18, 0x03, 0x00, 0x00, 0x16, 0x7F, 0xA3, 
    0x9F, 0xAD, 0x16, 0x7D, 0x15, 0xFC, 0xA4, 0x02, 0x19, 0x03, 0x00, 0x00, 
    0x24, 0x02, 0x1A, 0x03, 0x00, 0x00, 0x23, 0x16, 0x79, 0xD0, 0x90, 0xC0, 
    0x16, 0xF9, 0x81, 0xDC, 0xA1, 0x80, 0x15, 0x80, 0x1C, 0x0A, 0x00, 0x00, 
    0x00, 0x42, 0x53, 0x20, 0x46, 0x65, 0x65, 0x62, 0x6C, 0x65, 0x00, 0x02, 
    0x1C, 0x03, 0x00, 0x00, 0x16, 0x6F, 0xD8, 0x5E, 0x25, 0x03, 0x16, 0xF9, 
    0x81, 0xDC, 0xA1, 0x07, 0x2D, 0x16, 0xF9, 0x81, 0xDC, 0xA1, 0x80, 0xC5, 
    0xAE, 0xC8, 0x66, 0xCD, 0x07, 0x17, 0x7D, 0x00, 0x00, 0x00, 0x16, 0x60, 
    0x97, 0x73, 0x64, 0x07, 0x17, 0x09, 0x84, 0x81, 0x00, 0x80, 0x35, 0x81, 
    0x64, 0x0F, 0xB6, 0xEB, 0x07, 0x16, 0x2C, 0x05, 0x54, 0xB2, 0x16, 0xA4, 
    0x9B, 0x54, 0x98, 0x07, 0x16, 0xB2, 0x89, 0xC9, 0x11, 0x16, 0xD6, 0xA8, 
    0x21, 0x73, 0x07, 0x16, 0x6F, 0xD8, 0x5E, 0x25, 0x16, 0x83, 0x2C, 0x07, 
    0x2D, 0x07, 0x2D, 0x16, 0x83, 0x2C, 0x07, 0x2D, 0x02, 0x1D, 0x03, 0x00, 
    0x00, 0x16, 0x42, 0x44, 0xE2, 0xA7, 0x07, 0x16, 0x7C, 0x27, 0xD5, 0x5C, 
    0x16, 0x02, 0x51, 0x85, 0x6E, 0x07, 0x16, 0x8F, 0x7C, 0xA8, 0x54, 0x16, 
    0xA0, 0xAC, 0x16, 0x7A, 0x07, 0x2D, 0x80, 0x2D, 0x82, 0xA0, 0xAC, 0x16, 
    0x7A, 0x04, 0x02, 0x1E, 0x03, 0x00, 0x00, 0x24, 0x02, 0x1F, 0x03, 0x00, 
    0x00, 0x23, 0x16, 0x9E, 0xCC, 0x8B, 0x6D, 0x02, 0x21, 0x03, 0x00, 0x00, 
    0x16, 0x65, 0x0C, 0xDE, 0xD9, 0x02, 0x23, 0x03, 0x00, 0x00, 0x16, 0x7F, 
    0xA3, 0x9F, 0xAD, 0x16, 0x79, 0xD0, 0x90, 0xC0, 0x16, 0x0C, 0xF1, 0x31, 
    0x70, 0x07, 0x03, 0x16, 0x83, 0x2C, 0x07, 0x2D, 0x07, 0x16, 0x56, 0xCA, 
    0x18, 0x8A, 0x04, 0x02, 0x24, 0x03, 0x00, 0x00, 0x24, 0x02, 0x25, 0x03, 
    0x00, 0x00, 0x23, 0x16, 0x88, 0x8E, 0x1A, 0xF6, 0x02, 0x27, 0x03, 0x00, 
    0x00, 0x16, 0x65, 0x0C, 0xDE, 0xD9, 0x02, 0x29, 0x03, 0x00, 0x00, 0x16, 
    0x7F, 0xA3, 0x9F, 0xAD, 0x16, 0x7D, 0x15, 0xFC, 0xA4, 0x80, 0x95, 0x0C, 
    0xF1, 0x31, 0x70, 0x07, 0x03, 0x80, 0x4D, 0x81, 0x83, 0x2C, 0x07, 0x2D, 
    0x07, 0x16, 0x56, 0xCA, 0x18, 0x8A, 0x04, 0x02, 0x2A, 0x03, 0x00, 0x00, 
    0x24, 0x02, 0x2B, 0x03, 0x00, 0x00, 0x23, 0x16, 0x8A, 0x7D, 0xDE, 0xE1, 
    0x16, 0xF9, 0x81, 0xDC, 0xA1, 0x07, 0x1C, 0x0E, 0x00, 0x00, 0x00, 0x42, 
    0x53, 0x20, 0x42, 0x6C, 0x75, 0x6E, 0x74, 0x73, 0x6C, 0x69, 0x64, 0x65, 
    0x00, 0x02, 0x2E, 0x03, 0x00, 0x00, 0x16, 0x6F, 0xD8, 0x5E, 0x25, 0x03, 
    0x16, 0xF9, 0x81, 0xDC, 0xA1, 0x07, 0x2D, 0x16, 0xF9, 0x81, 0xDC, 0xA1, 
    0x16, 0xAE, 0xC8, 0x66, 0xCD, 0x07, 0x17, 0xFA, 0x80, 0x6D, 0x81, 0x00, 
    0x00, 0x16, 0x60, 0x97, 0x73, 0x64, 0x07, 0x17, 0x12, 0x00, 0x00, 0x00, 
    0x16, 0x64, 0x0F, 0xB6, 0xEB, 0x07, 0x16, 0x57, 0xB4, 0x5E, 0x03, 0x16, 
    0xA4, 0x9B, 0x54, 0x98, 0x07, 0x16, 0xBE, 0xCE, 0xE3, 0x30, 0x16, 0xD6, 
    0xA8, 0x21, 0x73, 0x07, 0x16, 0x9D, 0x11, 0x10, 0x8D, 0x16, 0x83, 0x2C, 
    0x07, 0x2D, 0x07, 0x2D, 0x16, 0x83, 0x2C, 0x07, 0x2D, 0x02, 0x2F, 0x03, 
    0x00, 0x00, 0x16, 0x42, 0x44, 0xE2, 0xA7, 0x07, 0x16, 0xC2, 0x23, 0x2B, 
    0xE6, 0x16, 0x02, 0x51, 0x85, 0x6E, 0x07, 0x16, 0x8F, 0x7C, 0xA8, 0x54, 
    0x16, 0xA0, 0xAC, 0x16, 0x7A, 0x07, 0x2D, 0x80, 0xD5, 0xA0, 0xAC, 0x16, 
    0x7A, 0x04, 0x02, 0x30, 0x03, 0x00, 0x00, 0x24, 0x02, 0x31, 0x03, 0x00, 
    0x00, 0x23, 0x16, 0x8E, 0xB8, 0xB2, 0x85, 0x80, 0x8D, 0xF9, 0x81, 0xDC, 
    0xA1, 0x80, 0x85, 0x1C, 0x0E, 0x88, 0x25, 0x83, 0x46, 0x53, 0x20, 0x42, 
    0x6C, 0x75, 0x6E, 0x74, 0x73, 0x6C, 0x69, 0x64, 0x65, 0x00, 0x02, 0x33, 
    0x03, 0x00, 0x00, 0x16, 0x6F, 0xD8, 0x5E, 0x25, 0x03, 0x16, 0xF9, 0x81, 
    0xDC, 0xA1, 0x07, 0x2D, 0x16, 0xF9, 0x81, 0xDC, 0xA1, 0x16, 0xAE, 0xC8, 
    0x66, 0xCD, 0x07, 0x17, 0xFA, 0x00, 0x00, 0x00, 0x16, 0x60, 0x97, 0x73, 
    0x64, 0x07, 0x17, 0x12, 0x00, 0x00, 0x00, 0x16, 0x64, 0x0F, 0xB6, 0xEB, 
    0x07, 0x16, 0x28, 0x8F, 0x58, 0x00, 0x16, 0xA4, 0x9B, 0x54, 0x98, 0x07, 
    0x16, 0xB8, 0x19, 0x4B, 0x3B, 0x16, 0xD6, 0xA8, 0x21, 0x73, 0x07, 0x16, 
    0x9D, 0x11, 0x10, 0x8D, 0x16, 0x83, 0x2C, 0x07, 0x2D, 0x07, 0x2D, 0x16, 
    0x83, 0x2C, 0x07, 0x2D, 0x02, 0x34, 0x03, 0x00, 0x00, 0x16, 0x42, 0x44, 
    0xE2, 0xA7, 0x07, 0x16, 0x08, 0x1A, 0x0C, 0x26, 0x16, 0x02, 0x51, 0x85, 
    0x6E, 0x07, 0x16, 0x8B, 0xB9, 0xC4, 0x30, 0x16, 0xA0, 0xAC, 0x16, 0x7A, 
    0x07, 0x2D, 0x80, 0xD5, 0xA0, 0xAC, 0x16, 0x7A, 0x04, 0x02, 0x35, 0x03, 
    0x00, 0x00, 0x24, 0x02, 0x36, 0x03, 0x00, 0x00, 0x23, 0x16, 0x7E, 0x77, 
    0x27, 0x58, 0x80, 0x8D, 0xF9, 0x81, 0xDC, 0xA1, 0x80, 0x81, 0x1C, 0x8C, 
    0x41, 0x80, 0x42, 0x53, 0x20, 0x4E, 0x6F, 0x73, 0x65, 0x62, 0x6C, 0x75, 
    0x6E, 0x74, 0x73, 0x6C, 0x69, 0x64, 0x65, 0x00, 0x02, 0x38, 0x03, 0x00, 
    0x00, 0x16, 0x6F, 0xD8, 0x5E, 0x25, 0x03, 0x16, 0xF9, 0x81, 0xDC, 0xA1, 
    0x07, 0x2D, 0x16, 0xF9, 0x81, 0xDC, 0xA1, 0x16, 0xAE, 0xC8, 0x66, 0xCD, 
    0x07, 0x17, 0xFA, 0x80, 0x71, 0x80, 0x00, 0x00, 0x16, 0x60, 0x97, 0x73, 
    0x64, 0x07, 0x17, 0x12, 0x00, 0x00, 0x00, 0x16, 0x64, 0x0F, 0xB6, 0xEB, 
    0x07, 0x16, 0x5E, 0x51, 0x21, 0x2F, 0x16, 0xA4, 0x9B, 0x54, 0x98, 0x07, 
    0x16, 0x21, 0xBF, 0xC0, 0xA9, 0x16, 0xD6, 0xA8, 0x21, 0x73, 0x07, 0x16, 
    0x9D, 0x11, 0x10, 0x8D, 0x16, 0x83, 0x2C, 0x07, 0x2D, 0x07, 0x2D, 0x16, 
    0x83, 0x2C, 0x07, 0x2D, 0x02, 0x39, 0x03, 0x84, 0xF1, 0x16, 0x42, 0x44, 
    0xE2, 0xA7, 0x07, 0x16, 0x08, 0x1A, 0x0C, 0x26, 0x16, 0x02, 0x51, 0x85, 
    0x6E, 0x07, 0x16, 0xE8, 0xD8, 0x8D, 0x83, 0x16, 0xA0, 0xAC, 0x16, 0x7A, 
    0x07, 0x2D, 0x80, 0xC9, 0xA0, 0xAC, 0x16, 0x7A, 0x16, 0x2C, 0xEF, 0x7B, 
    0xDE, 0x07, 0x16, 0x56, 0xCA, 0x18, 0x8A, 0x04, 0x02, 0x3A, 0x03, 0x84, 
    0xAD, 0x24, 0x02, 0x3B, 0x03, 0x00, 0x00, 0x23, 0x16, 0x7A, 0xB2, 0x4B, 
    0x3C, 0x80, 0x8D, 0xF9, 0x81, 0xDC, 0xA1, 0x80, 0x05, 0x80, 0x1C, 0x12, 
    0x00, 0x00, 0x00, 0x46, 0x53, 0x20, 0x4E, 0x6F, 0x73, 0x65, 0x62, 0x6C, 
    0x75, 0x6E, 0x74, 0x73, 0x6C, 0x69, 0x64, 0x65, 0x00, 0x02, 0x3D, 0x03, 
    0x00, 0x00, 0x16, 0x6F, 0xD8, 0x5E, 0x25, 0x03, 0x80, 0x41, 0x81, 0xF9, 
    0x81, 0xDC, 0xA1, 0x07, 0x2D, 0x16, 0xF9, 0x81, 0xDC, 0xA1, 0x16, 0xAE, 
    0xC8, 0x66, 0xCD, 0x07, 0x17, 0xFA, 0x00, 0x00, 0x00, 0x16, 0x60, 0x97, 
    0x73, 0x64, 0x07, 0x17, 0x12, 0x00, 0x00, 0x00, 0x16, 0x64, 0x0F, 0xB6, 
    0xEB, 0x07, 0x16, 0xDC, 0x22, 0xF8, 0x9F, 0x16, 0xA4, 0x9B, 0x54, 0x98, 
    0x07, 0x16, 0xEE, 0x98, 0xC8, 0xDA, 0x16, 0xD6, 0xA8, 0x21, 0x73, 0x07, 
    0x16, 0x9D, 0x11, 0x10, 0x8D, 0x16, 0x83, 0x2C, 0x07, 0x2D, 0x07, 0x2D, 
    0x16, 0x83, 0x2C, 0x07, 0x2D, 0x02, 0x3E, 0x03, 0x84, 0xF1, 0x16, 0x42, 
    0x44, 0xE2, 0xA7, 0x07, 0x16, 0xC2, 0x23, 0x2B, 0xE6, 0x16, 0x2C, 0xEF, 
    0x7B, 0xDE, 0x07, 0x16, 0x56, 0xCA, 0x18, 0x8A, 0x16, 0xA0, 0xAC, 0x16, 
    0x7A, 0x07, 0x2D, 0x80, 0xC9, 0xA0, 0xAC, 0x16, 0x7A, 0x16, 0x02, 0x51, 
    0x85, 0x6E, 0x07, 0x16, 0xEC, 0x1D, 0xE1, 0xE7, 0x04, 0x02, 0x3F, 0x03, 
    0x84, 0x15, 0x84, 0x24, 0x02, 0x40, 0x03, 0x00, 0x00, 0x23, 0x16, 0x27, 
    0x8B, 0xFA, 0x91, 0x02, 0x43, 0x03, 0x00, 0x00, 0x16, 0x65, 0x0C, 0xDE, 
    0xD9, 0x02, 0x44, 0x03, 0x00, 0x00, 0x16, 0x69, 0x3F, 0xE9, 0x63, 0x02, 
    0x45, 0x03, 0x00, 0x00, 0x16, 0x7F, 0xA3, 0x9F, 0xAD, 0x16, 0x8A, 0x7D, 
    0xDE, 0xE1, 0x16, 0x0C, 0xF1, 0x31, 0x70, 0x07, 0x03, 0x16, 0x83, 0x2C, 
    0x07, 0x2D, 0x07, 0x16, 0x56, 0xCA, 0x18, 0x8A, 0x04, 0x02, 0x46, 0x03, 
    0x00, 0x00, 0x24, 0x02, 0x47, 0x03, 0x00, 0x00, 0x23, 0x16, 0x31, 0xC9, 
    0x6B, 0x0A, 0x02, 0x49, 0x03, 0x00, 0x00, 0x16, 0xF3, 0xAD, 0x76, 0xC8, 
    0x02, 0x4A, 0x03, 0x00, 0x00, 0x16, 0x69, 0x3F, 0xE9, 0x63, 0x02, 0x4B, 
    0x03, 0x00, 0x00, 0x16, 0x7F, 0xA3, 0x9F, 0xAD, 0x16, 0x8E, 0xB8, 0xB2, 
    0x85, 0x16, 0x0C, 0xF1, 0x31, 0x70, 0x07, 0x03, 0x16, 0x83, 0x2C, 0x07, 
    0x2D, 0x07, 0x16, 0x56, 0xCA, 0x18, 0x8A, 0x04, 0x02, 0x4C, 0x03, 0x00, 
    0x00, 0x24, 0x02, 0x4D, 0x03, 0x00, 0x00, 0x23, 0x16, 0xDD, 0xDE, 0xAA, 
    0xE2, 0x02, 0x4F, 0x03, 0x00, 0x00, 0x16, 0xF3, 0xAD, 0x76, 0xC8, 0x02, 
    0x50, 0x80, 0xE1, 0x00, 0x00, 0x16, 0x69, 0x3F, 0xE9, 0x63, 0x02, 0x51, 
    0x03, 0x00, 0x00, 0x16, 0x7F, 0xA3, 0x9F, 0xAD, 0x16, 0x7E, 0x77, 0x27, 
    0x58, 0x16, 0x0C, 0xF1, 0x80, 0x2D, 0x80, 0x70, 0x07, 0x03, 0x16, 0x83, 
    0x2C, 0x07, 0x2D, 0x07, 0x16, 0x56, 0xCA, 0x18, 0x8A, 0x04, 0x02, 0x52, 
    0x03, 0x00, 0x00, 0x24, 0x02, 0x53, 0x03, 0x00, 0x00, 0x23, 0x16, 0xCB, 
    0x9C, 0x3B, 0x79, 0x02, 0x55, 0x03, 0x00, 0x00, 0x16, 0xF3, 0xAD, 0x76, 
    0xC8, 0x02, 0x56, 0x80, 0x25, 0x81, 0x00, 0x00, 0x16, 0x69, 0x3F, 0xE9, 
    0x63, 0x02, 0x57, 0x03, 0x00, 0x00, 0x16, 0x7F, 0xA3, 0x9F, 0xAD, 0x16, 
    0x7A, 0xB2, 0x4B, 0x3C, 0x16, 0x0C, 0xF1, 0x31, 0x70, 0x07, 0x03, 0x16, 
    0x83, 0x2C, 0x07, 0x2D, 0x07, 0x16, 0x56, 0xCA, 0x18, 0x8A, 0x04, 0x02, 
    0x58, 0x03, 0x00, 0x00, 0x24, 0x02, 0x59, 0x03, 0x00, 0x00, 0x23, 0x16, 
    0x9E, 0x32, 0x87, 0x58, 0x02, 0x5F, 0x03, 0x00, 0x00, 0x16, 0x6F, 0xD8, 
    0x5E, 0x25, 0x03, 0x16, 0xF9, 0x81, 0xDC, 0xA1, 0x80, 0xC1, 0x1C, 0x0D, 
    0x00, 0x00, 0x00, 0x42, 0x53, 0x20, 0x48, 0x75, 0x72, 0x72, 0x69, 0x63, 
    0x61, 0x6E, 0x65, 0x80, 0xA5, 0x16, 0xAE, 0xC8, 0x66, 0xCD, 0x07, 0x17, 
    0x90, 0x01, 0x00, 0x80, 0xA9, 0x16, 0x64, 0x0F, 0xB6, 0xEB, 0x07, 0x16, 
    0x8F, 0xD7, 0xAC, 0x3E, 0x80, 0xCD, 0xA4, 0x9B, 0x54, 0x98, 0x07, 0x16, 
    0x63, 0x46, 0x12, 0x6B, 0x16, 0xB7, 0x7D, 0x3F, 0x0E, 0x07, 0x16, 0x62, 
    0x8F, 0x1D, 0x80, 0xA9, 0x16, 0xD6, 0xA8, 0x21, 0x73, 0x07, 0x16, 0x6F, 
    0xD8, 0x5E, 0x25, 0x80, 0xA9, 0x83, 0x2C, 0x07, 0x2D, 0x07, 0x2D, 0x16, 
    0x83, 0x2C, 0x07, 0x2D, 0x80, 0x81, 0x60, 0x88, 0xA9, 0x16, 0x42, 0x44, 
    0xE2, 0xA7, 0x07, 0x16, 0x08, 0x1A, 0x0C, 0x26, 0x80, 0x91, 0x2C, 0xEF, 
    0x7B, 0xDE, 0x07, 0x80, 0x09, 0x81, 0x56, 0xCA, 0x18, 0x8A, 0x16, 0x40, 
    0xAA, 0xEE, 0x1A, 0x16, 0x29, 0xBA, 0x78, 0x7C, 0x04, 0x02, 0x61, 0x03, 
    0x00, 0x00, 0x24, 0x02, 0x62, 0x03, 0x00, 0x00, 0x23, 0x16, 0x9A, 0xF7, 
    0xEB, 0x3C, 0x02, 0x64, 0x03, 0x00, 0x00, 0x16, 0x6F, 0xD8, 0x5E, 0x25, 
    0x03, 0x16, 0xF9, 0x81, 0xDC, 0xA1, 0x07, 0x1C, 0x0D, 0x00, 0x00, 0x00, 
    0x46, 0x53, 0x20, 0x48, 0x75, 0x72, 0x72, 0x69, 0x63, 0x61, 0x6E, 0x65, 
    0x00, 0x80, 0x8D, 0xAE, 0xC8, 0x66, 0xCD, 0x80, 0x91, 0x17, 0x90, 0x01, 
    0x00, 0x00, 0x80, 0x8D, 0x64, 0x0F, 0xB6, 0xEB, 0x80, 0xA9, 0x16, 0x34, 
    0xD3, 0x55, 0x2C, 0x16, 0xA4, 0x9B, 0x54, 0x98, 0x07, 0x80, 0xA5, 0x63, 
    0xD5, 0xB3, 0x37, 0x16, 0xB7, 0x7D, 0x3F, 0x0E, 0x07, 0x80, 0xA5, 0x3B, 
    0x64, 0xF0, 0x42, 0x16, 0xD6, 0xA8, 0x21, 0x73, 0x07, 0x80, 0x8D, 0x6F, 
    0xD8, 0x5E, 0x25, 0x80, 0xA9, 0x83, 0x2C, 0x07, 0x2D, 0x07, 0x2D, 0x16, 
    0x83, 0x2C, 0x07, 0x2D, 0x80, 0x81, 0x65, 0x88, 0xA9, 0x16, 0x42, 0x44, 
    0xE2, 0xA7, 0x07, 0x16, 0xC2, 0x23, 0x2B, 0xE6, 0x80, 0xB1, 0x40, 0xAA, 
    0xEE, 0x1A, 0x16, 0x29, 0xBA, 0x78, 0x7C, 0x04, 0x02, 0x66, 0x03, 0x84, 
    0x25, 0x80, 0x24, 0x02, 0x67, 0x03, 0x00, 0x00, 0x23, 0x16, 0x27, 0x6C, 
    0x83, 0xEC, 0x02, 0x69, 0x03, 0x00, 0x00, 0x16, 0xF3, 0xAD, 0x76, 0xC8, 
    0x02, 0x6A, 0x03, 0x00, 0x00, 0x16, 0x69, 0x3F, 0xE9, 0x63, 0x02, 0x6B, 
    0x03, 0x00, 0x00, 0x16, 0x7F, 0xA3, 0x9F, 0xAD, 0x80, 0x8D, 0x9E, 0x32, 
    0x87, 0x58, 0x80, 0x8D, 0x0C, 0xF1, 0x31, 0x70, 0x80, 0x51, 0x82, 0x03, 
    0x16, 0x83, 0x2C, 0x07, 0x2D, 0x07, 0x16, 0x56, 0xCA, 0x18, 0x8A, 0x04, 
    0x02, 0x6C, 0x03, 0x00, 0x00, 0x24, 0x02, 0x6D, 0x03, 0x00, 0x00, 0x23, 
    0x16, 0x31, 0x2E, 0x12, 0x77, 0x02, 0x6F, 0x03, 0x00, 0x00, 0x16, 0xF3, 
    0xAD, 0x76, 0xC8, 0x02, 0x70, 0x03, 0x00, 0x00, 0x16, 0x69, 0x3F, 0xE9, 
    0x63, 0x02, 0x71, 0x03, 0x00, 0x00, 0x16, 0x7F, 0xA3, 0x9F, 0xAD, 0x16, 
    0x9A, 0xF7, 0xEB, 0x3C, 0x16, 0x0C, 0xF1, 0x31, 0x70, 0x07, 0x03, 0x16, 
    0x83, 0x2C, 0x07, 0x2D, 0x07, 0x16, 0x56, 0xCA, 0x18, 0x8A, 0x04, 0x02, 
    0x72, 0x03, 0x00, 0x00, 0x24, 0x02, 0x73, 0x03, 0x00, 0x00, 0x23, 0x16, 
    0xBA, 0xFB, 0x11, 0xFE, 0x02, 0x76, 0x03, 0x00, 0x00, 0x16, 0x6F, 0xD8, 
    0x5E, 0x25, 0x03, 0x16, 0xF9, 0x81, 0xDC, 0xA1, 0x80, 0xC1, 0x1C, 0x0D, 
    0x00, 0x00, 0x00, 0x42, 0x53, 0x20, 0x44, 0x61, 0x72, 0x6B, 0x73, 0x6C, 
    0x69, 0x64, 0x65, 0x80, 0xA5, 0x16, 0xAE, 0xC8, 0x66, 0xCD, 0x07, 0x17, 
    0x90, 0x01, 0x00, 0x80, 0xA9, 0x16, 0x64, 0x0F, 0xB6, 0xEB, 0x07, 0x16, 
    0x10, 0xE9, 0xEA, 0xC1, 0x80, 0xFD, 0xA4, 0x9B, 0x54, 0x98, 0x07, 0x16, 
    0x88, 0x8E, 0x5D, 0x0B, 0x16, 0xB7, 0x7D, 0x3F, 0x0E, 0x07, 0x16, 0xBB, 
    0x60, 0x49, 0x45, 0x16, 0xD6, 0xA8, 0x21, 0x73, 0x07, 0x16, 0x9D, 0x11, 
    0x10, 0x8D, 0x80, 0xA9, 0x83, 0x2C, 0x07, 0x2D, 0x07, 0x2D, 0x16, 0x83, 
    0x2C, 0x07, 0x2D, 0x80, 0x81, 0x77, 0x88, 0xA9, 0x16, 0x42, 0x44, 0xE2, 
    0xA7, 0x07, 0x16, 0x08, 0x1A, 0x0C, 0x26, 0x80, 0x21, 0x81, 0x40, 0xAA, 
    0xEE, 0x1A, 0x16, 0x29, 0xBA, 0x78, 0x7C, 0x16, 0x44, 0xA6, 0xF3, 0xE0, 
    0x07, 0x16, 0x56, 0xCA, 0x18, 0x8A, 0x04, 0x02, 0x78, 0x03, 0x00, 0x00, 
    0x24, 0x02, 0x79, 0x03, 0x00, 0x00, 0x23, 0x16, 0xBE, 0x3E, 0x7D, 0x9A, 
    0x02, 0x7B, 0x03, 0x00, 0x00, 0x16, 0x6F, 0xD8, 0x5E, 0x25, 0x03, 0x16, 
    0xF9, 0x81, 0xDC, 0xA1, 0x07, 0x1C, 0x0D, 0x00, 0x00, 0x00, 0x46, 0x53, 
    0x20, 0x44, 0x61, 0x72, 0x6B, 0x73, 0x6C, 0x69, 0x64, 0x65, 0x00, 0x80, 
    0x8D, 0xAE, 0xC8, 0x66, 0xCD, 0x80, 0x91, 0x17, 0x90, 0x01, 0x00, 0x00, 
    0x80, 0x8D, 0x64, 0x0F, 0xB6, 0xEB, 0x80, 0xA9, 0x16, 0x10, 0xE9, 0xEA, 
    0xC1, 0x16, 0xA4, 0x9B, 0x54, 0x98, 0x07, 0x80, 0xA5, 0x88, 0x8E, 0x5D, 
    0x0B, 0x16, 0xB7, 0x7D, 0x3F, 0x0E, 0x07, 0x80, 0x8D, 0xBB, 0x60, 0x49, 
    0x45, 0x80, 0xA5, 0xD6, 0xA8, 0x21, 0x73, 0x07, 0x16, 0x9D, 0x11, 0x10, 
    0x8D, 0x80, 0xA9, 0x83, 0x2C, 0x07, 0x2D, 0x07, 0x2D, 0x16, 0x83, 0x2C, 
    0x07, 0x2D, 0x80, 0x81, 0x7C, 0x88, 0xA9, 0x16, 0x42, 0x44, 0xE2, 0xA7, 
    0x07, 0x16, 0xC2, 0x23, 0x2B, 0xE6, 0x80, 0x0D, 0x81, 0x40, 0xAA, 0xEE, 
    0x1A, 0x16, 0x29, 0xBA, 0x78, 0x7C, 0x16, 0x44, 0xA6, 0xF3, 0xE0, 0x07, 
    0x16, 0x56, 0xCA, 0x18, 0x8A, 0x04, 0x02, 0x7D, 0x03, 0x00, 0x00, 0x24, 
    0x02, 0x7E, 0x03, 0x00, 0x00, 0x23, 0x16, 0xC0, 0xD2, 0x03, 0x45, 0x02, 
    0x80, 0x03, 0x00, 0x00, 0x16, 0xF3, 0xAD, 0x76, 0xC8, 0x02, 0x81, 0x03, 
    0x00, 0x00, 0x16, 0x69, 0x3F, 0xE9, 0x63, 0x02, 0x82, 0x03, 0x00, 0x00, 
    0x16, 0x7F, 0xA3, 0x9F, 0xAD, 0x80, 0x8D, 0xBA, 0xFB, 0x11, 0xFE, 0x80, 
    0x8D, 0x0C, 0xF1, 0x31, 0x70, 0x80, 0x51, 0x82, 0x03, 0x16, 0x83, 0x2C, 
    0x07, 0x2D, 0x07, 0x16, 0x56, 0xCA, 0x18, 0x8A, 0x04, 0x02, 0x83, 0x03, 
    0x00, 0x00, 0x24, 0x02, 0x84, 0x03, 0x00, 0x00, 0x23, 0x16, 0xD6, 0x90, 
    0x92, 0xDE, 0x02, 0x86, 0x03, 0x00, 0x00, 0x16, 0xF3, 0xAD, 0x76, 0xC8, 
    0x02, 0x87, 0x03, 0x00, 0x00, 0x16, 0x69, 0x3F, 0xE9, 0x63, 0x02, 0x88, 
    0x03, 0x00, 0x00, 0x16, 0x7F, 0xA3, 0x9F, 0xAD, 0x16, 0xBE, 0x3E, 0x7D, 
    0x9A, 0x16, 0x0C, 0xF1, 0x31, 0x70, 0x07, 0x03, 0x16, 0x83, 0x2C, 0x07, 
    0x2D, 0x07, 0x16, 0x56, 0xCA, 0x18, 0x8A, 0x04, 0x02, 0x89, 0x03, 0x00, 
    0x00, 0x24, 0x02, 0x8A, 0x03, 0x00, 0x00, 0x23, 0x16, 0x04, 0xD9, 0x5F, 
    0xAE, 0x02, 0x8C, 0x03, 0x00, 0x00, 0x16, 0x6F, 0xD8, 0x5E, 0x25, 0x03, 
    0x16, 0xF9, 0x81, 0xDC, 0xA1, 0x80, 0x29, 0x88, 0x1C, 0x0A, 0x00, 0x00, 
    0x00, 0x42, 0x53, 0x20, 0x43, 0x6F, 0x66, 0x66, 0x69, 0x6E, 0x00, 0x16, 
    0xAE, 0xC8, 0x66, 0xCD, 0x07, 0x17, 0xF4, 0x01, 0x00, 0x00, 0x16, 0x64, 
    0x0F, 0xB6, 0xEB, 0x07, 0x16, 0x56, 0x77, 0x7E, 0x4F, 0x16, 0xA4, 0x9B, 
    0x54, 0x98, 0x07, 0x16, 0xB3, 0xFE, 0x6C, 0x94, 0x16, 0xB7, 0x7D, 0x3F, 
    0x0E, 0x07, 0x16, 0x26, 0xDF, 0x38, 0x6F, 0x16, 0xD6, 0xA8, 0x21, 0x73, 
    0x07, 0x16, 0x6F, 0xD8, 0x5E, 0x25, 0x16, 0x83, 0x2C, 0x07, 0x2D, 0x07, 
    0x2D, 0x16, 0x83, 0x2C, 0x07, 0x2D, 0x02, 0x8D, 0x03, 0x00, 0x00, 0x16, 
    0x42, 0x44, 0xE2, 0xA7, 0x07, 0x16, 0xC2, 0x23, 0x2B, 0xE6, 0x16, 0x40, 
    0xAA, 0xEE, 0x1A, 0x16, 0x29, 0xBA, 0x78, 0x7C, 0x04, 0x02, 0x8E, 0x03, 
    0x00, 0x00, 0x24, 0x02, 0x8F, 0x03, 0x00, 0x00, 0x23, 0x16, 0x00, 0x1C, 
    0x33, 0xCA, 0x02, 0x91, 0x03, 0x00, 0x00, 0x16, 0x6F, 0xD8, 0x5E, 0x25, 
    0x03, 0x16, 0xF9, 0x81, 0xDC, 0xA1, 0x07, 0x1C, 0x0A, 0x00, 0x00, 0x00, 
    0x46, 0x53, 0x20, 0x43, 0x6F, 0x66, 0x66, 0x69, 0x6E, 0x00, 0x16, 0xAE, 
    0xC8, 0x66, 0xCD, 0x07, 0x17, 0xF4, 0x01, 0x00, 0x00, 0x16, 0x64, 0x0F, 
    0xB6, 0xEB, 0x07, 0x16, 0x56, 0x77, 0x7E, 0x4F, 0x16, 0xA4, 0x9B, 0x54, 
    0x98, 0x07, 0x16, 0xB3, 0xFE, 0x6C, 0x94, 0x16, 0xB7, 0x7D, 0x3F, 0x0E, 
    0x07, 0x16, 0x26, 0xDF, 0x38, 0x6F, 0x16, 0xD6, 0xA8, 0x21, 0x73, 0x07, 
    0x16, 0x6F, 0xD8, 0x5E, 0x25, 0x16, 0x83, 0x2C, 0x07, 0x2D, 0x07, 0x2D, 
    0x16, 0x83, 0x2C, 0x07, 0x2D, 0x02, 0x92, 0x03, 0x00, 0x00, 0x16, 0x42, 
    0x44, 0xE2, 0xA7, 0x07, 0x16, 0xC2, 0x23, 0x2B, 0xE6, 0x16, 0x40, 0xAA, 
    0xEE, 0x1A, 0x16, 0x29, 0xBA, 0x78, 0x7C, 0x04, 0x02, 0x93, 0x03, 0x00, 
    0x00, 0x24, 0x02, 0x94, 0x03, 0x00, 0x00, 0x23, 0x16, 0x98, 0x4A, 0xF6, 
    0x86, 0x02, 0x96, 0x03, 0x00, 0x00, 0x16, 0xF3, 0xAD, 0x76, 0xC8, 0x02, 
    0x97, 0x03, 0x00, 0x00, 0x16, 0x69, 0x3F, 0xE9, 0x63, 0x02, 0x98, 0x03, 
    0x00, 0x00, 0x16, 0x7F, 0xA3, 0x9F, 0xAD, 0x80, 0x8D, 0x04, 0xD9, 0x5F, 
    0xAE, 0x80, 0x8D, 0x0C, 0xF1, 0x31, 0x70, 0x80, 0x51, 0x82, 0x03, 0x16, 
    0x83, 0x2C, 0x07, 0x2D, 0x07, 0x16, 0x56, 0xCA, 0x18, 0x8A, 0x04, 0x02, 
    0x99, 0x03, 0x00, 0x00, 0x24, 0x02, 0x9A, 0x03, 0x00, 0x00, 0x23, 0x16, 
    0x8E, 0x08, 0x67, 0x1D, 0x02, 0x9C, 0x03, 0x00, 0x00, 0x16, 0xF3, 0xAD, 
    0x76, 0xC8, 0x02, 0x9D, 0x03, 0x00, 0x00, 0x16, 0x69, 0x3F, 0xE9, 0x63, 
    0x02, 0x9E, 0x03, 0x00, 0x00, 0x16, 0x7F, 0xA3, 0x9F, 0xAD, 0x16, 0x00, 
    0x1C, 0x33, 0xCA, 0x16, 0x0C, 0xF1, 0x31, 0x70, 0x07, 0x03, 0x16, 0x83, 
    0x2C, 0x07, 0x2D, 0x07, 0x16, 0x56, 0xCA, 0x18, 0x8A, 0x04, 0x02, 0x9F, 
    0x03, 0x00, 0x00, 0x24, 0x02, 0xA0, 0x03, 0x00, 0x00, 0x23, 0x16, 0x5C, 
    0xC6, 0x7A, 0x53, 0x02, 0xA2, 0x03, 0x00, 0x00, 0x16, 0x6F, 0xD8, 0x5E, 
    0x25, 0x03, 0x16, 0xF9, 0x81, 0xDC, 0xA1, 0x80, 0xC1, 0x1C, 0x0D, 0x00, 
    0x00, 0x00, 0x42, 0x53, 0x20, 0x46, 0x61, 0x6E, 0x64, 0x61, 0x6E, 0x67, 
    0x6C, 0x65, 0x80, 0xA5, 0x16, 0xAE, 0xC8, 0x66, 0xCD, 0x07, 0x17, 0xF4, 
    0x01, 0x00, 0x80, 0xA9, 0x16, 0x64, 0x0F, 0xB6, 0xEB, 0x07, 0x16, 0x00, 
    0x5C, 0xA6, 0x91, 0x80, 0xA1, 0xA4, 0x9B, 0x54, 0x98, 0x07, 0x16, 0x59, 
    0xD2, 0xBA, 0x80, 0xA5, 0x16, 0xB7, 0x7D, 0x3F, 0x0E, 0x07, 0x16, 0xCB, 
    0x4C, 0x8D, 0x80, 0xA9, 0x16, 0xD6, 0xA8, 0x21, 0x73, 0x07, 0x16, 0x6F, 
    0xD8, 0x5E, 0x25, 0x80, 0xA9, 0x83, 0x2C, 0x07, 0x2D, 0x07, 0x2D, 0x16, 
    0x83, 0x2C, 0x07, 0x2D, 0x80, 0x81, 0xA3, 0x88, 0xA9, 0x16, 0x42, 0x44, 
    0xE2, 0xA7, 0x07, 0x16, 0xC2, 0x23, 0x2B, 0xE6, 0x80, 0x4D, 0x81, 0x40, 
    0xAA, 0xEE, 0x1A, 0x16, 0x02, 0x51, 0x85, 0x6E, 0x07, 0x16, 0xE8, 0xD8, 
    0x8D, 0x83, 0x16, 0x29, 0xBA, 0x78, 0x7C, 0x16, 0x44, 0xA6, 0xF3, 0xE0, 
    0x07, 0x16, 0x56, 0xCA, 0x18, 0x8A, 0x04, 0x02, 0xA4, 0x03, 0x00, 0x00, 
    0x24, 0x02, 0xA5, 0x03, 0x00, 0x00, 0x23, 0x16, 0x58, 0x03, 0x16, 0x37, 
    0x02, 0xA7, 0x03, 0x00, 0x00, 0x16, 0x6F, 0xD8, 0x5E, 0x25, 0x03, 0x16, 
    0xF9, 0x81, 0xDC, 0xA1, 0x07, 0x1C, 0x0D, 0x00, 0x00, 0x00, 0x46, 0x53, 
    0x20, 0x46, 0x61, 0x6E, 0x64, 0x61, 0x6E, 0x67, 0x6C, 0x65, 0x00, 0x80, 
    0x8D, 0xAE, 0xC8, 0x66, 0xCD, 0x80, 0xA9, 0x17, 0xF4, 0x01, 0x00, 0x00, 
    0x16, 0x64, 0x0F, 0xB6, 0xEB, 0x07, 0x80, 0xA5, 0x00, 0x5C, 0xA6, 0x91, 
    0x16, 0xA4, 0x9B, 0x54, 0x98, 0x07, 0x80, 0x8D, 0x59, 0xD2, 0xBA, 0x16, 
    0x80, 0x8D, 0xB7, 0x7D, 0x3F, 0x0E, 0x84, 0x85, 0xCB, 0x4C, 0x80, 0x81, 
    0x0C, 0x80, 0xA5, 0xD6, 0xA8, 0x21, 0x73, 0x07, 0x16, 0x6F, 0xD8, 0x5E, 
    0x25, 0x80, 0xA9, 0x83, 0x2C, 0x07, 0x2D, 0x07, 0x2D, 0x16, 0x83, 0x2C, 
    0x07, 0x2D, 0x80, 0x81, 0xA8, 0x88, 0xA9, 0x16, 0x42, 0x44, 0xE2, 0xA7, 
    0x07, 0x16, 0xC2, 0x23, 0x2B, 0xE6, 0x80, 0x39, 0x81, 0x40, 0xAA, 0xEE, 
    0x1A, 0x16, 0x02, 0x51, 0x85, 0x6E, 0x07, 0x16, 0xEC, 0x1D, 0xE1, 0xE7, 
    0x16, 0x29, 0xBA, 0x78, 0x7C, 0x16, 0x44, 0xA6, 0xF3, 0xE0, 0x07, 0x16, 
    0x56, 0xCA, 0x18, 0x8A, 0x04, 0x02, 0xA9, 0x03, 0x00, 0x00, 0x24, 0x02, 
    0xAA, 0x03, 0x00, 0x00, 0x23, 0x16, 0xDE, 0xD7, 0xCA, 0xB4, 0x02, 0xAC, 
    0x03, 0x00, 0x00, 0x16, 0xF3, 0xAD, 0x76, 0xC8, 0x02, 0xAD, 0x03, 0x00, 
    0x00, 0x16, 0x69, 0x3F, 0xE9, 0x63, 0x02, 0xAE, 0x03, 0x00, 0x00, 0x16, 
    0x7F, 0xA3, 0x9F, 0xAD, 0x80, 0x8D, 0x5C, 0xC6, 0x7A, 0x53, 0x80, 0x8D, 
    0x0C, 0xF1, 0x31, 0x70, 0x80, 0x81, 0x03, 0x90, 0x39, 0x82, 0x07, 0x16, 
    0x56, 0xCA, 0x18, 0x8A, 0x04, 0x02, 0xAF, 0x03, 0x00, 0x00, 0x24, 0x02, 
    0xB0, 0x03, 0x00, 0x00, 0x23, 0x16, 0xC8, 0x95, 0x5B, 0x2F, 0x02, 0xB2, 
    0x03, 0x00, 0x00, 0x16, 0xF3, 0xAD, 0x76, 0xC8, 0x02, 0xB3, 0x03, 0x00, 
    0x00, 0x16, 0x69, 0x3F, 0xE9, 0x63, 0x02, 0xB4, 0x03, 0x00, 0x00, 0x16, 
    0x7F, 0xA3, 0x9F, 0xAD, 0x16, 0x58, 0x03, 0x16, 0x37, 0x16, 0x0C, 0xF1, 
    0x31, 0x70, 0x07, 0x03, 0x16, 0x83, 0x2C, 0x07, 0x2D, 0x07, 0x16, 0x56, 
    0xCA, 0x18, 0x8A, 0x04, 0x02, 0xB5, 0x03, 0x00, 0x00, 0x24, 0x02, 0xB6, 
    0x03, 0x00, 0x00, 0x23, 0x16, 0xB4, 0xD6, 0x8A, 0x32, 0x02, 0xB8, 0x03, 
    0x00, 0x00, 0x16, 0x6F, 0xD8, 0x5E, 0x25, 0x03, 0x16, 0xF9, 0x81, 0xDC, 
    0xA1, 0x80, 0xCD, 0x1C, 0x0F, 0x00, 0x00, 0x00, 0x42, 0x53, 0x20, 0x43, 
    0x72, 0x61, 0x69, 0x6C, 0x20, 0x53, 0x6C, 0x69, 0x64, 0x65, 0x00, 0x80, 
    0x9D, 0xAE, 0xC8, 0x66, 0xCD, 0x07, 0x17, 0xF4, 0x01, 0x80, 0x31, 0x88, 
    0x00, 0x16, 0x64, 0x0F, 0xB6, 0xEB, 0x07, 0x16, 0x01, 0x97, 0x00, 0x5E, 
    0x16, 0xA4, 0x9B, 0x54, 0x98, 0x07, 0x16, 0x04, 0x44, 0x72, 0x61, 0x16, 
    0xB7, 0x7D, 0x3F, 0x0E, 0x07, 0x16, 0xFD, 0xD4, 0xD3, 0x10, 0x16, 0xD6, 
    0xA8, 0x21, 0x73, 0x07, 0x16, 0x6F, 0xD8, 0x5E, 0x25, 0x16, 0x83, 0x2C, 
    0x07, 0x2D, 0x07, 0x2D, 0x16, 0x83, 0x2C, 0x07, 0x2D, 0x02, 0xB9, 0x03, 
    0x00, 0x00, 0x16, 0x42, 0x44, 0xE2, 0xA7, 0x07, 0x16, 0xC2, 0x23, 0x2B, 
    0xE6, 0x16, 0x40, 0xAA, 0xEE, 0x1A, 0x16, 0x02, 0x51, 0x85, 0x6E, 0x07, 
    0x16, 0x8F, 0x7C, 0xA8, 0x54, 0x16, 0x29, 0xBA, 0x78, 0x7C, 0x04, 0x02, 
    0xBA, 0x03, 0x00, 0x00, 0x24, 0x02, 0xBB, 0x03, 0x00, 0x00, 0x23, 0x16, 
    0xB0, 0x13, 0xE6, 0x56, 0x02, 0xBD, 0x03, 0x00, 0x00, 0x16, 0x6F, 0xD8, 
    0x5E, 0x25, 0x03, 0x16, 0xF9, 0x81, 0xDC, 0xA1, 0x07, 0x1C, 0x0F, 0x00, 
    0x00, 0x00, 0x46, 0x53, 0x20, 0x43, 0x72, 0x61, 0x69, 0x6C, 0x20, 0x53, 
    0x6C, 0x69, 0x64, 0x65, 0x00, 0x16, 0xAE, 0xC8, 0x66, 0xCD, 0x07, 0x17, 
    0xF4, 0x01, 0x00, 0x00, 0x16, 0x64, 0x0F, 0xB6, 0xEB, 0x07, 0x16, 0x01, 
    0x97, 0x00, 0x5E, 0x16, 0xA4, 0x9B, 0x54, 0x98, 0x07, 0x16, 0x04, 0x44, 
    0x72, 0x61, 0x16, 0xB7, 0x7D, 0x3F, 0x0E, 0x07, 0x16, 0xFD, 0xD4, 0xD3, 
    0x10, 0x16, 0xD6, 0xA8, 0x21, 0x73, 0x07, 0x16, 0x6F, 0xD8, 0x5E, 0x25, 
    0x16, 0x83, 0x2C, 0x07, 0x2D, 0x07, 0x2D, 0x16, 0x83, 0x2C, 0x07, 0x2D, 
    0x02, 0xBE, 0x03, 0x00, 0x00, 0x16, 0x42, 0x44, 0xE2, 0xA7, 0x07, 0x16, 
    0xC2, 0x23, 0x2B, 0xE6, 0x16, 0x40, 0xAA, 0xEE, 0x1A, 0x16, 0x02, 0x51, 
    0x85, 0x6E, 0x07, 0x16, 0x8B, 0xB9, 0xC4, 0x30, 0x16, 0x29, 0xBA, 0x78, 
    0x7C, 0x04, 0x02, 0xBF, 0x03, 0x00, 0x00, 0x24, 0x02, 0xC0, 0x03, 0x00, 
    0x00, 0x23, 0x16, 0x0A, 0xAD, 0x2E, 0x95, 0x02, 0xC2, 0x03, 0x00, 0x00, 
    0x16, 0xF3, 0xAD, 0x76, 0xC8, 0x02, 0xC3, 0x03, 0x00, 0x00, 0x16, 0x69, 
    0x3F, 0xE9, 0x63, 0x02, 0xC4, 0x03, 0x00, 0x00, 0x16, 0x7F, 0xA3, 0x9F, 
    0xAD, 0x80, 0x8D, 0xB4, 0xD6, 0x8A, 0x32, 0x80, 0x8D, 0x0C, 0xF1, 0x31, 
    0x70, 0x80, 0x51, 0x82, 0x03, 0x16, 0x83, 0x2C, 0x07, 0x2D, 0x07, 0x16, 
    0x56, 0xCA, 0x18, 0x8A, 0x04, 0x02, 0xC5, 0x03, 0x00, 0x00, 0x24, 0x02, 
    0xC6, 0x03, 0x00, 0x00, 0x23, 0x16, 0x1C, 0xEF, 0xBF, 0x0E, 0x02, 0xC8, 
    0x03, 0x00, 0x00, 0x16, 0xF3, 0xAD, 0x76, 0xC8, 0x02, 0xC9, 0x03, 0x00, 
    0x00, 0x16, 0x69, 0x3F, 0xE9, 0x63, 0x02, 0xCA, 0x03, 0x00, 0x00, 0x16, 
    0x7F, 0xA3, 0x9F, 0xAD, 0x16, 0xB0, 0x13, 0xE6, 0x56, 0x16, 0x0C, 0xF1, 
    0x31, 0x70, 0x07, 0x03, 0x16, 0x83, 0x2C, 0x07, 0x2D, 0x07, 0x16, 0x56, 
    0xCA, 0x18, 0x8A, 0x04, 0x02, 0xCB, 0x03, 0x00, 0x00, 0x24, 0x02, 0xCC, 
    0x03, 0x00, 0x00, 0x23, 0x16, 0x1F, 0x19, 0xE5, 0x10, 0x02, 0xCE, 0x03, 
    0x00, 0x00, 0x16, 0x6F, 0xD8, 0x5E, 0x25, 0x03, 0x16, 0xF9, 0x81, 0xDC, 
    0xA1, 0x80, 0x6D, 0x80, 0x1C, 0x10, 0x00, 0x00, 0x00, 0x42, 0x53, 0x20, 
    0x35, 0x2D, 0x30, 0x20, 0x4F, 0x76, 0x65, 0x72, 0x74, 0x75, 0x72, 0x6E, 
    0x00, 0x16, 0xAE, 0xC8, 0x66, 0xCD, 0x07, 0x17, 0xF4, 0x01, 0x00, 0x00, 
    0x16, 0x64, 0x0F, 0xB6, 0xEB, 0x07, 0x16, 0x18, 0xF7, 0xC1, 0x9C, 0x16, 
    0xA4, 0x9B, 0x54, 0x98, 0x07, 0x16, 0xA4, 0x2D, 0xDB, 0x05, 0x16, 0xB7, 
    0x7D, 0x3F, 0x0E, 0x07, 0x80, 0xA1, 0x41, 0x6A, 0x4C, 0x06, 0x16, 0xD6, 
    0xA8, 0x21, 0x73, 0x80, 0x15, 0x87, 0x16, 0x6F, 0xD8, 0x5E, 0x25, 0x16, 
    0x83, 0x2C, 0x07, 0x2D, 0x07, 0x2D, 0x16, 0x83, 0x2C, 0x07, 0x2D, 0x02, 
    0xCF, 0x03, 0x00, 0x00, 0x16, 0x42, 0x44, 0xE2, 0xA7, 0x07, 0x16, 0xC2, 
    0x23, 0x2B, 0xE6, 0x16, 0x40, 0xAA, 0xEE, 0x1A, 0x16, 0x02, 0x51, 0x85, 
    0x6E, 0x07, 0x16, 0x8F, 0x7C, 0xA8, 0x54, 0x16, 0x29, 0xBA, 0x78, 0x7C, 
    0x04, 0x02, 0xD0, 0x03, 0x00, 0x00, 0x24, 0x02, 0xD1, 0x03, 0x00, 0x00, 
    0x23, 0x16, 0x1B, 0xDC, 0x89, 0x74, 0x02, 0xD3, 0x03, 0x00, 0x00, 0x16, 
    0x6F, 0xD8, 0x5E, 0x25, 0x03, 0x16, 0xF9, 0x81, 0xDC, 0xA1, 0x07, 0x1C, 
    0x10, 0x00, 0x00, 0x00, 0x46, 0x53, 0x20, 0x35, 0x2D, 0x30, 0x20, 0x4F, 
    0x76, 0x65, 0x72, 0x74, 0x75, 0x72, 0x6E, 0x00, 0x16, 0xAE, 0xC8, 0x66, 
    0xCD, 0x07, 0x17, 0xF4, 0x01, 0x00, 0x00, 0x16, 0x64, 0x0F, 0xB6, 0xEB, 
    0x07, 0x16, 0x18, 0xF7, 0xC1, 0x9C, 0x16, 0xA4, 0x9B, 0x54, 0x98, 0x07, 
    0x16, 0xA4, 0x2D, 0xDB, 0x05, 0x16, 0xB7, 0x7D, 0x3F, 0x0E, 0x07, 0x16, 
    0x41, 0x6A, 0x4C, 0x06, 0x16, 0xD6, 0xA8, 0x21, 0x73, 0x07, 0x16, 0x6F, 
    0xD8, 0x5E, 0x25, 0x16, 0x83, 0x2C, 0x07, 0x2D, 0x07, 0x2D, 0x16, 0x83, 
    0x2C, 0x07, 0x2D, 0x02, 0xD4, 0x03, 0x00, 0x00, 0x16, 0x42, 0x44, 0xE2, 
    0xA7, 0x07, 0x16, 0xC2, 0x23, 0x2B, 0xE6, 0x16, 0x40, 0xAA, 0xEE, 0x1A, 
    0x16, 0x02, 0x51, 0x85, 0x6E, 0x07, 0x16, 0x8B, 0xB9, 0xC4, 0x30, 0x16, 
    0x29, 0xBA, 0x78, 0x7C, 0x04, 0x02, 0xD5, 0x03, 0x00, 0x00, 0x24, 0x02, 
    0xD6, 0x03, 0x00, 0x00, 0x23, 0x16, 0xFF, 0xD4, 0xB2, 0xA2, 0x02, 0xD8, 
    0x03, 0x00, 0x00, 0x16, 0xF3, 0xAD, 0x76, 0xC8, 0x02, 0xD9, 0x03, 0x00, 
    0x00, 0x16, 0x69, 0x3F, 0xE9, 0x63, 0x02, 0xDA, 0x03, 0x00, 0x00, 0x16, 
    0x7F, 0xA3, 0x9F, 0xAD, 0x80, 0x8D, 0x1F, 0x19, 0xE5, 0x10, 0x80, 0x8D, 
    0x0C, 0xF1, 0x31, 0x70, 0x80, 0x51, 0x82, 0x03, 0x16, 0x83, 0x2C, 0x07, 
    0x2D, 0x07, 0x16, 0x56, 0xCA, 0x18, 0x8A, 0x04, 0x02, 0xDB, 0x03, 0x00, 
    0x00, 0x24, 0x02, 0xDC, 0x03, 0x00, 0x00, 0x23, 0x16, 0xE9, 0x96, 0x23, 
    0x39, 0x02, 0xDE, 0x03, 0x00, 0x00, 0x16, 0xF3, 0xAD, 0x76, 0xC8, 0x02, 
    0xDF, 0x03, 0x00, 0x00, 0x16, 0x69, 0x3F, 0xE9, 0x63, 0x02, 0xE0, 0x03, 
    0x00, 0x00, 0x16, 0x7F, 0xA3, 0x9F, 0xAD, 0x16, 0x1B, 0xDC, 0x89, 0x74, 
    0x16, 0x0C, 0xF1, 0x31, 0x70, 0x07, 0x03, 0x16, 0x83, 0x2C, 0x07, 0x2D, 
    0x07, 0x16, 0x56, 0xCA, 0x18, 0x8A, 0x04, 0x02, 0xE1, 0x03, 0x00, 0x00, 
    0x24, 0x02, 0xE2, 0x03, 0x00, 0x00, 0x23, 0x16, 0x76, 0x95, 0xEB, 0xB3, 
    0x02, 0xE5, 0x03, 0x00, 0x00, 0x16, 0x6F, 0xD8, 0x5E, 0x25, 0x03, 0x16, 
    0xF9, 0x81, 0xDC, 0xA1, 0x80, 0x29, 0x82, 0x1C, 0x13, 0x00, 0x00, 0x00, 
    0x48, 0x61, 0x6E, 0x67, 0x20, 0x54, 0x65, 0x6E, 0x20, 0x4E, 0x6F, 0x73, 
    0x65, 0x67, 0x72, 0x69, 0x6E, 0x64, 0x00, 0x16, 0xAE, 0xC8, 0x66, 0xCD, 
    0x07, 0x17, 0xF4, 0x01, 0x00, 0x00, 0x16, 0x64, 0x0F, 0xB6, 0xEB, 0x07, 
    0x16, 0xA5, 0xD0, 0x79, 0x9B, 0x16, 0xA4, 0x9B, 0x54, 0x98, 0x07, 0x16, 
    0xB2, 0x5A, 0x0C, 0xB0, 0x16, 0xB7, 0x7D, 0x3F, 0x0E, 0x07, 0x16, 0x45, 
    0xCE, 0xAF, 0xD3, 0x16, 0xD6, 0xA8, 0x21, 0x73, 0x07, 0x16, 0x6F, 0xD8, 
    0x5E, 0x25, 0x16, 0x83, 0x2C, 0x07, 0x2D, 0x07, 0x2D, 0x16, 0x83, 0x2C, 
    0x07, 0x2D, 0x02, 0xE6, 0x03, 0x00, 0x00, 0x16, 0x42, 0x44, 0xE2, 0xA7, 
    0x07, 0x16, 0xC2, 0x23, 0x2B, 0xE6, 0x80, 0x8D, 0x02, 0x51, 0x85, 0x6E, 
    0x80, 0x25, 0x81, 0x16, 0xE8, 0xD8, 0x8D, 0x83, 0x16, 0x40, 0xAA, 0xEE, 
    0x1A, 0x16, 0x2C, 0xEF, 0x7B, 0xDE, 0x04, 0x02, 0xE7, 0x03, 0x00, 0x00, 
    0x24, 0x02, 0xE8, 0x03, 0x00, 0x00, 0x23, 0x16, 0x72, 0x50, 0x87, 0xD7, 
    0x02, 0xEA, 0x03, 0x00, 0x00, 0x16, 0x6F, 0xD8, 0x5E, 0x25, 0x03, 0x16, 
    0xF9, 0x81, 0xDC, 0xA1, 0x07, 0x1C, 0x13, 0x00, 0x00, 0x00, 0x48, 0x61, 
    0x6E, 0x67, 0x20, 0x54, 0x65, 0x6E, 0x20, 0x4E, 0x6F, 0x73, 0x65, 0x67, 
    0x72, 0x69, 0x6E, 0x64, 0x00, 0x80, 0xD1, 0xAE, 0xC8, 0x66, 0xCD, 0x07, 
    0x17, 0xF4, 0x01, 0x00, 0x00, 0x16, 0x64, 0x0F, 0xB6, 0xEB, 0x07, 0x16, 
    0xA5, 0xD0, 0x79, 0x9B, 0x80, 0x8D, 0xA4, 0x9B, 0x54, 0x98, 0x84, 0x8D, 
    0xB2, 0x5A, 0x0C, 0xB0, 0x80, 0x8D, 0xB7, 0x7D, 0x3F, 0x0E, 0x84, 0x8D, 
    0x45, 0xCE, 0xAF, 0xD3, 0x80, 0x15, 0x80, 0xD6, 0xA8, 0x21, 0x73, 0x07, 
    0x16, 0x6F, 0xD8, 0x5E, 0x25, 0x16, 0x83, 0x2C, 0x07, 0x2D, 0x07, 0x2D, 
    0x16, 0x83, 0x2C, 0x07, 0x2D, 0x02, 0xEB, 0x03, 0x00, 0x00, 0x16, 0x42, 
    0x44, 0xE2, 0xA7, 0x07, 0x16, 0xC2, 0x23, 0x2B, 0xE6, 0x80, 0x8D, 0x02, 
    0x51, 0x85, 0x6E, 0x80, 0x79, 0x80, 0x16, 0xEC, 0x1D, 0xE1, 0xE7, 0x16, 
    0x40, 0xAA, 0xEE, 0x1A, 0x16, 0x2C, 0xEF, 0x7B, 0xDE, 0x04, 0x02, 0xEC, 
    0x03, 0x00, 0x00, 0x24, 0x02, 0xED, 0x03, 0x00, 0x00, 0x23, 0x16, 0x4E, 
    0x51, 0xEF, 0xDD, 0x02, 0xEF, 0x03, 0x00, 0x00, 0x16, 0xF3, 0xAD, 0x76, 
    0xC8, 0x02, 0xF0, 0x03, 0x00, 0x00, 0x16, 0x69, 0x3F, 0xE9, 0x63, 0x02, 
    0xF1, 0x03, 0x00, 0x00, 0x16, 0x7F, 0xA3, 0x9F, 0xAD, 0x80, 0x8D, 0x76, 
    0x95, 0xEB, 0xB3, 0x80, 0x8D, 0x0C, 0xF1, 0x31, 0x70, 0x80, 0x51, 0x82, 
    0x03, 0x16, 0x83, 0x2C, 0x07, 0x2D, 0x07, 0x16, 0x56, 0xCA, 0x18, 0x8A, 
    0x04, 0x02, 0xF2, 0x03, 0x00, 0x00, 0x24, 0x02, 0xF3, 0x03, 0x00, 0x00, 
    0x23, 0x16, 0x58, 0x13, 0x7E, 0x46, 0x02, 0xF5, 0x03, 0x00, 0x00, 0x16, 
    0xF3, 0xAD, 0x76, 0xC8, 0x02, 0xF6, 0x03, 0x00, 0x00, 0x16, 0x69, 0x3F, 
    0xE9, 0x63, 0x02, 0xF7, 0x03, 0x00, 0x00, 0x16, 0x7F, 0xA3, 0x9F, 0xAD, 
    0x16, 0x72, 0x50, 0x87, 0xD7, 0x16, 0x0C, 0xF1, 0x31, 0x70, 0x07, 0x03, 
    0x16, 0x83, 0x2C, 0x07, 0x2D, 0x07, 0x16, 0x56, 0xCA, 0x18, 0x8A, 0x04, 
    0x02, 0xF8, 0x03, 0x00, 0x00, 0x24, 0x02, 0xF9, 0x03, 0x00, 0x00, 0x23, 
    0x16, 0x33, 0x25, 0xCE, 0xE0, 0x02, 0xFB, 0x03, 0x00, 0x00, 0x16, 0x6F, 
    0xD8, 0x5E, 0x25, 0x03, 0x16, 0xF9, 0x81, 0xDC, 0xA1, 0x80, 0x6D, 0x80, 
    0x1C, 0x10, 0x00, 0x00, 0x00, 0x48, 0x61, 0x6E, 0x64, 0x73, 0x74, 0x61, 
    0x6E, 0x64, 0x20, 0x35, 0x30, 0x2D, 0x35, 0x30, 0x00, 0x16, 0xAE, 0xC8, 
    0x66, 0xCD, 0x07, 0x17, 0xF4, 0x01, 0x00, 0x00, 0x16, 0x64, 0x0F, 0xB6, 
    0xEB, 0x07, 0x16, 0xAE, 0x1F, 0x1C, 0x89, 0x16, 0xA4, 0x9B, 0x54, 0x98, 
    0x07, 0x16, 0xF5, 0xE6, 0xCC, 0x27, 0x16, 0xB7, 0x7D, 0x3F, 0x0E, 0x07, 
    0x80, 0xA1, 0x1C, 0x95, 0x89, 0x01, 0x16, 0xD6, 0xA8, 0x21, 0x73, 0x80, 
    0x75, 0x80, 0x16, 0x6F, 0xD8, 0x5E, 0x25, 0x16, 0x83, 0x2C, 0x07, 0x2D, 
    0x07, 0x2D, 0x16, 0x83, 0x2C, 0x07, 0x2D, 0x02, 0xFC, 0x03, 0x00, 0x00, 
    0x16, 0x42, 0x44, 0xE2, 0xA7, 0x07, 0x16, 0x0F, 0x59, 0x95, 0x4B, 0x16, 
    0x40, 0xAA, 0xEE, 0x1A, 0x16, 0x29, 0xBA, 0x78, 0x7C, 0x04, 0x02, 0xFD, 
    0x03, 0x00, 0x00, 0x24, 0x02, 0xFE, 0x03, 0x00, 0x00, 0x23, 0x16, 0x37, 
    0xE0, 0xA2, 0x84, 0x02, 0x80, 0x59, 0x80, 0x04, 0x00, 0x00, 0x16, 0x7F, 
    0xA3, 0x9F, 0xAD, 0x16, 0x33, 0x25, 0xCE, 0xE0, 0x02, 0x01, 0x04, 0x00, 
    0x00, 0x24, 0x02, 0x02, 0x04, 0x00, 0x00, 0x23, 0x16, 0xF8, 0xD7, 0xEA, 
    0xAE, 0x02, 0x04, 0x04, 0x00, 0x00, 0x16, 0xF3, 0xAD, 0x76, 0xC8, 0x02, 
    0x05, 0x04, 0x00, 0x00, 0x16, 0x69, 0x3F, 0xE9, 0x63, 0x02, 0x06, 0x04, 
    0x00, 0x00, 0x80, 0xBD, 0x7F, 0xA3, 0x9F, 0xAD, 0x16, 0x33, 0x25, 0xCE, 
    0xE0, 0x16, 0x0C, 0xF1, 0x31, 0x70, 0x07, 0x03, 0x80, 0x8D, 0x83, 0x2C, 
    0x07, 0x2D, 0x84, 0xE1, 0x56, 0xCA, 0x18, 0x8A, 0x04, 0x02, 0x07, 0x04, 
    0x00, 0x00, 0x24, 0x02, 0x08, 0x04, 0x00, 0x00, 0x23, 0x16, 0xEE, 0x95, 
    0x7B, 0x35, 0x02, 0x0A, 0x04, 0x80, 0x81, 0x00, 0x80, 0xE5, 0x7F, 0xA3, 
    0x9F, 0xAD, 0x16, 0xF8, 0xD7, 0xEA, 0xAE, 0x02, 0x0B, 0x04, 0x00, 0x00, 
    0x24, 0x02, 0x0C, 0x04, 0x00, 0x00, 0x23, 0x16, 0x1A, 0x24, 0xF7, 0xAA, 
    0x80, 0x85, 0x0E, 0x04, 0x80, 0x81, 0x00, 0x80, 0x41, 0x80, 0x6F, 0xD8, 
    0x5E, 0x25, 0x03, 0x16, 0xF9, 0x81, 0xDC, 0xA1, 0x07, 0x1C, 0x11, 0x00, 
    0x00, 0x00, 0x52, 0x6F, 0x77, 0x6C, 0x65, 0x79, 0x20, 0x44, 0x61, 0x72, 
    0x6B, 0x73, 0x6C, 0x69, 0x64, 0x65, 0x00, 0x16, 0xAE, 0xC8, 0x66, 0xCD, 
    0x07, 0x17, 0xF4, 0x01, 0x00, 0x00, 0x16, 0x64, 0x0F, 0xB6, 0xEB, 0x80, 
    0x85, 0x16, 0x3D, 0x80, 0x3D, 0x82, 0x16, 0xCF, 0x16, 0xA4, 0x9B, 0x54, 
    0x98, 0x07, 0x16, 0x02, 0x2E, 0x8C, 0x4E, 0x16, 0xB7, 0x7D, 0x3F, 0x0E, 
    0x07, 0x16, 0xB3, 0x7F, 0x3E, 0x62, 0x16, 0xD6, 0xA8, 0x21, 0x73, 0x07, 
    0x16, 0x9D, 0x11, 0x10, 0x8D, 0x16, 0x83, 0x2C, 0x07, 0x2D, 0x07, 0x2D, 
    0x16, 0x83, 0x2C, 0x07, 0x2D, 0x02, 0x0F, 0x04, 0x00, 0x00, 0x16, 0x42, 
    0x44, 0xE2, 0xA7, 0x07, 0x16, 0x7C, 0x27, 0xD5, 0x5C, 0x16, 0x40, 0xAA, 
    0xEE, 0x1A, 0x16, 0x29, 0xBA, 0x78, 0x7C, 0x16, 0x44, 0xA6, 0xF3, 0xE0, 
    0x07, 0x16, 0x56, 0xCA, 0x18, 0x8A, 0x04, 0x02, 0x10, 0x04, 0x00, 0x00, 
    0x24, 0x02, 0x11, 0x04, 0x00, 0x00, 0x23, 0x16, 0x1E, 0xE1, 0x9B, 0xCE, 
    0x02, 0x13, 0x04, 0x00, 0x00, 0x16, 0x7F, 0xA3, 0x9F, 0xAD, 0x80, 0x79, 
    0x80, 0x1A, 0x24, 0xF7, 0xAA, 0x02, 0x14, 0x04, 0x00, 0x00, 0x24, 0x02, 
    0x15, 0x04, 0x00, 0x00, 0x23, 0x16, 0x4F, 0x78, 0x9F, 0xEA, 0x02, 0x17, 
    0x04, 0x00, 0x00, 0x16, 0xF3, 0xAD, 0x76, 0xC8, 0x02, 0x18, 0x04, 0x00, 
    0x00, 0x16, 0x69, 0x3F, 0xE9, 0x63, 0x02, 0x19, 0x04, 0x00, 0x00, 0x16, 
    0x7F, 0xA3, 0x9F, 0xAD, 0x16, 0x1A, 0x24, 0xF7, 0xAA, 0x16, 0x0C, 0xF1, 
    0x31, 0x70, 0x07, 0x03, 0x80, 0xF9, 0x83, 0x2C, 0x07, 0x2D, 0x07, 0x16, 
    0x56, 0xCA, 0x18, 0x8A, 0x04, 0x02, 0x1A, 0x04, 0x00, 0x00, 0x24, 0x02, 
    0x1B, 0x04, 0x00, 0x00, 0x23, 0x16, 0x59, 0x3A, 0x0E, 0x71, 0x02, 0x1D, 
    0x04, 0x80, 0x81, 0x00, 0x80, 0x1D, 0x80, 0x7F, 0xA3, 0x9F, 0xAD, 0x16, 
    0x4F, 0x78, 0x9F, 0xEA, 0x02, 0x1E, 0x04, 0x00, 0x00, 0x24, 0x02, 0x1F, 
    0x04, 0x00, 0x00, 0x23, 0x16, 0xEF, 0x61, 0x49, 0xA5, 0x16, 0x02, 0x51, 
    0x85, 0x6E, 0x07, 0x16, 0x8F, 0x7C, 0xA8, 0x54, 0x02, 0x21, 0x04, 0x80, 
    0x29, 0x80, 0x00, 0x16, 0x6F, 0xD8, 0x5E, 0x25, 0x03, 0x16, 0xF9, 0x81, 
    0xDC, 0xA1, 0x07, 0x1C, 0x0E, 0x00, 0x00, 0x00, 0x42, 0x69, 0x67, 0x20, 
    0x48, 0x69, 0x74, 0x74, 0x65, 0x72, 0x20, 0x49, 0x49, 0x00, 0x16, 0xAE, 
    0xC8, 0x66, 0xCD, 0x07, 0x17, 0xF4, 0x01, 0x00, 0x00, 0x80, 0xE9, 0x64, 
    0x0F, 0xB6, 0xEB, 0x07, 0x16, 0x03, 0x61, 0xFC, 0x16, 0x16, 0xA4, 0x9B, 
    0x54, 0x98, 0x07, 0x16, 0xDE, 0xD9, 0x34, 0x8F, 0x16, 0xB7, 0x7D, 0x3F, 
    0x0E, 0x07, 0x80, 0x8D, 0x5A, 0x9D, 0x13, 0x5E, 0x80, 0xD5, 0xD6, 0xA8, 
    0x21, 0x73, 0x07, 0x16, 0x9D, 0x11, 0x10, 0x8D, 0x16, 0x83, 0x2C, 0x07, 
    0x2D, 0x07, 0x2D, 0x16, 0x83, 0x2C, 0x07, 0x2D, 0x80, 0x8D, 0x22, 0x04, 
    0x00, 0x00, 0x80, 0xB9, 0x42, 0x44, 0xE2, 0xA7, 0x07, 0x16, 0x7C, 0x27, 
    0xD5, 0x5C, 0x16, 0x40, 0xAA, 0xEE, 0x1A, 0x80, 0x8D, 0x02, 0x51, 0x85, 
    0x6E, 0x80, 0x11, 0x83, 0x2D, 0x16, 0x02, 0x51, 0x85, 0x6E, 0x16, 0x29, 
    0xBA, 0x78, 0x7C, 0x04, 0x02, 0x23, 0x04, 0x00, 0x00, 0x24, 0x02, 0x24, 
    0x04, 0x00, 0x00, 0x23, 0x16, 0xEB, 0xA4, 0x25, 0xC1, 0x02, 0x26, 0x04, 
    0x00, 0x00, 0x16, 0x7F, 0xA3, 0x9F, 0xAD, 0x16, 0xEF, 0x61, 0x49, 0xA5, 
    0x16, 0x0C, 0xF1, 0x31, 0x70, 0x07, 0x03, 0x16, 0x02, 0x51, 0x85, 0x6E, 
    0x07, 0x16, 0x8B, 0xB9, 0xC4, 0x30, 0x04, 0x02, 0x27, 0x04, 0x00, 0x00, 
    0x24, 0x02, 0x28, 0x04, 0x00, 0x00, 0x23, 0x16, 0x56, 0x4F, 0x8F, 0xC7, 
    0x02, 0x2A, 0x04, 0x00, 0x00, 0x16, 0xF3, 0xAD, 0x76, 0xC8, 0x02, 0x2B, 
    0x04, 0x00, 0x00, 0x16, 0x69, 0x3F, 0xE9, 0x63, 0x02, 0x2C, 0x04, 0x00, 
    0x00, 0x16, 0x7F, 0xA3, 0x9F, 0xAD, 0x16, 0xEF, 0x61, 0x49, 0xA5, 0x16, 
    0x0C, 0xF1, 0x31, 0x70, 0x07, 0x03, 0x16, 0x83, 0x2C, 0x07, 0x2D, 0x07, 
    0x16, 0x56, 0xCA, 0x18, 0x8A, 0x80, 0x79, 0x80, 0x02, 0x2D, 0x04, 0x00, 
    0x00, 0x24, 0x02, 0x2E, 0x04, 0x00, 0x00, 0x23, 0x16, 0x40, 0x0D, 0x1E, 
    0x5C, 0x02, 0x30, 0x04, 0x00, 0x00, 0x16, 0x7F, 0xA3, 0x9F, 0xAD, 0x16, 
    0x56, 0x4F, 0x8F, 0xC7, 0x02, 0x31, 0x04, 0x00, 0x00, 0x24, 0x02, 0x32, 
    0x04, 0x00, 0x00, 0x23, 0x16, 0x13, 0x77, 0x4F, 0x19, 0x16, 0x02, 0x51, 
    0x85, 0x6E, 0x07, 0x16, 0x8B, 0xB9, 0xC4, 0x30, 0x02, 0x34, 0x04, 0x80, 
    0x11, 0x80, 0x00, 0x16, 0x6F, 0xD8, 0x5E, 0x25, 0x03, 0x16, 0xF9, 0x81, 
    0xDC, 0xA1, 0x07, 0x1C, 0x13, 0x00, 0x00, 0x00, 0x4E, 0x6F, 0x73, 0x65, 
    0x67, 0x72, 0x69, 0x6E, 0x64, 0x20, 0x74, 0x6F, 0x20, 0x50, 0x69, 0x76, 
    0x6F, 0x74, 0x00, 0x80, 0x8D, 0xAE, 0xC8, 0x66, 0xCD, 0x80, 0x01, 0x80, 
    0x17, 0xF4, 0x01, 0x00, 0x00, 0x16, 0x64, 0x0F, 0xB6, 0xEB, 0x07, 0x16, 
    0xB6, 0x9E, 0x3A, 0x19, 0x16, 0xA4, 0x9B, 0x54, 0x98, 0x07, 0x16, 0x22, 
    0x58, 0x30, 0x34, 0x16, 0xB7, 0x7D, 0x3F, 0x0E, 0x07, 0x80, 0x29, 0x80, 
    0x13, 0x1C, 0x15, 0x98, 0x16, 0xD6, 0xA8, 0x21, 0x73, 0x07, 0x16, 0x6F, 
    0xD8, 0x5E, 0x25, 0x16, 0x83, 0x2C, 0x07, 0x2D, 0x07, 0x2D, 0x16, 0x83, 
    0x2C, 0x07, 0x2D, 0x02, 0x35, 0x04, 0x00, 0x00, 0x16, 0x42, 0x44, 0xE2, 
    0xA7, 0x07, 0x16, 0xC2, 0x23, 0x2B, 0xE6, 0x80, 0x29, 0x83, 0x40, 0xAA, 
    0xEE, 0x1A, 0x16, 0x44, 0xA6, 0xF3, 0xE0, 0x07, 0x16, 0x56, 0xCA, 0x18, 
    0x8A, 0x16, 0x20, 0x1B, 0xA1, 0xEB, 0x07, 0x17, 0x32, 0x00, 0x00, 0x00, 
    0x16, 0x02, 0x51, 0x85, 0x6E, 0x07, 0x2D, 0x16, 0x02, 0x51, 0x85, 0x6E, 
    0x16, 0x03, 0xA4, 0xA3, 0x65, 0x07, 0x16, 0xF4, 0xAE, 0x50, 0x87, 0x16, 
    0x29, 0xBA, 0x78, 0x7C, 0x04, 0x02, 0x36, 0x04, 0x00, 0x00, 0x24, 0x02, 
    0x37, 0x04, 0x00, 0x00, 0x23, 0x16, 0x17, 0xB2, 0x23, 0x7D, 0x02, 0x39, 
    0x04, 0x00, 0x00, 0x16, 0x7F, 0xA3, 0x9F, 0xAD, 0x16, 0x13, 0x77, 0x4F, 
    0x19, 0x02, 0x3A, 0x04, 0x00, 0x00, 0x24, 0x02, 0x3B, 0x04, 0x00, 0x00, 
    0x23, 0x16, 0xAA, 0x61, 0x19, 0x87, 0x02, 0x3D, 0x04, 0x00, 0x00, 0x16, 
    0xF3, 0xAD, 0x76, 0xC8, 0x02, 0x3E, 0x04, 0x00, 0x00, 0x16, 0x69, 0x3F, 
    0xE9, 0x63, 0x02, 0x3F, 0x04, 0x00, 0x00, 0x16, 0x7F, 0xA3, 0x9F, 0xAD, 
    0x16, 0x13, 0x77, 0x4F, 0x19, 0x80, 0x8D, 0x0C, 0xF1, 0x31, 0x70, 0x80, 
    0x81, 0x03, 0x80, 0xF9, 0x83, 0x2C, 0x07, 0x2D, 0x07, 0x16, 0x56, 0xCA, 
    0x18, 0x8A, 0x04, 0x02, 0x40, 0x04, 0x00, 0x00, 0x24, 0x02, 0x41, 0x04, 
    0x00, 0x00, 0x23, 0x16, 0xBC, 0x23, 0x88, 0x1C, 0x02, 0x43, 0x04, 0x80, 
    0x81, 0x00, 0x80, 0x1D, 0x80, 0x7F, 0xA3, 0x9F, 0xAD, 0x16, 0xAA, 0x61, 
    0x19, 0x87, 0x02, 0x44, 0x04, 0x00, 0x00, 0x24, 0x02, 0x45, 0x04, 0x00, 
    0x00, 0x23, 0x16, 0xF7, 0x67, 0xD6, 0xCE, 0x16, 0x02, 0x51, 0x85, 0x6E, 
    0x07, 0x16, 0x8F, 0x7C, 0xA8, 0x54, 0x02, 0x47, 0x04, 0x80, 0x1D, 0x80, 
    0x00, 0x16, 0x6F, 0xD8, 0x5E, 0x25, 0x03, 0x16, 0xF9, 0x81, 0xDC, 0xA1, 
    0x07, 0x1C, 0x11, 0x00, 0x00, 0x00, 0x4C, 0x61, 0x79, 0x62, 0x61, 0x63, 
    0x6B, 0x20, 0x42, 0x53, 0x20, 0x53, 0x6D, 0x69, 0x74, 0x68, 0x00, 0x16, 
    0xAE, 0xC8, 0x66, 0xCD, 0x80, 0x45, 0x84, 0x17, 0xF4, 0x01, 0x00, 0x00, 
    0x16, 0x64, 0x0F, 0xB6, 0xEB, 0x07, 0x16, 0x6F, 0x37, 0xA9, 0xAF, 0x16, 
    0xA4, 0x9B, 0x54, 0x98, 0x07, 0x16, 0xFB, 0xA1, 0x89, 0xCB, 0x16, 0xB7, 
    0x7D, 0x3F, 0x0E, 0x07, 0x16, 0x2C, 0xF8, 0x91, 0x6D, 0x16, 0xD6, 0xA8, 
    0x21, 0x73, 0x07, 0x16, 0x6F, 0xD8, 0x5E, 0x25, 0x16, 0x83, 0x2C, 0x07, 
    0x2D, 0x07, 0x2D, 0x16, 0x83, 0x2C, 0x07, 0x2D, 0x02, 0x48, 0x04, 0x00, 
    0x00, 0x16, 0x42, 0x44, 0xE2, 0xA7, 0x07, 0x16, 0x7C, 0x27, 0xD5, 0x5C, 
    0x16, 0x40, 0xAA, 0xEE, 0x1A, 0x16, 0x02, 0x51, 0x85, 0x6E, 0x07, 0x2D, 
    0x16, 0x02, 0x51, 0x85, 0x6E, 0x16, 0x29, 0xBA, 0x78, 0x7C, 0x16, 0xF0, 
    0x55, 0xA8, 0x7E, 0x07, 0x16, 0x41, 0xE8, 0x6C, 0xE1, 0x04, 0x02, 0x49, 
    0x04, 0x00, 0x00, 0x24, 0x02, 0x4A, 0x04, 0x00, 0x00, 0x23, 0x16, 0xF3, 
    0xA2, 0xBA, 0xAA, 0x16, 0x02, 0x51, 0x85, 0x6E, 0x07, 0x16, 0x8B, 0xB9, 
    0xC4, 0x30, 0x02, 0x4C, 0x04, 0x00, 0x00, 0x16, 0x6F, 0xD8, 0x5E, 0x25, 
    0x03, 0x16, 0xF9, 0x81, 0xDC, 0xA1, 0x07, 0x1C, 0x12, 0x00, 0x00, 0x00, 
    0x4C, 0x61, 0x79, 0x62, 0x61, 0x63, 0x6B, 0x20, 0x46, 0x53, 0x20, 0x46, 
    0x65, 0x65, 0x62, 0x6C, 0x65, 0x84, 0x8D, 0xAE, 0xC8, 0x66, 0xCD, 0x80, 
    0x91, 0x17, 0xF4, 0x01, 0x00, 0x00, 0x80, 0xBD, 0x64, 0x0F, 0xB6, 0xEB, 
    0x07, 0x16, 0x6F, 0x37, 0xA9, 0xAF, 0x16, 0xA4, 0x9B, 0x54, 0x98, 0x07, 
    0x80, 0x8D, 0xFB, 0xA1, 0x89, 0xCB, 0x80, 0x8D, 0xB7, 0x7D, 0x3F, 0x0E, 
    0x84, 0xD5, 0x2C, 0xF8, 0x91, 0x6D, 0x16, 0xD6, 0xA8, 0x21, 0x73, 0x07, 
    0x16, 0x6F, 0xD8, 0x5E, 0x25, 0x16, 0x83, 0x2C, 0x07, 0x2D, 0x07, 0x2D, 
    0x80, 0xB9, 0x83, 0x2C, 0x07, 0x2D, 0x02, 0x4D, 0x04, 0x00, 0x00, 0x16, 
    0x42, 0x44, 0xE2, 0xA7, 0x07, 0x80, 0x29, 0x85, 0x7C, 0x27, 0xD5, 0x5C, 
    0x16, 0x40, 0xAA, 0xEE, 0x1A, 0x16, 0x02, 0x51, 0x85, 0x6E, 0x07, 0x2D, 
    0x16, 0x02, 0x51, 0x85, 0x6E, 0x16, 0x29, 0xBA, 0x78, 0x7C, 0x16, 0xF0, 
    0x55, 0xA8, 0x7E, 0x07, 0x16, 0x41, 0xE8, 0x6C, 0xE1, 0x04, 0x02, 0x4E, 
    0x04, 0x00, 0x00, 0x24, 0x02, 0x4F, 0x04, 0x00, 0x00, 0x23, 0x16, 0x91, 
    0x62, 0x16, 0x7A, 0x02, 0x51, 0x04, 0x00, 0x00, 0x16, 0x65, 0x0C, 0xDE, 
    0xD9, 0x02, 0x52, 0x04, 0x00, 0x00, 0x16, 0x69, 0x3F, 0xE9, 0x63, 0x02, 
    0x53, 0x04, 0x00, 0x00, 0x16, 0x7F, 0xA3, 0x9F, 0xAD, 0x16, 0xF3, 0xA2, 
    0xBA, 0xAA, 0x16, 0x0C, 0xF1, 0x31, 0x70, 0x07, 0x03, 0x16, 0x83, 0x2C, 
    0x07, 0x2D, 0x07, 0x16, 0x56, 0xCA, 0x18, 0x8A, 0x04, 0x02, 0x54, 0x04, 
    0x00, 0x00, 0x24, 0x02, 0x55, 0x04, 0x00, 0x00, 0x23, 0x16, 0x87, 0x20, 
    0x87, 0xE1, 0x02, 0x57, 0x04, 0x00, 0x00, 0x16, 0x65, 0x0C, 0xDE, 0xD9, 
    0x02, 0x58, 0x04, 0x00, 0x00, 0x16, 0x69, 0x3F, 0xE9, 0x63, 0x02, 0x59, 
    0x04, 0x00, 0x00, 0x16, 0x7F, 0xA3, 0x9F, 0xAD, 0x16, 0xF7, 0x67, 0xD6, 
    0xCE, 0x16, 0x0C, 0xF1, 0x31, 0x70, 0x07, 0x03, 0x16, 0x83, 0x2C, 0x07, 
    0x2D, 0x07, 0x16, 0x56, 0xCA, 0x18, 0x8A, 0x04, 0x02, 0x5A, 0x04, 0x00, 
    0x00, 0x24, 0x02, 0x5B, 0x04, 0x00, 0x00, 0x23, 0x16, 0xB7, 0x40, 0x3D, 
    0x1A, 0x16, 0x02, 0x51, 0x85, 0x6E, 0x07, 0x80, 0x15, 0x81, 0x8F, 0x7C, 
    0xA8, 0x54, 0x02, 0x5D, 0x04, 0x00, 0x00, 0x16, 0x6F, 0xD8, 0x5E, 0x25, 
    0x03, 0x16, 0xF9, 0x81, 0xDC, 0xA1, 0x07, 0x1C, 0x10, 0x00, 0x00, 0x00, 
    0x54, 0x61, 0x69, 0x6C, 0x62, 0x6C, 0x6F, 0x63, 0x6B, 0x20, 0x53, 0x6C, 
    0x69, 0x64, 0x65, 0x00, 0x16, 0xAE, 0xC8, 0x66, 0xCD, 0x07, 0x17, 0xF4, 
    0x01, 0x00, 0x00, 0x16, 0x64, 0x0F, 0xB6, 0xEB, 0x07, 0x16, 0x26, 0x41, 
    0xEC, 0x6B, 0x16, 0xA4, 0x9B, 0x54, 0x98, 0x07, 0x80, 0xA1, 0xB9, 0x1D, 
    0x4D, 0xC4, 0x16, 0xB7, 0x7D, 0x3F, 0x0E, 0x80, 0x25, 0x81, 0x16, 0x26, 
    0x41, 0xEC, 0x6B, 0x16, 0xD6, 0xA8, 0x21, 0x73, 0x07, 0x16, 0x9D, 0x11, 
    0x10, 0x8D, 0x16, 0x83, 0x2C, 0x07, 0x2D, 0x07, 0x2D, 0x16, 0x83, 0x2C, 
    0x07, 0x2D, 0x02, 0x5E, 0x04, 0x00, 0x00, 0x16, 0x42, 0x44, 0xE2, 0xA7, 
    0x07, 0x16, 0x7C, 0x27, 0xD5, 0x5C, 0x16, 0x02, 0x51, 0x85, 0x6E, 0x07, 
    0x2D, 0x16, 0x02, 0x51, 0x85, 0x6E, 0x16, 0x40, 0xAA, 0xEE, 0x1A, 0x04, 
    0x02, 0x5F, 0x04, 0x00, 0x00, 0x24, 0x02, 0x60, 0x04, 0x00, 0x00, 0x23, 
    0x80, 0x9D, 0xB3, 0x85, 0x51, 0x7E, 0x02, 0x62, 0x04, 0x00, 0x80, 0xD9, 
    0x16, 0x7F, 0xA3, 0x9F, 0xAD, 0x16, 0xB7, 0x40, 0x3D, 0x1A, 0x16, 0x0C, 
    0xF1, 0x31, 0x70, 0x07, 0x03, 0x16, 0x02, 0x51, 0x85, 0x6E, 0x07, 0x80, 
    0x0D, 0x80, 0x8B, 0xB9, 0xC4, 0x30, 0x04, 0x02, 0x63, 0x04, 0x00, 0x00, 
    0x24, 0x02, 0x64, 0x04, 0x00, 0x00, 0x23, 0x16, 0x23, 0x56, 0x34, 0xE0, 
    0x02, 0x66, 0x04, 0x00, 0x00, 0x16, 0xF3, 0xAD, 0x76, 0xC8, 0x02, 0x67, 
    0x04, 0x00, 0x80, 0x15, 0x80, 0x16, 0x69, 0x3F, 0xE9, 0x63, 0x02, 0x68, 
    0x04, 0x00, 0x00, 0x16, 0x7F, 0xA3, 0x9F, 0xAD, 0x16, 0xB7, 0x40, 0x3D, 
    0x1A, 0x16, 0x0C, 0xF1, 0x31, 0x70, 0x07, 0x03, 0x16, 0x83, 0x2C, 0x07, 
    0x2D, 0x07, 0x16, 0x56, 0xCA, 0x18, 0x8A, 0x80, 0x4D, 0x80, 0x02, 0x69, 
    0x04, 0x00, 0x00, 0x24, 0x02, 0x6A, 0x04, 0x00, 0x00, 0x23, 0x16, 0x35, 
    0x14, 0xA5, 0x7B, 0x02, 0x6C, 0x04, 0x00, 0x00, 0x16, 0x7F, 0xA3, 0x9F, 
    0xAD, 0x16, 0x23, 0x56, 0x34, 0xE0, 0x02, 0x6D, 0x04, 0x00, 0x00, 0x24, 
    0x02, 0x6E, 0x04, 0x00, 0x00, 0x23, 0x16, 0xA1, 0xEB, 0xB8, 0x99, 0x02, 
    0x70, 0x04, 0x80, 0x81, 0x00, 0x80, 0x15, 0x81, 0x6F, 0xD8, 0x5E, 0x25, 
    0x03, 0x16, 0xF9, 0x81, 0xDC, 0xA1, 0x07, 0x1C, 0x0F, 0x00, 0x00, 0x00, 
    0x54, 0x68, 0x65, 0x20, 0x48, 0x75, 0x6D, 0x61, 0x6E, 0x20, 0x44, 0x61, 
    0x72, 0x74, 0x00, 0x16, 0xAE, 0xC8, 0x66, 0xCD, 0x07, 0x17, 0xF4, 0x01, 
    0x00, 0x00, 0x16, 0x64, 0x0F, 0xB6, 0xEB, 0x07, 0x16, 0x47, 0x55, 0x6B, 
    0x75, 0x16, 0xA4, 0x9B, 0x54, 0x98, 0x07, 0x16, 0x63, 0xCB, 0xE6, 0xFE, 
    0x16, 0xB7, 0x7D, 0x3F, 0x0E, 0x07, 0x80, 0x61, 0x80, 0x47, 0x00, 0x4B, 
    0xCF, 0x16, 0xD6, 0xA8, 0x21, 0x73, 0x07, 0x16, 0x6F, 0xD8, 0x5E, 0x25, 
    0x16, 0x83, 0x2C, 0x07, 0x2D, 0x07, 0x2D, 0x16, 0x83, 0x2C, 0x07, 0x2D, 
    0x02, 0x71, 0x04, 0x00, 0x00, 0x16, 0x42, 0x44, 0xE2, 0xA7, 0x07, 0x16, 
    0x7C, 0x27, 0xD5, 0x5C, 0x16, 0x40, 0xAA, 0xEE, 0x1A, 0x16, 0x29, 0xBA, 
    0x78, 0x7C, 0x04, 0x02, 0x72, 0x04, 0x80, 0x15, 0x81, 0x00, 0x24, 0x02, 
    0x73, 0x04, 0x00, 0x00, 0x23, 0x16, 0xA5, 0x2E, 0xD4, 0xFD, 0x02, 0x75, 
    0x04, 0x00, 0x00, 0x16, 0x7F, 0xA3, 0x9F, 0xAD, 0x16, 0xA1, 0xEB, 0xB8, 
    0x99, 0x02, 0x76, 0x04, 0x00, 0x00, 0x24, 0x02, 0x77, 0x04, 0x00, 0x00, 
    0x23, 0x16, 0x75, 0x52, 0x2E, 0x72, 0x02, 0x79, 0x04, 0x00, 0x00, 0x16, 
    0xF3, 0xAD, 0x76, 0xC8, 0x02, 0x7A, 0x04, 0x00, 0x00, 0x16, 0x69, 0x3F, 
    0xE9, 0x63, 0x02, 0x7B, 0x04, 0x00, 0x00, 0x80, 0xBD, 0x7F, 0xA3, 0x9F, 
    0xAD, 0x16, 0xA1, 0xEB, 0xB8, 0x99, 0x16, 0x0C, 0xF1, 0x31, 0x70, 0x07, 
    0x03, 0x80, 0x8D, 0x83, 0x2C, 0x07, 0x2D, 0x84, 0xE1, 0x56, 0xCA, 0x18, 
    0x8A, 0x04, 0x02, 0x7C, 0x04, 0x00, 0x00, 0x24, 0x02, 0x7D, 0x04, 0x00, 
    0x00, 0x23, 0x16, 0x63, 0x10, 0xBF, 0xE9, 0x02, 0x7F, 0x04, 0x80, 0x81, 
    0x00, 0x80, 0x91, 0x7F, 0xA3, 0x9F, 0xAD, 0x16, 0x80, 0xD9, 0x52, 0x2E, 
    0x72, 0x02, 0x80, 0x04, 0x00, 0x00, 0x24, 0x02, 0x81, 0x04, 0x00, 0x00, 
    0x23, 0x16, 0x93, 0xB6, 0x77, 0xEA, 0x02, 0x83, 0x04, 0x80, 0x81, 0x00, 
    0x80, 0xE9, 0x6F, 0xD8, 0x5E, 0x25, 0x03, 0x16, 0xF9, 0x81, 0xDC, 0xA1, 
    0x07, 0x1C, 0x0C, 0x00, 0x00, 0x00, 0x53, 0x2E, 0x55, 0x2E, 0x49, 0x20, 
    0x47, 0x72, 0x69, 0x6E, 0x64, 0x80, 0xA9, 0x16, 0xAE, 0xC8, 0x66, 0xCD, 
    0x07, 0x17, 0xF4, 0x01, 0x00, 0x00, 0x80, 0x8D, 0x64, 0x0F, 0xB6, 0xEB, 
    0x80, 0x25, 0x82, 0x16, 0xC1, 0x9C, 0x77, 0xC9, 0x16, 0xA4, 0x9B, 0x54, 
    0x98, 0x07, 0x16, 0xA0, 0xCD, 0x27, 0xD3, 0x16, 0xD6, 0xA8, 0x21, 0x73, 
    0x07, 0x16, 0x6F, 0xD8, 0x5E, 0x25, 0x16, 0x83, 0x2C, 0x07, 0x2D, 0x07, 
    0x2D, 0x16, 0x83, 0x2C, 0x07, 0x2D, 0x02, 0x84, 0x04, 0x00, 0x00, 0x16, 
    0x42, 0x44, 0xE2, 0xA7, 0x07, 0x16, 0x7C, 0x27, 0xD5, 0x5C, 0x16, 0x40, 
    0xAA, 0xEE, 0x1A, 0x16, 0x29, 0xBA, 0x78, 0x7C, 0x04, 0x02, 0x85, 0x04, 
    0x00, 0x00, 0x24, 0x02, 0x86, 0x04, 0x00, 0x00, 0x23, 0x16, 0xA9, 0x01, 
    0x7B, 0x02, 0x16, 0xF9, 0x81, 0xDC, 0xA1, 0x07, 0x1C, 0x09, 0x00, 0x00, 
    0x00, 0x46, 0x53, 0x20, 0x53, 0x61, 0x6C, 0x61, 0x64, 0x00, 0x02, 0x88, 
    0x04, 0x80, 0x2D, 0x83, 0x00, 0x16, 0x6F, 0xD8, 0x5E, 0x25, 0x03, 0x16, 
    0xF9, 0x81, 0xDC, 0xA1, 0x07, 0x2D, 0x16, 0xF9, 0x81, 0xDC, 0xA1, 0x16, 
    0xAE, 0xC8, 0x66, 0xCD, 0x07, 0x17, 0x7D, 0x00, 0x00, 0x00, 0x16, 0x60, 
    0x97, 0x73, 0x64, 0x07, 0x17, 0x09, 0x00, 0x00, 0x00, 0x16, 0x64, 0x0F, 
    0xB6, 0xEB, 0x07, 0x16, 0x11, 0xC7, 0x7A, 0xE2, 0x16, 0xA4, 0x9B, 0x54, 
    0x98, 0x07, 0x16, 0x30, 0x2E, 0x79, 0x7C, 0x16, 0xD6, 0xA8, 0x21, 0x73, 
    0x07, 0x16, 0x6F, 0xD8, 0x5E, 0x25, 0x16, 0x83, 0x2C, 0x07, 0x2D, 0x07, 
    0x2D, 0x16, 0x83, 0x2C, 0x07, 0x2D, 0x02, 0x89, 0x04, 0x00, 0x00, 0x16, 
    0x42, 0x44, 0xE2, 0xA7, 0x07, 0x16, 0x7C, 0x27, 0xD5, 0x5C, 0x16, 0x02, 
    0x51, 0x85, 0x6E, 0x07, 0x16, 0x8B, 0xB9, 0xC4, 0x30, 0x16, 0x40, 0xAA, 
    0xEE, 0x1A, 0x16, 0xA0, 0xAC, 0x16, 0x7A, 0x07, 0x2D, 0x16, 0xA0, 0xAC, 
    0x16, 0x7A, 0x04, 0x02, 0x8A, 0x04, 0x00, 0x00, 0x24, 0x02, 0x8B, 0x04, 
    0x84, 0x81, 0x23, 0x80, 0x01, 0x82, 0xAD, 0xC4, 0x17, 0x66, 0x16, 0xF9, 
    0x81, 0xDC, 0xA1, 0x07, 0x1C, 0x09, 0x00, 0x00, 0x00, 0x42, 0x53, 0x20, 
    0x53, 0x61, 0x6C, 0x61, 0x64, 0x00, 0x02, 0x8D, 0x04, 0x00, 0x00, 0x16, 
    0x6F, 0xD8, 0x5E, 0x25, 0x03, 0x16, 0xF9, 0x81, 0xDC, 0xA1, 0x07, 0x2D, 
    0x16, 0xF9, 0x81, 0xDC, 0xA1, 0x16, 0xAE, 0xC8, 0x66, 0xCD, 0x07, 0x17, 
    0x7D, 0x00, 0x00, 0x00, 0x16, 0x60, 0x97, 0x73, 0x64, 0x07, 0x17, 0x09, 
    0x00, 0x00, 0x00, 0x16, 0x64, 0x0F, 0xB6, 0xEB, 0x07, 0x16, 0xDE, 0xE0, 
    0x72, 0x91, 0x16, 0xA4, 0x9B, 0x54, 0x98, 0x07, 0x16, 0x36, 0xF9, 0xD1, 
    0x77, 0x16, 0xD6, 0xA8, 0x21, 0x73, 0x07, 0x80, 0x15, 0x81, 0x6F, 0xD8, 
    0x5E, 0x25, 0x16, 0x83, 0x2C, 0x07, 0x2D, 0x07, 0x2D, 0x16, 0x83, 0x2C, 
    0x07, 0x2D, 0x02, 0x8E, 0x04, 0x00, 0x00, 0x16, 0x42, 0x44, 0xE2, 0xA7, 
    0x07, 0x16, 0x7C, 0x27, 0xD5, 0x5C, 0x16, 0x02, 0x51, 0x85, 0x6E, 0x07, 
    0x16, 0x8F, 0x7C, 0xA8, 0x54, 0x16, 0x40, 0xAA, 0xEE, 0x1A, 0x16, 0xA0, 
    0xAC, 0x16, 0x7A, 0x07, 0x2D, 0x16, 0xA0, 0xAC, 0x16, 0x7A, 0x04, 0x02, 
    0x8F, 0x04, 0x00, 0x00, 0x24, 0x02, 0x90, 0x04, 0x84, 0x81, 0x23, 0x80, 
    0x99, 0xAD, 0xE1, 0xE5, 0x94, 0x02, 0x92, 0x04, 0x84, 0x41, 0x80, 0x16, 
    0x65, 0x0C, 0xDE, 0xD9, 0x02, 0x94, 0x04, 0x00, 0x00, 0x16, 0x7F, 0xA3, 
    0x9F, 0xAD, 0x16, 0xAD, 0xC4, 0x17, 0x66, 0x16, 0x0C, 0xF1, 0x31, 0x70, 
    0x07, 0x03, 0x16, 0x83, 0x2C, 0x07, 0x2D, 0x07, 0x16, 0x56, 0xCA, 0x18, 
    0x8A, 0x04, 0x02, 0x95, 0x04, 0x00, 0x00, 0x24, 0x02, 0x96, 0x04, 0x00, 
    0x80, 0x81, 0x23, 0x80, 0xF1, 0xBB, 0xA3, 0x74, 0x0F, 0x02, 0x98, 0x04, 
    0x00, 0x00, 0x16, 0x65, 0x0C, 0xDE, 0xD9, 0x02, 0x9A, 0x04, 0x00, 0x00, 
    0x16, 0x7F, 0xA3, 0x9F, 0xAD, 0x16, 0xA9, 0x01, 0x7B, 0x02, 0x80, 0x95, 
    0x0C, 0xF1, 0x31, 0x70, 0x07, 0x03, 0x80, 0xA5, 0x83, 0x2C, 0x07, 0x2D, 
    0x07, 0x16, 0x56, 0xCA, 0x18, 0x8A, 0x80, 0xD1, 0x02, 0x9B, 0x04, 0x00, 
    0x00, 0x24, 0x02, 0x9C, 0x04, 0x00, 0x00, 0x23, 0x16, 0x58, 0x34, 0x09, 
    0xBF, 0x02, 0x9E, 0x04, 0x00, 0x80, 0x81, 0x25, 0x80, 0xA1, 0x7B, 0x1B, 
    0x37, 0xBE, 0x02, 0x9F, 0x04, 0x00, 0x00, 0x80, 0xC1, 0x7F, 0xA3, 0x9F, 
    0xAD, 0x16, 0x11, 0x34, 0x3C, 0x0A, 0x02, 0xA0, 0x04, 0x00, 0x00, 0x26, 
    0x02, 0xA1, 0x80, 0xD1, 0x00, 0x00, 0x16, 0x7F, 0xA3, 0x9F, 0xAD, 0x16, 
    0xD1, 0x92, 0xBC, 0xFF, 0x02, 0xA2, 0x04, 0x00, 0x00, 0x28, 0x02, 0xA3, 
    0x04, 0x80, 0xCD, 0x00, 0x24, 0x02, 0xA4, 0x04, 0x00, 0x00, 0x23, 0x16, 
    0xD1, 0x92, 0xBC, 0xFF, 0x16, 0xF9, 0x81, 0xDC, 0xA1, 0x07, 0x1C, 0x80, 
    0xED, 0x00, 0x00, 0x00, 0x46, 0x53, 0x20, 0x4E, 0x6F, 0x73, 0x65, 0x73, 
    0x6C, 0x69, 0x64, 0x65, 0x20, 0x4C, 0x69, 0x70, 0x53, 0x6C, 0x69, 0x64, 
    0x65, 0x00, 0x02, 0xA6, 0x04, 0x80, 0x81, 0x00, 0x80, 0x29, 0x83, 0x6F, 
    0xD8, 0x5E, 0x25, 0x03, 0x16, 0xF9, 0x81, 0xDC, 0xA1, 0x07, 0x2D, 0x16, 
    0xF9, 0x81, 0xDC, 0xA1, 0x16, 0xAE, 0xC8, 0x66, 0xCD, 0x07, 0x17, 0xF4, 
    0x01, 0x00, 0x00, 0x16, 0x64, 0x0F, 0xB6, 0xEB, 0x07, 0x16, 0xC2, 0xAB, 
    0xFE, 0x83, 0x16, 0xA4, 0x9B, 0x54, 0x98, 0x07, 0x16, 0x6D, 0xE5, 0x25, 
    0x7C, 0x16, 0xD6, 0xA8, 0x21, 0x73, 0x07, 0x16, 0x9D, 0x11, 0x10, 0x8D, 
    0x16, 0x2C, 0xEF, 0x7B, 0xDE, 0x07, 0x16, 0x56, 0xCA, 0x18, 0x8A, 0x16, 
    0x83, 0x2C, 0x07, 0x2D, 0x07, 0x2D, 0x16, 0x83, 0x2C, 0x07, 0x2D, 0x02, 
    0xA7, 0x04, 0x00, 0x00, 0x16, 0x42, 0x44, 0xE2, 0xA7, 0x07, 0x16, 0x7C, 
    0x27, 0xD5, 0x5C, 0x16, 0x02, 0x51, 0x85, 0x6E, 0x07, 0x16, 0xEC, 0x1D, 
    0xE1, 0xE7, 0x16, 0x40, 0xAA, 0xEE, 0x1A, 0x16, 0xA0, 0xAC, 0x16, 0x7A, 
    0x07, 0x2D, 0x16, 0xA0, 0xAC, 0x16, 0x7A, 0x04, 0x02, 0xA8, 0x04, 0x00, 
    0x00, 0x24, 0x02, 0xA9, 0x04, 0x00, 0x80, 0x81, 0x23, 0x80, 0xA5, 0x5C, 
    0xF1, 0x65, 0xDB, 0x02, 0xAB, 0x04, 0x00, 0x00, 0x25, 0x80, 0x09, 0x82, 
    0x7B, 0x1B, 0x37, 0xBE, 0x02, 0xAC, 0x04, 0x00, 0x00, 0x16, 0x7F, 0xA3, 
    0x9F, 0xAD, 0x16, 0xD1, 0x92, 0xBC, 0xFF, 0x02, 0xAD, 0x04, 0x00, 0x00, 
    0x26, 0x02, 0xAE, 0x04, 0x00, 0x00, 0x16, 0x7F, 0xA3, 0x9F, 0xAD, 0x16, 
    0x11, 0x34, 0x3C, 0x0A, 0x02, 0xAF, 0x04, 0x00, 0x00, 0x28, 0x02, 0xB0, 
    0x04, 0x00, 0x00, 0x24, 0x02, 0xB1, 0x04, 0x00, 0x00, 0x23, 0x16, 0x11, 
    0x34, 0x3C, 0x0A, 0x16, 0xF9, 0x81, 0xDC, 0xA1, 0x07, 0x1C, 0x16, 0x00, 
    0x00, 0x00, 0x42, 0x53, 0x20, 0x4E, 0x6F, 0x73, 0x65, 0x53, 0x6C, 0x69, 
    0x64, 0x65, 0x20, 0x4C, 0x69, 0x70, 0x53, 0x6C, 0x69, 0x64, 0x65, 0x00, 
    0x02, 0xB3, 0x04, 0x80, 0x81, 0x00, 0x80, 0x29, 0x83, 0x6F, 0xD8, 0x5E, 
    0x25, 0x03, 0x16, 0xF9, 0x81, 0xDC, 0xA1, 0x07, 0x2D, 0x16, 0xF9, 0x81, 
    0xDC, 0xA1, 0x16, 0xAE, 0xC8, 0x66, 0xCD, 0x07, 0x17, 0xF4, 0x01, 0x00, 
    0x00, 0x16, 0x64, 0x0F, 0xB6, 0xEB, 0x07, 0x16, 0x20, 0xA6, 0x96, 0x6A, 
    0x16, 0xA4, 0x9B, 0x54, 0x98, 0x07, 0x16, 0x6B, 0x32, 0x8D, 0x77, 0x16, 
    0xD6, 0xA8, 0x21, 0x73, 0x07, 0x16, 0x9D, 0x11, 0x10, 0x8D, 0x16, 0x2C, 
    0xEF, 0x7B, 0xDE, 0x07, 0x16, 0x56, 0xCA, 0x18, 0x8A, 0x16, 0x83, 0x2C, 
    0x07, 0x2D, 0x07, 0x2D, 0x16, 0x83, 0x2C, 0x07, 0x2D, 0x02, 0xB4, 0x04, 
    0x00, 0x00, 0x16, 0x42, 0x44, 0xE2, 0xA7, 0x07, 0x16, 0xC2, 0x23, 0x2B, 
    0xE6, 0x16, 0x02, 0x51, 0x85, 0x6E, 0x07, 0x16, 0xE8, 0xD8, 0x8D, 0x83, 
    0x16, 0x40, 0xAA, 0xEE, 0x1A, 0x16, 0xA0, 0xAC, 0x16, 0x7A, 0x07, 0x2D, 
    0x16, 0xA0, 0xAC, 0x16, 0x7A, 0x04, 0x02, 0xB5, 0x04, 0x00, 0x00, 0x24, 
    0x02, 0xB6, 0x04, 0x00, 0x80, 0x81, 0x23, 0x80, 0x61, 0x80, 0x51, 0x63, 
    0x46, 0x20, 0x02, 0xB8, 0x04, 0x00, 0x00, 0x16, 0x65, 0x0C, 0xDE, 0xD9, 
    0x02, 0xB9, 0x04, 0x00, 0x00, 0x16, 0x69, 0x3F, 0xE9, 0x63, 0x02, 0xBA, 
    0x04, 0x00, 0x00, 0x16, 0x7F, 0xA3, 0x9F, 0xAD, 0x16, 0x5C, 0xF1, 0x65, 
    0xDB, 0x16, 0x0C, 0xF1, 0x31, 0x70, 0x07, 0x03, 0x16, 0x83, 0x2C, 0x07, 
    0x2D, 0x07, 0x16, 0x56, 0xCA, 0x18, 0x8A, 0x80, 0xFD, 0x02, 0xBB, 0x04, 
    0x00, 0x00, 0x24, 0x02, 0xBC, 0x04, 0x00, 0x00, 0x23, 0x16, 0x47, 0x21, 
    0xD7, 0xBB, 0x02, 0xBE, 0x04, 0x00, 0x00, 0x16, 0x65, 0x0C, 0xDE, 0xD9, 
    0x02, 0xBF, 0x04, 0x00, 0x00, 0x80, 0x19, 0x81, 0x69, 0x3F, 0xE9, 0x63, 
    0x02, 0xC0, 0x04, 0x00, 0x00, 0x16, 0x7F, 0xA3, 0x9F, 0xAD, 0x16, 0x58, 
    0x34, 0x09, 0xBF, 0x16, 0x0C, 0xF1, 0x31, 0x70, 0x07, 0x03, 0x16, 0x83, 
    0x2C, 0x07, 0x2D, 0x07, 0x16, 0x56, 0xCA, 0x18, 0x8A, 0x04, 0x02, 0xC1, 
    0x04, 0x00, 0x00, 0x24, 0x02, 0xC2, 0x04, 0x00, 0x00, 0x23, 0x16, 0x8E, 
    0x84, 0x6D, 0x29, 0x02, 0xC4, 0x04, 0x00, 0x00, 0x16, 0x6F, 0xD8, 0x5E, 
    0x25, 0x03, 0x16, 0xF9, 0x81, 0xDC, 0xA1, 0x80, 0xCD, 0x1C, 0x0F, 0x00, 
    0x00, 0x00, 0x47, 0x68, 0x65, 0x74, 0x74, 0x6F, 0x20, 0x42, 0x6C, 0x61, 
    0x73, 0x74, 0x69, 0x6E, 0x00, 0x80, 0x9D, 0xAE, 0xC8, 0x66, 0xCD, 0x07, 
    0x17, 0xF4, 0x01, 0x80, 0x3D, 0x80, 0x00, 0x16, 0x64, 0x0F, 0xB6, 0xEB, 
    0x07, 0x16, 0xE3, 0xE7, 0x9D, 0x5B, 0x16, 0xA4, 0x9B, 0x54, 0x98, 0x07, 
    0x16, 0x82, 0xB6, 0xCD, 0x41, 0x16, 0xD6, 0xA8, 0x21, 0x73, 0x07, 0x16, 
    0x6F, 0xD8, 0x5E, 0x25, 0x16, 0x83, 0x2C, 0x07, 0x2D, 0x07, 0x2D, 0x16, 
    0x83, 0x2C, 0x07, 0x2D, 0x02, 0xC5, 0x80, 0x21, 0x82, 0x00, 0x00, 0x16, 
    0x42, 0x44, 0xE2, 0xA7, 0x07, 0x16, 0xC2, 0x23, 0x2B, 0xE6, 0x16, 0x40, 
    0xAA, 0xEE, 0x1A, 0x16, 0xE3, 0x41, 0x16, 0x0F, 0x07, 0x16, 0x84, 0xDF, 
    0xFA, 0x24, 0x16, 0x77, 0xB3, 0xBC, 0x13, 0x07, 0x16, 0x6F, 0x75, 0xC0, 
    0x87, 0x04, 0x02, 0xC6, 0x04, 0x00, 0x00, 0x24, 0x02, 0xC7, 0x04, 0x00, 
    0x00, 0x23, 0x16, 0x8A, 0x41, 0x01, 0x4D, 0x02, 0xC9, 0x04, 0x00, 0x00, 
    0x16, 0x7F, 0xA3, 0x9F, 0xAD, 0x16, 0x8E, 0x84, 0x6D, 0x29, 0x02, 0xCA, 
    0x04, 0x00, 0x00, 0x24, 0x02, 0xCB, 0x04, 0x00, 0x00, 0x23, 0x16, 0xD6, 
    0xE3, 0xDA, 0xFE, 0x02, 0xCD, 0x04, 0x00, 0x00, 0x16, 0xF3, 0xAD, 0x76, 
    0xC8, 0x02, 0xCE, 0x04, 0x00, 0x00, 0x80, 0x8D, 0x69, 0x3F, 0xE9, 0x63, 
    0x80, 0x81, 0xCF, 0x8C, 0x3D, 0x80, 0x7F, 0xA3, 0x9F, 0xAD, 0x16, 0x8E, 
    0x84, 0x6D, 0x29, 0x16, 0x0C, 0xF1, 0x31, 0x70, 0x07, 0x03, 0x16, 0x83, 
    0x2C, 0x07, 0x2D, 0x07, 0x16, 0x56, 0xCA, 0x18, 0x8A, 0x04, 0x02, 0xD0, 
    0x04, 0x00, 0x00, 0x24, 0x02, 0xD1, 0x04, 0x00, 0x00, 0x23, 0x16, 0xC0, 
    0xA1, 0x4B, 0x65, 0x02, 0xD3, 0x04, 0x80, 0x81, 0x00, 0x80, 0xF1, 0x7F, 
    0xA3, 0x9F, 0xAD, 0x16, 0xD6, 0xE3, 0xDA, 0xFE, 0x02, 0xD4, 0x04, 0x00, 
    0x00, 0x24, 0x02, 0xD5, 0x04, 0x00, 0x00, 0x23, 0x16, 0x54, 0xE9, 0x8C, 
    0x26, 0x02, 0xD7, 0x04, 0x80, 0x81, 0x00, 0x80, 0x41, 0x85, 0x6F, 0xD8, 
    0x5E, 0x25, 0x03, 0x16, 0xF9, 0x81, 0xDC, 0xA1, 0x07, 0x1C, 0x22, 0x00, 
    0x00, 0x00, 0x43, 0x72, 0x6F, 0x6F, 0x6B, 0x20, 0x42, 0x69, 0x67, 0x53, 
    0x70, 0x69, 0x6E, 0x46, 0x6C, 0x69, 0x70, 0x20, 0x53, 0x77, 0x69, 0x74, 
    0x63, 0x68, 0x20, 0x46, 0x53, 0x20, 0x43, 0x72, 0x6F, 0x6F, 0x6B, 0x00, 
    0x16, 0xAE, 0xC8, 0x66, 0xCD, 0x07, 0x17, 0xF4, 0x01, 0x00, 0x00, 0x16, 
    0xCA, 0xDB, 0xB3, 0x62, 0x16, 0x64, 0x0F, 0xB6, 0xEB, 0x07, 0x16, 0x97, 
    0x63, 0x6D, 0x21, 0x16, 0xA4, 0x9B, 0x54, 0x98, 0x07, 0x16, 0x49, 0xA1, 
    0xD7, 0xD7, 0x16, 0xB7, 0x7D, 0x3F, 0x0E, 0x07, 0x16, 0xD6, 0x07, 0x27, 
    0xD4, 0x16, 0x9A, 0xA3, 0x48, 0x9E, 0x16, 0xD6, 0xA8, 0x21, 0x73, 0x07, 
    0x16, 0x6F, 0xD8, 0x5E, 0x25, 0x16, 0x83, 0x2C, 0x07, 0x2D, 0x07, 0x2D, 
    0x16, 0x83, 0x2C, 0x07, 0x2D, 0x02, 0xD8, 0x04, 0x00, 0x00, 0x16, 0x42, 
    0x44, 0xE2, 0xA7, 0x07, 0x16, 0x08, 0x1A, 0x0C, 0x26, 0x16, 0x40, 0xAA, 
    0xEE, 0x1A, 0x16, 0x9F, 0x6E, 0xB5, 0xD7, 0x04, 0x02, 0xD9, 0x04, 0x00, 
    0x00, 0x24, 0x02, 0xDA, 0x04, 0x00, 0x00, 0x23, 0x16, 0x50, 0x2C, 0xE0, 
    0x42, 0x02, 0xDC, 0x04, 0x00, 0x00, 0x16, 0x7F, 0xA3, 0x9F, 0xAD, 0x16, 
    0x54, 0xE9, 0x8C, 0x26, 0x16, 0x0C, 0xF1, 0x31, 0x70, 0x07, 0x03, 0x16, 
    0x83, 0x2C, 0x07, 0x2D, 0x07, 0x16, 0x56, 0xCA, 0x18, 0x8A, 0x16, 0xF9, 
    0x81, 0xDC, 0xA1, 0x80, 0x35, 0x81, 0x1C, 0x20, 0x00, 0x00, 0x00, 0x4F, 
    0x76, 0x65, 0x72, 0x63, 0x72, 0x6F, 0x6F, 0x6B, 0x20, 0x42, 0x69, 0x67, 
    0x53, 0x70, 0x69, 0x6E, 0x46, 0x6C, 0x69, 0x70, 0x20, 0x4F, 0x76, 0x65, 
    0x72, 0x63, 0x72, 0x6F, 0x6F, 0x6B, 0x00, 0x04, 0x02, 0xDD, 0x04, 0x00, 
    0x00, 0x24, 0x02, 0xDE, 0x04, 0x00, 0x00, 0x23, 0x16, 0x64, 0x3D, 0xE6, 
    0x20, 0x02, 0xE0, 0x04, 0x00, 0x00, 0x16, 0xF3, 0xAD, 0x76, 0xC8, 0x02, 
    0xE1, 0x04, 0x00, 0x00, 0x16, 0x69, 0x3F, 0xE9, 0x63, 0x02, 0xE2, 0x04, 
    0x80, 0x45, 0x81, 0x00, 0x16, 0x7F, 0xA3, 0x9F, 0xAD, 0x16, 0x54, 0xE9, 
    0x8C, 0x26, 0x16, 0x0C, 0xF1, 0x31, 0x70, 0x07, 0x03, 0x16, 0x83, 0x2C, 
    0x07, 0x2D, 0x07, 0x16, 0x56, 0xCA, 0x18, 0x8A, 0x04, 0x02, 0xE3, 0x04, 
    0x00, 0x00, 0x24, 0x02, 0xE4, 0x04, 0x00, 0x00, 0x23, 0x16, 0x72, 0x7F, 
    0x77, 0xBB, 0x02, 0xE6, 0x04, 0x00, 0x00, 0x16, 0x7F, 0xA3, 0x9F, 0xAD, 
    0x16, 0x64, 0x3D, 0xE6, 0x20, 0x02, 0xE7, 0x04, 0x00, 0x00, 0x24, 0x02, 
    0xE8, 0x04, 0x00, 0x00, 0x23, 0x16, 0x60, 0x46, 0x00, 0x37, 0x02, 0xEA, 
    0x04, 0x80, 0x81, 0x00, 0x80, 0xD9, 0x6F, 0xD8, 0x5E, 0x25, 0x03, 0x16, 
    0xF9, 0x81, 0xDC, 0xA1, 0x07, 0x1C, 0x0E, 0x00, 0x00, 0x00, 0x46, 0x6C, 
    0x69, 0x70, 0x20, 0x4B, 0x69, 0x80, 0xED, 0x6B, 0x20, 0x44, 0x61, 0x64, 
    0x00, 0x16, 0xAE, 0xC8, 0x66, 0xCD, 0x07, 0x17, 0xF4, 0x01, 0x00, 0x00, 
    0x16, 0x64, 0x0F, 0xB6, 0xEB, 0x07, 0x16, 0xBC, 0xB7, 0xE9, 0xC7, 0x80, 
    0xE9, 0xA4, 0x9B, 0x54, 0x98, 0x07, 0x16, 0xB0, 0xF7, 0x4A, 0x56, 0x16, 
    0xE3, 0x41, 0x16, 0x0F, 0x07, 0x16, 0xFD, 0x3E, 0x4C, 0x8A, 0x16, 0xD6, 
    0xA8, 0x21, 0x73, 0x07, 0x80, 0x8D, 0x6F, 0xD8, 0x5E, 0x25, 0x80, 0xB9, 
    0x83, 0x2C, 0x07, 0x2D, 0x07, 0x2D, 0x16, 0x83, 0x2C, 0x07, 0x2D, 0x16, 
    0xEA, 0x4A, 0xDB, 0x80, 0x89, 0x02, 0xEB, 0x04, 0x80, 0xAD, 0x00, 0x16, 
    0x42, 0x44, 0xE2, 0xA7, 0x07, 0x16, 0xC2, 0x23, 0x2B, 0xE6, 0x80, 0x8D, 
    0x29, 0x4E, 0x62, 0xD6, 0x80, 0x85, 0x17, 0x2D, 0x88, 0x51, 0x80, 0x16, 
    0x40, 0xAA, 0xEE, 0x1A, 0x04, 0x02, 0xEC, 0x04, 0x00, 0x00, 0x24, 0x02, 
    0xED, 0x04, 0x00, 0x00, 0x23, 0x16, 0x7A, 0xBF, 0x0D, 0x70, 0x02, 0xEF, 
    0x04, 0x00, 0x00, 0x16, 0xF3, 0xAD, 0x76, 0xC8, 0x02, 0xF0, 0x04, 0x00, 
    0x00, 0x16, 0x69, 0x3F, 0xE9, 0x63, 0x02, 0xF1, 0x04, 0x00, 0x00, 0x16, 
    0x7F, 0xA3, 0x9F, 0xAD, 0x80, 0x8D, 0x60, 0x46, 0x00, 0x37, 0x80, 0x8D, 
    0x0C, 0xF1, 0x31, 0x70, 0x80, 0x7D, 0x80, 0x03, 0x16, 0x83, 0x2C, 0x07, 
    0x2D, 0x07, 0x16, 0x56, 0xCA, 0x18, 0x8A, 0x04, 0x02, 0xF2, 0x04, 0x00, 
    0x00, 0x24, 0x02, 0xF3, 0x04, 0x00, 0x00, 0x23, 0x16, 0x1F, 0x7B, 0x51, 
    0x92, 0x02, 0xF5, 0x04, 0x00, 0x00, 0x16, 0x6F, 0xD8, 0x5E, 0x25, 0x03, 
    0x16, 0xF9, 0x81, 0xDC, 0xA1, 0x07, 0x1C, 0x0D, 0x00, 0x00, 0x00, 0x46, 
    0x61, 0x6C, 0x63, 0x6F, 0x6E, 0x20, 0x53, 0x6C, 0x69, 0x64, 0x65, 0x80, 
    0xA5, 0x16, 0xAE, 0xC8, 0x66, 0xCD, 0x07, 0x17, 0xF4, 0x01, 0x00, 0x80, 
    0xA9, 0x16, 0x64, 0x0F, 0xB6, 0xEB, 0x07, 0x16, 0xC7, 0x4A, 0x1A, 0xDD, 
    0x80, 0xE5, 0xA4, 0x9B, 0x54, 0x98, 0x07, 0x16, 0xA6, 0x1B, 0x4A, 0xC7, 
    0x16, 0xEA, 0x4A, 0xDB, 0x23, 0x16, 0xB7, 0x7D, 0x3F, 0x0E, 0x07, 0x16, 
    0xEA, 0xD5, 0x8B, 0xD9, 0x80, 0x8D, 0xD6, 0xA8, 0x21, 0x73, 0x84, 0x9D, 
    0x9D, 0x11, 0x10, 0x8D, 0x02, 0xF6, 0x04, 0x00, 0x80, 0x1D, 0x84, 0x16, 
    0x42, 0x44, 0xE2, 0xA7, 0x07, 0x16, 0xC2, 0x23, 0x2B, 0xE6, 0x16, 0x40, 
    0xAA, 0xEE, 0x1A, 0x16, 0x29, 0xBA, 0x78, 0x7C, 0x16, 0x02, 0x51, 0x85, 
    0x6E, 0x07, 0x16, 0x8F, 0x9C, 0xF8, 0x69, 0x04, 0x02, 0xF7, 0x04, 0x00, 
    0x00, 0x24, 0x02, 0xF8, 0x04, 0x00, 0x00, 0x23, 0x16, 0x01, 0x42, 0xFE, 
    0x6A, 0x02, 0xFA, 0x04, 0x00, 0x00, 0x16, 0x1C, 0x3B, 0x9F, 0xE3, 0x16, 
    0x6F, 0xD8, 0x5E, 0x25, 0x07, 0x16, 0x1F, 0x7B, 0x51, 0x92, 0x02, 0xFB, 
    0x04, 0x00, 0x00, 0x24, 0x02, 0xFC, 0x04, 0x00, 0x00, 0x23, 0x16, 0x35, 
    0x26, 0x09, 0x1A, 0x02, 0xFE, 0x04, 0x00, 0x00, 0x16, 0x6F, 0xD8, 0x5E, 
    0x25, 0x03, 0x16, 0xF9, 0x81, 0xDC, 0xA1, 0x07, 0x1C, 0x19, 0x00, 0x00, 
    0x00, 0x35, 0x2D, 0x30, 0x20, 0x46, 0x69, 0x6E, 0x67, 0x65, 0x72, 0x66, 
    0x6C, 0x69, 0x70, 0x20, 0x4E, 0x6F, 0x73, 0x65, 0x67, 0x72, 0x69, 0x6E, 
    0x64, 0x00, 0x16, 0xAE, 0xC8, 0x66, 0xCD, 0x07, 0x17, 0xF4, 0x01, 0x00, 
    0x00, 0x16, 0x64, 0x0F, 0xB6, 0xEB, 0x07, 0x16, 0x47, 0x4B, 0x16, 0x8D, 
    0x16, 0xA4, 0x9B, 0x54, 0x98, 0x07, 0x16, 0xEB, 0xBD, 0x91, 0x83, 0x80, 
    0xA5, 0xD6, 0xA8, 0x21, 0x73, 0x07, 0x16, 0x6F, 0xD8, 0x5E, 0x25, 0x80, 
    0xB5, 0x83, 0x2C, 0x07, 0x2D, 0x07, 0x2D, 0x16, 0x83, 0x2C, 0x07, 0x2D, 
    0x02, 0xFF, 0x04, 0x80, 0x81, 0x00, 0x80, 0xB9, 0x42, 0x44, 0xE2, 0xA7, 
    0x07, 0x16, 0xC2, 0x23, 0x2B, 0xE6, 0x16, 0x40, 0xAA, 0xEE, 0x1A, 0x80, 
    0x8D, 0x02, 0x51, 0x85, 0x6E, 0x80, 0x31, 0x81, 0x16, 0x8F, 0x7C, 0xA8, 
    0x54, 0x04, 0x02, 0x00, 0x05, 0x00, 0x00, 0x24, 0x02, 0x01, 0x05, 0x00, 
    0x00, 0x23, 0x16, 0xF6, 0x6C, 0x14, 0x50, 0x02, 0x03, 0x05, 0x00, 0x00, 
    0x16, 0x1C, 0x3B, 0x9F, 0xE3, 0x16, 0x6F, 0xD8, 0x5E, 0x25, 0x07, 0x16, 
    0x35, 0x26, 0x09, 0x1A, 0x02, 0x04, 0x05, 0x00, 0x00, 0x24, 0x02, 0x05, 
    0x05, 0x00, 0x00, 0x23, 0x16, 0xD6, 0x57, 0x19, 0x31, 0x02, 0x07, 0x05, 
    0x00, 0x00, 0x16, 0x6F, 0xD8, 0x5E, 0x25, 0x03, 0x16, 0xF9, 0x81, 0xDC, 
    0xA1, 0x80, 0xF1, 0x1C, 0x0D, 0x00, 0x00, 0x00, 0x46, 0x72, 0x6F, 0x67, 
    0x67, 0x79, 0x20, 0x47, 0x72, 0x69, 0x6E, 0x64, 0x00, 0x16, 0xAE, 0xC8, 
    0x66, 0xCD, 0x07, 0x17, 0xF4, 0x01, 0x00, 0x00, 0x80, 0x8D, 0x64, 0x0F, 
    0xB6, 0xEB, 0x84, 0x01, 0x81, 0x90, 0x63, 0x77, 0x90, 0x16, 0xA4, 0x9B, 
    0x54, 0x98, 0x07, 0x16, 0xF1, 0x32, 0x27, 0x8A, 0x16, 0xEA, 0x4A, 0xDB, 
    0x23, 0x16, 0xB7, 0x7D, 0x3F, 0x0E, 0x07, 0x16, 0x8A, 0xDA, 0xC3, 0x06, 
    0x16, 0xD6, 0xA8, 0x21, 0x73, 0x07, 0x16, 0x6F, 0xD8, 0x5E, 0x25, 0x16, 
    0x83, 0x2C, 0x07, 0x2D, 0x07, 0x2D, 0x16, 0x83, 0x2C, 0x07, 0x2D, 0x02, 
    0x08, 0x05, 0x00, 0x00, 0x16, 0x42, 0x44, 0xE2, 0xA7, 0x07, 0x80, 0xBD, 
    0xC2, 0x23, 0x2B, 0xE6, 0x16, 0x40, 0xAA, 0xEE, 0x1A, 0x16, 0x02, 0x51, 
    0x85, 0x6E, 0x07, 0x16, 0x80, 0x55, 0x80, 0xE0, 0xC8, 0x40, 0x16, 0x29, 
    0xBA, 0x78, 0x7C, 0x04, 0x02, 0x09, 0x05, 0x00, 0x00, 0x24, 0x02, 0x0A, 
    0x05, 0x00, 0x00, 0x23, 0x16, 0x56, 0x6B, 0x93, 0x27, 0x02, 0x0C, 0x05, 
    0x00, 0x00, 0x16, 0x1C, 0x3B, 0x9F, 0xE3, 0x16, 0x6F, 0xD8, 0x5E, 0x25, 
    0x07, 0x16, 0xD6, 0x57, 0x19, 0x31, 0x02, 0x0D, 0x05, 0x00, 0x00, 0x24, 
    0x02, 0x80, 0x4D, 0x82, 0x05, 0x00, 0x00, 0x23, 0x16, 0xBD, 0x89, 0x56, 
    0x6E, 0x02, 0x10, 0x05, 0x00, 0x00, 0x16, 0x6F, 0xD8, 0x5E, 0x25, 0x03, 
    0x16, 0xF9, 0x81, 0xDC, 0xA1, 0x07, 0x1C, 0x10, 0x00, 0x00, 0x00, 0x43, 
    0x61, 0x72, 0x74, 0x77, 0x68, 0x65, 0x65, 0x6C, 0x20, 0x35, 0x30, 0x2D, 
    0x35, 0x30, 0x00, 0x16, 0xAE, 0xC8, 0x66, 0xCD, 0x07, 0x17, 0xF4, 0x01, 
    0x00, 0x00, 0x16, 0x64, 0x0F, 0xB6, 0xEB, 0x07, 0x16, 0x9A, 0x31, 0x3E, 
    0xAC, 0x16, 0xA4, 0x9B, 0x54, 0x98, 0x07, 0x16, 0xA6, 0xFD, 0x14, 0xB9, 
    0x16, 0xD6, 0xA8, 0x21, 0x73, 0x07, 0x16, 0x6F, 0xD8, 0x5E, 0x25, 0x16, 
    0x83, 0x2C, 0x07, 0x2D, 0x07, 0x2D, 0x16, 0x83, 0x2C, 0x07, 0x2D, 0x02, 
    0x11, 0x05, 0x00, 0x00, 0x16, 0x42, 0x44, 0xE2, 0xA7, 0x07, 0x16, 0xC2, 
    0x80, 0x65, 0x81, 0x2B, 0xE6, 0x16, 0x40, 0xAA, 0xEE, 0x1A, 0x16, 0x02, 
    0x51, 0x85, 0x6E, 0x07, 0x16, 0x46, 0xE0, 0xC8, 0x40, 0x04, 0x02, 0x12, 
    0x05, 0x00, 0x00, 0x24, 0x02, 0x13, 0x05, 0x00, 0x00, 0x23, 0x16, 0xC1, 
    0x1C, 0x96, 0xC0, 0x02, 0x15, 0x05, 0x00, 0x00, 0x16, 0x1C, 0x3B, 0x9F, 
    0xE3, 0x16, 0x6F, 0xD8, 0x5E, 0x25, 0x07, 0x16, 0xBD, 0x89, 0x56, 0x6E, 
    0x02, 0x16, 0x05, 0x00, 0x00, 0x24, 0x02, 0x17, 0x05, 0x00, 0x00, 0x23, 
    0x16, 0x1E, 0x1A, 0xAD, 0xA2, 0x02, 0x19, 0x05, 0x00, 0x00, 0x16, 0x6F, 
    0xD8, 0x5E, 0x25, 0x03, 0x16, 0xF9, 0x81, 0xDC, 0xA1, 0x80, 0x45, 0x81, 
    0x1C, 0x0C, 0x00, 0x00, 0x00, 0x4D, 0x75, 0x73, 0x6B, 0x61, 0x20, 0x42, 
    0x65, 0x61, 0x74, 0x7A, 0x00, 0x16, 0xAE, 0xC8, 0x66, 0xCD, 0x07, 0x17, 
    0xF4, 0x01, 0x00, 0x00, 0x16, 0x64, 0x0F, 0xB6, 0xEB, 0x07, 0x16, 0xDC, 
    0x24, 0x7D, 0x63, 0x16, 0xA4, 0x9B, 0x54, 0x98, 0x07, 0x16, 0xBD, 0x75, 
    0x2D, 0x79, 0x16, 0xEA, 0x4A, 0xDB, 0x23, 0x16, 0xD6, 0xA8, 0x21, 0x73, 
    0x07, 0x16, 0x9D, 0x11, 0x10, 0x8D, 0x16, 0x83, 0x2C, 0x07, 0x2D, 0x07, 
    0x2D, 0x16, 0x83, 0x2C, 0x07, 0x2D, 0x02, 0x1A, 0x05, 0x00, 0x80, 0x4D, 
    0x85, 0x16, 0x42, 0x44, 0xE2, 0xA7, 0x07, 0x16, 0x08, 0x1A, 0x0C, 0x26, 
    0x16, 0x02, 0x51, 0x85, 0x6E, 0x07, 0x16, 0x8B, 0xB9, 0xC4, 0x30, 0x16, 
    0xE3, 0x41, 0x16, 0x0F, 0x07, 0x16, 0x9B, 0x6A, 0x02, 0xB7, 0x16, 0x77, 
    0xB3, 0xBC, 0x13, 0x07, 0x16, 0x4B, 0x98, 0xD3, 0xFF, 0x16, 0x40, 0xAA, 
    0xEE, 0x1A, 0x04, 0x02, 0x1B, 0x05, 0x00, 0x00, 0x24, 0x02, 0x1C, 0x05, 
    0x00, 0x00, 0x23, 0x16, 0x6E, 0x1A, 0x87, 0x05, 0x02, 0x1E, 0x05, 0x00, 
    0x00, 0x16, 0x1C, 0x3B, 0x9F, 0xE3, 0x16, 0x6F, 0xD8, 0x5E, 0x25, 0x07, 
    0x16, 0x1E, 0x1A, 0xAD, 0xA2, 0x02, 0x1F, 0x05, 0x00, 0x00, 0x24, 0x02, 
    0x20, 0x05, 0x00, 0x00, 0x23, 0x16, 0xD3, 0x5B, 0x85, 0x82, 0x02, 0x22, 
    0x05, 0x00, 0x00, 0x16, 0x6F, 0xD8, 0x5E, 0x25, 0x03, 0x16, 0xF9, 0x81, 
    0xDC, 0xA1, 0x07, 0x1C, 0x11, 0x00, 0x00, 0x00, 0x47, 0x68, 0x65, 0x74, 
    0x74, 0x6F, 0x20, 0x54, 0x61, 0x67, 0x20, 0x47, 0x72, 0x69, 0x6E, 0x64, 
    0x00, 0x16, 0xAE, 0xC8, 0x66, 0xCD, 0x07, 0x17, 0xF4, 0x01, 0x00, 0x00, 
    0x16, 0x64, 0x0F, 0xB6, 0xEB, 0x07, 0x16, 0xA4, 0xCA, 0xEE, 0x5D, 0x16, 
    0xA4, 0x9B, 0x54, 0x98, 0x07, 0x16, 0x3E, 0xFD, 0xCD, 0xC7, 0x16, 0xB7, 
    0x7D, 0x3F, 0x0E, 0x07, 0x16, 0x7F, 0x7D, 0x6C, 0x48, 0x16, 0xD6, 0xA8, 
    0x21, 0x73, 0x07, 0x16, 0x6F, 0xD8, 0x5E, 0x25, 0x16, 0x83, 0x2C, 0x07, 
    0x2D, 0x07, 0x2D, 0x16, 0x83, 0x2C, 0x07, 0x2D, 0x02, 0x80, 0x15, 0x85, 
    0x05, 0x00, 0x00, 0x16, 0x42, 0x44, 0xE2, 0xA7, 0x07, 0x16, 0xC2, 0x23, 
    0x2B, 0xE6, 0x16, 0x40, 0xAA, 0xEE, 0x1A, 0x16, 0x02, 0x51, 0x85, 0x6E, 
    0x07, 0x16, 0x8B, 0xB9, 0xC4, 0x30, 0x16, 0x29, 0xBA, 0x78, 0x7C, 0x16, 
    0xE3, 0x41, 0x16, 0x0F, 0x07, 0x16, 0x48, 0xCC, 0x7F, 0x1D, 0x16, 0x77, 
    0xB3, 0xBC, 0x13, 0x07, 0x16, 0x64, 0x56, 0xCF, 0x82, 0x04, 0x02, 0x24, 
    0x05, 0x00, 0x00, 0x24, 0x02, 0x25, 0x05, 0x00, 0x00, 0x23, 0x16, 0x20, 
    0x45, 0xCB, 0x96, 0x02, 0x27, 0x05, 0x00, 0x00, 0x16, 0x1C, 0x3B, 0x9F, 
    0xE3, 0x16, 0x6F, 0xD8, 0x5E, 0x25, 0x07, 0x16, 0xD3, 0x5B, 0x85, 0x82, 
    0x02, 0x28, 0x05, 0x00, 0x00, 0x24, 0x02, 0x29, 0x05, 0x00, 0x00, 0x23, 
    0x16, 0xA1, 0xAF, 0x6D, 0x8E, 0x02, 0x2B, 0x05, 0x00, 0x00, 0x16, 0x6F, 
    0xD8, 0x5E, 0x25, 0x03, 0x16, 0xF9, 0x81, 0xDC, 0xA1, 0x07, 0x1C, 0x0C, 
    0x00, 0x00, 0x00, 0x44, 0x61, 0x66, 0x66, 0x79, 0x20, 0x47, 0x72, 0x69, 
    0x6E, 0x64, 0x00, 0x16, 0xAE, 0xC8, 0x66, 0xCD, 0x07, 0x17, 0xF4, 0x01, 
    0x00, 0x00, 0x16, 0x64, 0x0F, 0xB6, 0xEB, 0x07, 0x16, 0x06, 0x77, 0x47, 
    0x24, 0x16, 0xA4, 0x9B, 0x54, 0x98, 0x07, 0x16, 0x47, 0x96, 0x6C, 0xFF, 
    0x16, 0xD6, 0xA8, 0x21, 0x73, 0x07, 0x16, 0x6F, 0xD8, 0x5E, 0x25, 0x16, 
    0x83, 0x2C, 0x07, 0x2D, 0x07, 0x2D, 0x80, 0x2D, 0x82, 0x83, 0x2C, 0x07, 
    0x2D, 0x02, 0x2C, 0x05, 0x00, 0x00, 0x16, 0x42, 0x44, 0xE2, 0xA7, 0x07, 
    0x16, 0xC2, 0x23, 0x2B, 0xE6, 0x16, 0x40, 0xAA, 0xEE, 0x1A, 0x16, 0x02, 
    0x51, 0x85, 0x6E, 0x07, 0x16, 0x8B, 0xB9, 0xC4, 0x30, 0x16, 0x77, 0xB3, 
    0xBC, 0x13, 0x07, 0x16, 0xC6, 0xAB, 0xA0, 0xFA, 0x04, 0x02, 0x2D, 0x05, 
    0x00, 0x00, 0x24, 0x02, 0x2E, 0x05, 0x00, 0x00, 0x23, 0x16, 0xF4, 0xC3, 
    0x21, 0x7A, 0x02, 0x30, 0x05, 0x00, 0x00, 0x16, 0x1C, 0x3B, 0x9F, 0xE3, 
    0x16, 0x6F, 0xD8, 0x5E, 0x25, 0x07, 0x16, 0xA1, 0xAF, 0x6D, 0x8E, 0x02, 
    0x31, 0x05, 0x00, 0x00, 0x24, 0x02, 0x32, 0x05, 0x00, 0x00, 0x23, 0x16, 
    0x49, 0x06, 0x97, 0x97, 0x16, 0xF9, 0x81, 0xDC, 0xA1, 0x80, 0x39, 0x83, 
    0x1C, 0x14, 0x00, 0x00, 0x00, 0x46, 0x53, 0x20, 0x52, 0x6F, 0x63, 0x6B, 
    0x65, 0x74, 0x20, 0x54, 0x61, 0x69, 0x6C, 0x73, 0x6C, 0x69, 0x64, 0x65, 
    0x00, 0x02, 0x35, 0x05, 0x00, 0x00, 0x16, 0x6F, 0xD8, 0x5E, 0x25, 0x03, 
    0x16, 0xF9, 0x81, 0xDC, 0xA1, 0x07, 0x2D, 0x16, 0xF9, 0x81, 0xDC, 0xA1, 
    0x16, 0xAE, 0xC8, 0x66, 0xCD, 0x07, 0x17, 0xF4, 0x01, 0x00, 0x00, 0x16, 
    0x64, 0x0F, 0xB6, 0xEB, 0x07, 0x16, 0x36, 0xB2, 0x99, 0x96, 0x16, 0xA4, 
    0x9B, 0x54, 0x98, 0x07, 0x16, 0x2E, 0x78, 0x07, 0xD9, 0x16, 0xD6, 0xA8, 
    0x21, 0x73, 0x07, 0x16, 0x9D, 0x11, 0x10, 0x8D, 0x16, 0x83, 0x2C, 0x07, 
    0x2D, 0x07, 0x2D, 0x16, 0x83, 0x2C, 0x07, 0x2D, 0x02, 0x36, 0x05, 0x00, 
    0x00, 0x16, 0x42, 0x44, 0xE2, 0xA7, 0x07, 0x16, 0x7C, 0x27, 0xD5, 0x5C, 
    0x16, 0x02, 0x51, 0x85, 0x6E, 0x07, 0x16, 0x8B, 0xB9, 0xC4, 0x30, 0x16, 
    0x40, 0xAA, 0xEE, 0x1A, 0x16, 0xA0, 0xAC, 0x16, 0x7A, 0x07, 0x2D, 0x80, 
    0xC1, 0xA0, 0xAC, 0x16, 0x7A, 0x04, 0x02, 0x37, 0x05, 0x00, 0x00, 0x24, 
    0x02, 0x38, 0x05, 0x00, 0x00, 0x23, 0x80, 0x01, 0x82, 0x4D, 0xC3, 0xFB, 
    0xF3, 0x16, 0xF9, 0x81, 0xDC, 0xA1, 0x07, 0x1C, 0x14, 0x00, 0x00, 0x00, 
    0x42, 0x53, 0x20, 0x52, 0x6F, 0x63, 0x6B, 0x65, 0x74, 0x20, 0x54, 0x61, 
    0x69, 0x6C, 0x73, 0x6C, 0x69, 0x64, 0x65, 0x00, 0x02, 0x3A, 0x05, 0x00, 
    0x00, 0x16, 0x6F, 0xD8, 0x5E, 0x25, 0x03, 0x16, 0xF9, 0x81, 0xDC, 0xA1, 
    0x07, 0x2D, 0x16, 0xF9, 0x81, 0xDC, 0xA1, 0x16, 0xAE, 0xC8, 0x66, 0xCD, 
    0x07, 0x17, 0xF4, 0x01, 0x00, 0x00, 0x16, 0x64, 0x0F, 0xB6, 0xEB, 0x07, 
    0x16, 0xB7, 0xB4, 0xFB, 0xEE, 0x16, 0xA4, 0x9B, 0x54, 0x98, 0x07, 0x16, 
    0x9E, 0xA9, 0xC0, 0x43, 0x16, 0xD6, 0xA8, 0x21, 0x73, 0x07, 0x80, 0x59, 
    0x80, 0x9D, 0x11, 0x10, 0x8D, 0x16, 0x83, 0x2C, 0x07, 0x2D, 0x07, 0x2D, 
    0x16, 0x83, 0x2C, 0x07, 0x2D, 0x02, 0x3B, 0x05, 0x00, 0x00, 0x16, 0x42, 
    0x44, 0xE2, 0xA7, 0x07, 0x16, 0x7C, 0x27, 0xD5, 0x5C, 0x16, 0x02, 0x51, 
    0x85, 0x6E, 0x07, 0x16, 0x8F, 0x7C, 0xA8, 0x54, 0x16, 0x40, 0xAA, 0xEE, 
    0x1A, 0x16, 0xA0, 0xAC, 0x16, 0x7A, 0x07, 0x2D, 0x80, 0xC1, 0xA0, 0xAC, 
    0x16, 0x7A, 0x04, 0x02, 0x3C, 0x05, 0x00, 0x00, 0x24, 0x02, 0x3D, 0x05, 
    0x00, 0x00, 0x23, 0x80, 0x9D, 0x3B, 0x6D, 0x7B, 0x35, 0x02, 0x3F, 0x05, 
    0x00, 0x80, 0x41, 0x80, 0x16, 0x65, 0x0C, 0xDE, 0xD9, 0x02, 0x40, 0x05, 
    0x00, 0x00, 0x16, 0x7F, 0xA3, 0x9F, 0xAD, 0x16, 0x4D, 0xC3, 0xFB, 0xF3, 
    0x16, 0x0C, 0xF1, 0x31, 0x70, 0x07, 0x03, 0x16, 0x83, 0x2C, 0x07, 0x2D, 
    0x07, 0x16, 0x56, 0xCA, 0x18, 0x8A, 0x04, 0x02, 0x41, 0x05, 0x00, 0x00, 
    0x24, 0x02, 0x42, 0x05, 0x00, 0x80, 0x81, 0x23, 0x80, 0xF1, 0x2D, 0x2F, 
    0xEA, 0xAE, 0x02, 0x44, 0x05, 0x00, 0x00, 0x16, 0x65, 0x0C, 0xDE, 0xD9, 
    0x02, 0x45, 0x05, 0x00, 0x00, 0x16, 0x7F, 0xA3, 0x9F, 0xAD, 0x16, 0x49, 
    0x06, 0x97, 0x97, 0x80, 0x95, 0x0C, 0xF1, 0x31, 0x70, 0x07, 0x03, 0x80, 
    0xFD, 0x83, 0x2C, 0x07, 0x2D, 0x07, 0x16, 0x56, 0xCA, 0x18, 0x8A, 0x04, 
    0x02, 0x46, 0x05, 0x00, 0x00, 0x24, 0x02, 0x47, 0x05, 0x00, 0x00, 0x23, 
    0x16, 0x4D, 0x80, 0xA7, 0x8C, 0x02, 0x49, 0x05, 0x00, 0x80, 0x95, 0x16, 
    0x6F, 0xD8, 0x5E, 0x25, 0x03, 0x80, 0x25, 0x8D, 0xF9, 0x81, 0xDC, 0xA1, 
    0x07, 0x1C, 0x15, 0x00, 0x00, 0x00, 0x46, 0x61, 0x63, 0x74, 0x69, 0x6F, 
    0x6E, 0x20, 0x47, 0x75, 0x69, 0x74, 0x61, 0x72, 0x20, 0x53, 0x6C, 0x69, 
    0x64, 0x65, 0x00, 0x16, 0xAE, 0xC8, 0x66, 0xCD, 0x07, 0x17, 0xF4, 0x01, 
    0x00, 0x00, 0x16, 0x64, 0x0F, 0xB6, 0xEB, 0x07, 0x16, 0x08, 0xA3, 0x75, 
    0x13, 0x16, 0xA4, 0x9B, 0x54, 0x98, 0x07, 0x16, 0x69, 0xF2, 0x25, 0x09, 
    0x16, 0xEA, 0x4A, 0xDB, 0x23, 0x16, 0xD6, 0xA8, 0x21, 0x73, 0x07, 0x16, 
    0x9D, 0x11, 0x10, 0x8D, 0x16, 0x83, 0x2C, 0x07, 0x2D, 0x07, 0x2D, 0x16, 
    0x83, 0x2C, 0x07, 0x2D, 0x02, 0x4A, 0x05, 0x00, 0x00, 0x16, 0x42, 0x44, 
    0xE2, 0xA7, 0x07, 0x16, 0x08, 0x1A, 0x0C, 0x26, 0x16, 0x02, 0x51, 0x85, 
    0x6E, 0x07, 0x16, 0x8B, 0xB9, 0xC4, 0x30, 0x16, 0xE3, 0x41, 0x16, 0x0F, 
    0x07, 0x16, 0x05, 0xD9, 0xCB, 0xFA, 0x16, 0x77, 0xB3, 0xBC, 0x13, 0x07, 
    0x16, 0x2D, 0xAA, 0xB3, 0x18, 0x16, 0x40, 0xAA, 0xEE, 0x1A, 0x04, 0x02, 
    0x4B, 0x05, 0x00, 0x00, 0x24, 0x02, 0x4C, 0x05, 0x00, 0x00, 0x23, 0x16, 
    0x41, 0x62, 0x82, 0x0A, 0x02, 0x4E, 0x05, 0x00, 0x00, 0x16, 0x1C, 0x3B, 
    0x9F, 0xE3, 0x16, 0x6F, 0xD8, 0x5E, 0x25, 0x07, 0x16, 0x4D, 0x80, 0xA7, 
    0x8C, 0x02, 0x4F, 0x05, 0x00, 0x00, 0x24, 0x02, 0x50, 0x05, 0x00, 0x00, 
    0x23, 0x16, 0x0A, 0x0A, 0x23, 0x48, 0x02, 0x52, 0x05, 0x00, 0x00, 0x16, 
    0x6F, 0xD8, 0x5E, 0x25, 0x03, 0x16, 0xF9, 0x81, 0xDC, 0xA1, 0x07, 0x1C, 
    0x11, 0x00, 0x00, 0x00, 0x41, 0x6D, 0x65, 0x72, 0x69, 0x63, 0x61, 0x6E, 
    0x20, 0x54, 0x72, 0x69, 0x62, 0x75, 0x74, 0x65, 0x00, 0x16, 0xAE, 0xC8, 
    0x66, 0xCD, 0x07, 0x17, 0xF4, 0x01, 0x00, 0x00, 0x16, 0x64, 0x0F, 0xB6, 
    0xEB, 0x07, 0x16, 0x58, 0xB4, 0xA0, 0x56, 0x16, 0xA4, 0x9B, 0x54, 0x98, 
    0x07, 0x16, 0x39, 0xE5, 0xF0, 0x4C, 0x16, 0xB7, 0x7D, 0x3F, 0x0E, 0x07, 
    0x16, 0xB0, 0xA0, 0xCD, 0xDD, 0x16, 0xEA, 0x4A, 0xDB, 0x23, 0x16, 0xD6, 
    0xA8, 0x21, 0x73, 0x07, 0x16, 0x6F, 0xD8, 0x5E, 0x25, 0x16, 0x83, 0x2C, 
    0x07, 0x2D, 0x07, 0x2D, 0x16, 0x83, 0x2C, 0x07, 0x2D, 0x02, 0x53, 0x05, 
    0x00, 0x00, 0x16, 0x42, 0x44, 0xE2, 0xA7, 0x07, 0x16, 0x08, 0x1A, 0x0C, 
    0x26, 0x16, 0x02, 0x51, 0x85, 0x6E, 0x07, 0x16, 0x8B, 0xB9, 0xC4, 0x30, 
    0x16, 0x40, 0xAA, 0xEE, 0x1A, 0x16, 0x77, 0xB3, 0xBC, 0x13, 0x07, 0x16, 
    0x3A, 0x42, 0xE0, 0x7C, 0x16, 0xD3, 0xBB, 0xDA, 0x28, 0x07, 0x16, 0xE8, 
    0x8D, 0x2B, 0xCB, 0x04, 0x02, 0x54, 0x05, 0x00, 0x00, 0x24, 0x02, 0x55, 
    0x05, 0x00, 0x00, 0x23, 0x16, 0x75, 0xC7, 0x05, 0x23, 0x02, 0x57, 0x05, 
    0x00, 0x00, 0x16, 0x1C, 0x3B, 0x9F, 0xE3, 0x16, 0x6F, 0xD8, 0x5E, 0x25, 
    0x07, 0x16, 0x0A, 0x0A, 0x23, 0x48, 0x02, 0x58, 0x05, 0x00, 0x00, 0x24, 
    0x02, 0x59, 0x05, 0x00, 0x00, 0x23, 0x16, 0xA3, 0x81, 0xDD, 0xD3, 0x02, 
    0x5B, 0x05, 0x00, 0x00, 0x16, 0x6F, 0xD8, 0x5E, 0x25, 0x03, 0x16, 0xF9, 
    0x81, 0xDC, 0xA1, 0x07, 0x1C, 0x0D, 0x00, 0x00, 0x00, 0x46, 0x65, 0x72, 
    0x72, 0x65, 0x74, 0x20, 0x46, 0x69, 0x67, 0x68, 0x74, 0x00, 0x80, 0x8D, 
    0xAE, 0xC8, 0x66, 0xCD, 0x80, 0x91, 0x17, 0xF4, 0x01, 0x00, 0x00, 0x80, 
    0x8D, 0x64, 0x0F, 0xB6, 0xEB, 0x84, 0x15, 0x80, 0x05, 0xEF, 0xB9, 0x3F, 
    0x16, 0xA4, 0x9B, 0x54, 0x98, 0x07, 0x16, 0x64, 0xBE, 0xE9, 0x25, 0x16, 
    0xEA, 0x4A, 0xDB, 0x23, 0x16, 0xD6, 0xA8, 0x21, 0x73, 0x07, 0x16, 0x6F, 
    0xD8, 0x5E, 0x25, 0x16, 0x83, 0x2C, 0x07, 0x2D, 0x07, 0x2D, 0x80, 0x8D, 
    0x83, 0x2C, 0x07, 0x2D, 0x80, 0x81, 0x5C, 0x88, 0x4D, 0x83, 0x16, 0x42, 
    0x44, 0xE2, 0xA7, 0x07, 0x16, 0x08, 0x1A, 0x0C, 0x26, 0x16, 0x29, 0xBA, 
    0x78, 0x7C, 0x16, 0x02, 0x51, 0x85, 0x6E, 0x07, 0x16, 0x8B, 0xB9, 0xC4, 
    0x30, 0x16, 0x40, 0xAA, 0xEE, 0x1A, 0x16, 0xE3, 0x41, 0x16, 0x0F, 0x07, 
    0x16, 0x3C, 0x3F, 0x42, 0x85, 0x16, 0x77, 0xB3, 0xBC, 0x13, 0x07, 0x16, 
    0xC0, 0xB7, 0x75, 0xDE, 0x04, 0x02, 0x5D, 0x05, 0x00, 0x00, 0x24, 0x02, 
    0x5E, 0x05, 0x00, 0x00, 0x23, 0x16, 0x78, 0x24, 0x76, 0x4F, 0x02, 0x60, 
    0x05, 0x00, 0x00, 0x16, 0x6F, 0xD8, 0x5E, 0x25, 0x03, 0x16, 0xF9, 0x81, 
    0xDC, 0xA1, 0x07, 0x1C, 0x0F, 0x00, 0x00, 0x00, 0x42, 0x2D, 0x42, 0x61, 
    0x6C, 0x6C, 0x69, 0x6E, 0x20, 0x53, 0x6C, 0x69, 0x64, 0x65, 0x00, 0x16, 
    0xAE, 0xC8, 0x66, 0xCD, 0x07, 0x17, 0xF4, 0x01, 0x00, 0x00, 0x16, 0x64, 
    0x0F, 0xB6, 0xEB, 0x07, 0x16, 0x18, 0x12, 0x49, 0x58, 0x16, 0xA4, 0x9B, 
    0x54, 0x98, 0x07, 0x16, 0x79, 0x43, 0x19, 0x42, 0x16, 0xB7, 0x7D, 0x3F, 
    0x0E, 0x07, 0x80, 0x1D, 0x80, 0xB8, 0xD2, 0xE3, 0xEF, 0x16, 0x29, 0xBA, 
    0x78, 0x7C, 0x16, 0xEA, 0x4A, 0xDB, 0x23, 0x16, 0xD6, 0xA8, 0x21, 0x73, 
    0x07, 0x16, 0x9D, 0x11, 0x10, 0x8D, 0x16, 0x83, 0x2C, 0x07, 0x2D, 0x07, 
    0x2D, 0x16, 0x83, 0x2C, 0x07, 0x2D, 0x02, 0x61, 0x05, 0x80, 0x49, 0x83, 
    0x00, 0x16, 0x42, 0x44, 0xE2, 0xA7, 0x07, 0x16, 0x08, 0x1A, 0x0C, 0x26, 
    0x16, 0x02, 0x51, 0x85, 0x6E, 0x07, 0x16, 0x8B, 0xB9, 0xC4, 0x30, 0x16, 
    0x40, 0xAA, 0xEE, 0x1A, 0x16, 0xE3, 0x41, 0x16, 0x0F, 0x07, 0x16, 0x97, 
    0x32, 0xD0, 0xD3, 0x16, 0x77, 0xB3, 0xBC, 0x13, 0x07, 0x16, 0x33, 0x04, 
    0x1C, 0xD1, 0x04, 0x02, 0x62, 0x05, 0x00, 0x00, 0x24, 0x02, 0x63, 0x05, 
    0x00, 0x00, 0x23, 0x16, 0x3A, 0xF8, 0x48, 0x89, 0x02, 0x65, 0x05, 0x00, 
    0x00, 0x16, 0x1C, 0x3B, 0x9F, 0xE3, 0x16, 0x6F, 0xD8, 0x5E, 0x25, 0x07, 
    0x16, 0x78, 0x24, 0x76, 0x4F, 0x02, 0x66, 0x05, 0x00, 0x00, 0x24, 0x02, 
    0x67, 0x05, 0x00, 0x00, 0x23, 0x16, 0x65, 0x3B, 0xF0, 0xD3, 0x02, 0x69, 
    0x05, 0x00, 0x00, 0x16, 0x6F, 0xD8, 0x5E, 0x25, 0x03, 0x16, 0xF9, 0x81, 
    0xDC, 0xA1, 0x07, 0x1C, 0x13, 0x00, 0x00, 0x00, 0x44, 0x6F, 0x75, 0x62, 
    0x6C, 0x65, 0x20, 0x42, 0x6C, 0x75, 0x6E, 0x74, 0x20, 0x53, 0x6C, 0x69, 
    0x64, 0x65, 0x00, 0x80, 0xA5, 0xAE, 0xC8, 0x66, 0xCD, 0x07, 0x17, 0xF4, 
    0x01, 0x00, 0x00, 0x80, 0xFD, 0x64, 0x0F, 0xB6, 0xEB, 0x07, 0x16, 0x0E, 
    0x78, 0x86, 0x79, 0x16, 0xA4, 0x9B, 0x54, 0x98, 0x07, 0x16, 0x6F, 0x29, 
    0xD6, 0x63, 0x16, 0xEA, 0x4A, 0xDB, 0x23, 0x16, 0xD6, 0xA8, 0x21, 0x73, 
    0x07, 0x80, 0xBD, 0x9D, 0x11, 0x10, 0x8D, 0x16, 0x83, 0x2C, 0x07, 0x2D, 
    0x07, 0x2D, 0x16, 0x83, 0x2C, 0x07, 0x2D, 0x80, 0x81, 0x6A, 0x88, 0xA9, 
    0x16, 0x42, 0x44, 0xE2, 0xA7, 0x07, 0x16, 0x08, 0x1A, 0x0C, 0x26, 0x80, 
    0x91, 0x02, 0x51, 0x85, 0x6E, 0x07, 0x80, 0x41, 0x81, 0x8B, 0xB9, 0xC4, 
    0x30, 0x16, 0x40, 0xAA, 0xEE, 0x1A, 0x04, 0x02, 0x6B, 0x05, 0x00, 0x00, 
    0x24, 0x02, 0x6C, 0x05, 0x00, 0x00, 0x23, 0x16, 0x97, 0x73, 0x21, 0xA8, 
    0x02, 0x6E, 0x05, 0x00, 0x00, 0x16, 0x1C, 0x3B, 0x9F, 0xE3, 0x16, 0x6F, 
    0xD8, 0x5E, 0x25, 0x07, 0x16, 0x65, 0x3B, 0xF0, 0xD3, 0x02, 0x6F, 0x05, 
    0x00, 0x00, 0x24, 0x02, 0x70, 0x05, 0x00, 0x00, 0x23, 0x16, 0xBD, 0x38, 
    0x4C, 0xFE, 0x02, 0x73, 0x05, 0x00, 0x00, 0x16, 0x6F, 0xD8, 0x5E, 0x25, 
    0x03, 0x16, 0xF9, 0x81, 0xDC, 0xA1, 0x80, 0x35, 0x84, 0x1C, 0x0C, 0x00, 
    0x00, 0x00, 0x45, 0x6C, 0x62, 0x6F, 0x77, 0x20, 0x53, 0x6D, 0x61, 0x73, 
    0x68, 0x00, 0x16, 0xAE, 0xC8, 0x66, 0xCD, 0x07, 0x17, 0xF4, 0x01, 0x00, 
    0x00, 0x16, 0x64, 0x0F, 0xB6, 0xEB, 0x07, 0x16, 0xD6, 0x1E, 0x8A, 0xD4, 
    0x16, 0xA4, 0x9B, 0x54, 0x98, 0x07, 0x16, 0xB7, 0x4F, 0xDA, 0xCE, 0x16, 
    0xEA, 0x4A, 0xDB, 0x23, 0x16, 0xB7, 0x7D, 0x3F, 0x0E, 0x07, 0x16, 0xE6, 
    0xEF, 0x93, 0xFF, 0x16, 0x29, 0xBA, 0x78, 0x7C, 0x16, 0xD6, 0xA8, 0x21, 
    0x73, 0x07, 0x16, 0x9D, 0x11, 0x10, 0x8D, 0x16, 0x83, 0x2C, 0x07, 0x2D, 
    0x07, 0x2D, 0x16, 0x83, 0x2C, 0x07, 0x2D, 0x16, 0xEA, 0x4A, 0xDB, 0x23, 
    0x02, 0x74, 0x05, 0x00, 0x00, 0x16, 0x42, 0x44, 0xE2, 0xA7, 0x07, 0x16, 
    0xC2, 0x23, 0x2B, 0xE6, 0x16, 0x29, 0x4E, 0x62, 0xD6, 0x07, 0x17, 0x3C, 
    0x00, 0x00, 0x00, 0x16, 0x40, 0xAA, 0xEE, 0x1A, 0x04, 0x02, 0x75, 0x05, 
    0x00, 0x00, 0x24, 0x02, 0x76, 0x05, 0x00, 0x00, 0x23, 0x16, 0x79, 0xE1, 
    0x28, 0x44, 0x02, 0x78, 0x05, 0x00, 0x00, 0x16, 0xF3, 0xAD, 0x76, 0xC8, 
    0x02, 0x79, 0x05, 0x00, 0x00, 0x16, 0x69, 0x3F, 0xE9, 0x63, 0x02, 0x7A, 
    0x05, 0x00, 0x00, 0x80, 0x8D, 0x7F, 0xA3, 0x9F, 0xAD, 0x80, 0x8D, 0xBD, 
    0x38, 0x4C, 0xFE, 0x80, 0x8D, 0x0C, 0xF1, 0x31, 0x70, 0x80, 0x29, 0x82, 
    0x03, 0x16, 0x83, 0x2C, 0x07, 0x2D, 0x07, 0x16, 0x56, 0xCA, 0x18, 0x8A, 
    0x04, 0x02, 0x7B, 0x05, 0x00, 0x00, 0x24, 0x02, 0x7C, 0x05, 0x00, 0x00, 
    0x23, 0x16, 0x65, 0xDB, 0xB3, 0x6D, 0x02, 0x7E, 0x05, 0x00, 0x00, 0x16, 
    0x6F, 0xD8, 0x5E, 0x25, 0x03, 0x16, 0xF9, 0x81, 0xDC, 0xA1, 0x07, 0x1C, 
    0x0B, 0x00, 0x00, 0x00, 0x51, 0x75, 0x69, 0x63, 0x6B, 0x20, 0x44, 0x72, 
    0x61, 0x77, 0x00, 0x16, 0xAE, 0xC8, 0x66, 0xCD, 0x07, 0x17, 0xF4, 0x01, 
    0x00, 0x00, 0x16, 0x64, 0x0F, 0xB6, 0xEB, 0x07, 0x16, 0xE1, 0x0E, 0x26, 
    0xD7, 0x16, 0xA4, 0x9B, 0x54, 0x98, 0x07, 0x16, 0x80, 0x5F, 0x76, 0xCD, 
    0x16, 0xEA, 0x4A, 0xDB, 0x23, 0x16, 0xB7, 0x7D, 0x3F, 0x0E, 0x07, 0x80, 
    0x35, 0x81, 0x64, 0xD4, 0x61, 0xE5, 0x16, 0x29, 0xBA, 0x78, 0x7C, 0x16, 
    0xD6, 0xA8, 0x21, 0x73, 0x07, 0x16, 0x6F, 0xD8, 0x5E, 0x25, 0x16, 0x83, 
    0x2C, 0x07, 0x2D, 0x07, 0x2D, 0x16, 0x83, 0x2C, 0x07, 0x2D, 0x16, 0xEA, 
    0x4A, 0xDB, 0x23, 0x02, 0x7F, 0x05, 0x00, 0x00, 0x16, 0x42, 0x44, 0xE2, 
    0xA7, 0x07, 0x16, 0xC2, 0x23, 0x2B, 0xE6, 0x16, 0x29, 0x4E, 0x62, 0xD6, 
    0x16, 0x40, 0xAA, 0xEE, 0x1A, 0x16, 0x77, 0xB3, 0xBC, 0x13, 0x07, 0x16, 
    0x6D, 0x8F, 0x95, 0xA9, 0x04, 0x02, 0x80, 0x05, 0x80, 0xF5, 0x00, 0x24, 
    0x02, 0x81, 0x05, 0x00, 0x00, 0x23, 0x16, 0x7A, 0x21, 0x4E, 0xF6, 0x02, 
    0x83, 0x05, 0x00, 0x00, 0x16, 0xF3, 0xAD, 0x76, 0xC8, 0x02, 0x84, 0x05, 
    0x00, 0x00, 0x16, 0x69, 0x80, 0x99, 0xE9, 0x63, 0x02, 0x85, 0x05, 0x00, 
    0x00, 0x80, 0x8D, 0x7F, 0xA3, 0x9F, 0xAD, 0x80, 0xC1, 0x65, 0xDB, 0xB3, 
    0x6D, 0x16, 0x0C, 0xF1, 0x31, 0x70, 0x07, 0x03, 0x16, 0x83, 0x2C, 0x07, 
    0x2D, 0x07, 0x80, 0x61, 0x81, 0x56, 0xCA, 0x18, 0x8A, 0x04, 0x02, 0x86, 
    0x05, 0x00, 0x00, 0x24, 0x02, 0x87, 0x05, 0x00, 0x00, 0x23, 0x16, 0x5C, 
    0xAF, 0x9C, 0xA0, 0x02, 0x89, 0x05, 0x00, 0x00, 0x16, 0x6F, 0xD8, 0x5E, 
    0x25, 0x03, 0x16, 0xF9, 0x81, 0xDC, 0xA1, 0x07, 0x1C, 0x0C, 0x00, 0x00, 
    0x00, 0x48, 0x75, 0x6C, 0x61, 0x20, 0x48, 0x6F, 0x6F, 0x70, 0x69, 0x6E, 
    0x00, 0x16, 0xAE, 0xC8, 0x66, 0xCD, 0x07, 0x17, 0xF4, 0x01, 0x00, 0x00, 
    0x16, 0x64, 0x0F, 0xB6, 0xEB, 0x07, 0x16, 0xE7, 0xDD, 0x74, 0x98, 0x16, 
    0xA4, 0x9B, 0x54, 0x98, 0x07, 0x16, 0x86, 0x8C, 0x24, 0x82, 0x80, 0x8D, 
    0xEA, 0x4A, 0xDB, 0x23, 0x80, 0x55, 0x82, 0xB7, 0x7D, 0x3F, 0x0E, 0x07, 
    0x16, 0xC7, 0x80, 0x40, 0x68, 0x16, 0xD6, 0xA8, 0x21, 0x73, 0x07, 0x16, 
    0x6F, 0xD8, 0x5E, 0x25, 0x16, 0x83, 0x2C, 0x07, 0x2D, 0x07, 0x2D, 0x16, 
    0x83, 0x2C, 0x07, 0x2D, 0x16, 0xEA, 0x4A, 0xDB, 0x23, 0x16, 0x29, 0xBA, 
    0x78, 0x7C, 0x02, 0x8A, 0x05, 0x00, 0x00, 0x16, 0x42, 0x44, 0xE2, 0xA7, 
    0x07, 0x16, 0xC2, 0x23, 0x2B, 0xE6, 0x16, 0x40, 0xAA, 0xEE, 0x1A, 0x16, 
    0x77, 0xB3, 0xBC, 0x13, 0x07, 0x16, 0x24, 0x0E, 0xF1, 0x47, 0x04, 0x02, 
    0x8B, 0x05, 0x00, 0x00, 0x24, 0x02, 0x8C, 0x05, 0x00, 0x00, 0x23, 0x16, 
    0xBD, 0xD0, 0x5C, 0xDF, 0x02, 0x8E, 0x05, 0x00, 0x00, 0x16, 0xF3, 0xAD, 
    0x76, 0xC8, 0x02, 0x8F, 0x05, 0x00, 0x00, 0x16, 0x69, 0x3F, 0xE9, 0x63, 
    0x02, 0x90, 0x05, 0x00, 0x00, 0x80, 0x8D, 0x7F, 0xA3, 0x9F, 0xAD, 0x80, 
    0xC1, 0x5C, 0xAF, 0x9C, 0xA0, 0x16, 0x0C, 0xF1, 0x31, 0x70, 0x07, 0x03, 
    0x16, 0x83, 0x2C, 0x07, 0x2D, 0x07, 0x80, 0x3D, 0x82, 0x56, 0xCA, 0x18, 
    0x8A, 0x04, 0x02, 0x91, 0x05, 0x00, 0x00, 0x24, 0x02, 0x92, 0x05, 0x00, 
    0x00, 0x23, 0x16, 0x23, 0x2E, 0xB2, 0xD3, 0x02, 0x95, 0x05, 0x00, 0x00, 
    0x16, 0x6F, 0xD8, 0x5E, 0x25, 0x03, 0x16, 0xF9, 0x81, 0xDC, 0xA1, 0x07, 
    0x1C, 0x13, 0x00, 0x00, 0x00, 0x48, 0x65, 0x61, 0x64, 0x62, 0x61, 0x6E, 
    0x67, 0x65, 0x72, 0x73, 0x20, 0x55, 0x6E, 0x69, 0x74, 0x65, 0x21, 0x00, 
    0x16, 0xAE, 0xC8, 0x66, 0xCD, 0x07, 0x17, 0xF4, 0x01, 0x00, 0x00, 0x16, 
    0x64, 0x0F, 0xB6, 0xEB, 0x07, 0x16, 0xA7, 0xAF, 0x51, 0x4D, 0x16, 0xA4, 
    0x9B, 0x54, 0x98, 0x07, 0x16, 0xC6, 0xFE, 0x01, 0x57, 0x16, 0xEA, 0x4A, 
    0xDB, 0x23, 0x16, 0xD6, 0xA8, 0x21, 0x73, 0x07, 0x16, 0x6F, 0xD8, 0x5E, 
    0x25, 0x80, 0xE9, 0x83, 0x2C, 0x07, 0x2D, 0x07, 0x2D, 0x16, 0x83, 0x2C, 
    0x07, 0x2D, 0x16, 0xEA, 0x4A, 0xDB, 0x23, 0x02, 0x96, 0x05, 0x00, 0x00, 
    0x16, 0x42, 0x44, 0xE2, 0xA7, 0x07, 0x80, 0x79, 0x80, 0x08, 0x1A, 0x0C, 
    0x26, 0x16, 0xE3, 0x41, 0x16, 0x0F, 0x07, 0x16, 0xB7, 0xBA, 0xAA, 0x89, 
    0x16, 0x40, 0xAA, 0xEE, 0x1A, 0x04, 0x02, 0x97, 0x05, 0x00, 0x00, 0x24, 
    0x02, 0x98, 0x05, 0x00, 0x00, 0x23, 0x16, 0x6A, 0x38, 0xFC, 0xCE, 0x02, 
    0x9A, 0x05, 0x00, 0x00, 0x16, 0xF3, 0xAD, 0x76, 0xC8, 0x02, 0x9B, 0x05, 
    0x00, 0x00, 0x16, 0x69, 0x3F, 0xE9, 0x63, 0x02, 0x9C, 0x05, 0x00, 0x00, 
    0x80, 0x8D, 0x7F, 0xA3, 0x9F, 0xAD, 0x80, 0x8D, 0x23, 0x2E, 0xB2, 0xD3, 
    0x80, 0x8D, 0x0C, 0xF1, 0x31, 0x70, 0x80, 0x65, 0x80, 0x03, 0x16, 0x83, 
    0x2C, 0x07, 0x2D, 0x07, 0x16, 0x56, 0xCA, 0x18, 0x8A, 0x04, 0x02, 0x9D, 
    0x05, 0x00, 0x00, 0x24, 0x02, 0x9E, 0x05, 0x00, 0x00, 0x23, 0x16, 0x82, 
    0x3D, 0x9F, 0xFA, 0x16, 0xF9, 0x81, 0xDC, 0xA1, 0x07, 0x1C, 0x12, 0x00, 
    0x00, 0x00, 0x46, 0x53, 0x20, 0x4F, 0x6E, 0x65, 0x20, 0x46, 0x6F, 0x6F, 
    0x74, 0x20, 0x53, 0x6D, 0x69, 0x74, 0x68, 0x80, 0xC5, 0x02, 0xA0, 0x05, 
    0x00, 0x00, 0x16, 0x6F, 0xD8, 0x5E, 0x25, 0x03, 0x16, 0xF9, 0x81, 0xDC, 
    0xA1, 0x07, 0x2D, 0x80, 0x01, 0x81, 0xF9, 0x81, 0xDC, 0xA1, 0x16, 0xAE, 
    0xC8, 0x66, 0xCD, 0x07, 0x17, 0xF4, 0x01, 0x00, 0x00, 0x16, 0x64, 0x0F, 
    0xB6, 0xEB, 0x07, 0x16, 0x04, 0xD2, 0xAE, 0xF7, 0x16, 0xA4, 0x9B, 0x54, 
    0x98, 0x07, 0x16, 0xCE, 0x1E, 0xB1, 0x11, 0x16, 0xD6, 0xA8, 0x21, 0x73, 
    0x07, 0x16, 0x9D, 0x11, 0x10, 0x8D, 0x16, 0x83, 0x2C, 0x07, 0x2D, 0x07, 
    0x2D, 0x16, 0x83, 0x2C, 0x07, 0x2D, 0x02, 0xA1, 0x05, 0x00, 0x00, 0x80, 
    0x8D, 0x42, 0x44, 0xE2, 0xA7, 0x80, 0xA1, 0x16, 0x7C, 0x27, 0xD5, 0x5C, 
    0x16, 0x02, 0x51, 0x85, 0x80, 0xC5, 0x07, 0x16, 0x8B, 0xB9, 0xC4, 0x30, 
    0x16, 0x40, 0xAA, 0xEE, 0x1A, 0x16, 0xA0, 0xAC, 0x16, 0x7A, 0x07, 0x2D, 
    0x80, 0xC1, 0xA0, 0xAC, 0x16, 0x7A, 0x04, 0x02, 0xA2, 0x05, 0x00, 0x00, 
    0x24, 0x02, 0xA3, 0x05, 0x00, 0x00, 0x23, 0x80, 0x15, 0x80, 0x86, 0xF8, 
    0xF3, 0x9E, 0x16, 0xF9, 0x81, 0xDC, 0xA1, 0x07, 0x1C, 0x12, 0x00, 0x00, 
    0x00, 0x42, 0x53, 0x20, 0x4F, 0x6E, 0x65, 0x20, 0x46, 0x6F, 0x6F, 0x74, 
    0x20, 0x53, 0x6D, 0x69, 0x74, 0x68, 0x00, 0x02, 0xA7, 0x05, 0x00, 0x00, 
    0x80, 0x0D, 0x80, 0x6F, 0xD8, 0x5E, 0x25, 0x03, 0x16, 0xF9, 0x81, 0xDC, 
    0xA1, 0x07, 0x2D, 0x16, 0xF9, 0x81, 0xDC, 0xA1, 0x16, 0xAE, 0xC8, 0x66, 
    0xCD, 0x07, 0x17, 0xF4, 0x01, 0x00, 0x00, 0x16, 0x64, 0x0F, 0xB6, 0xEB, 
    0x07, 0x16, 0x0C, 0x80, 0x21, 0x80, 0x70, 0xC2, 0x16, 0xA4, 0x9B, 0x54, 
    0x98, 0x07, 0x16, 0x40, 0x48, 0x5F, 0x1F, 0x16, 0xD6, 0xA8, 0x21, 0x73, 
    0x07, 0x16, 0x6F, 0xD8, 0x5E, 0x25, 0x16, 0x83, 0x2C, 0x07, 0x2D, 0x07, 
    0x2D, 0x16, 0x83, 0x2C, 0x07, 0x2D, 0x02, 0xA8, 0x05, 0x00, 0x00, 0x80, 
    0x8D, 0x42, 0x44, 0xE2, 0xA7, 0x80, 0xA1, 0x16, 0x7C, 0x27, 0xD5, 0x5C, 
    0x16, 0x02, 0x51, 0x85, 0x80, 0xC5, 0x07, 0x16, 0x8F, 0x7C, 0xA8, 0x54, 
    0x16, 0x40, 0xAA, 0xEE, 0x1A, 0x16, 0xA0, 0xAC, 0x16, 0x7A, 0x07, 0x2D, 
    0x80, 0xC1, 0xA0, 0xAC, 0x16, 0x7A, 0x04, 0x02, 0xA9, 0x05, 0x00, 0x00, 
    0x24, 0x02, 0xAA, 0x05, 0x00, 0x00, 0x23, 0x80, 0x9D, 0xA0, 0x99, 0xD3, 
    0x47, 0x02, 0xAC, 0x05, 0x00, 0x80, 0x41, 0x80, 0x16, 0x65, 0x0C, 0xDE, 
    0xD9, 0x02, 0xAD, 0x05, 0x00, 0x00, 0x16, 0x7F, 0xA3, 0x9F, 0xAD, 0x16, 
    0x86, 0xF8, 0xF3, 0x9E, 0x16, 0x0C, 0xF1, 0x31, 0x70, 0x07, 0x03, 0x16, 
    0x83, 0x2C, 0x07, 0x2D, 0x07, 0x16, 0x56, 0xCA, 0x18, 0x8A, 0x04, 0x02, 
    0xAE, 0x05, 0x00, 0x00, 0x24, 0x02, 0xAF, 0x05, 0x00, 0x80, 0x81, 0x23, 
    0x80, 0xF1, 0xB6, 0xDB, 0x42, 0xDC, 0x02, 0xB1, 0x05, 0x00, 0x00, 0x16, 
    0x65, 0x0C, 0xDE, 0xD9, 0x02, 0xB2, 0x05, 0x00, 0x00, 0x16, 0x7F, 0xA3, 
    0x9F, 0xAD, 0x16, 0x82, 0x3D, 0x9F, 0xFA, 0x80, 0x95, 0x0C, 0xF1, 0x31, 
    0x70, 0x07, 0x03, 0x80, 0xFD, 0x83, 0x2C, 0x07, 0x2D, 0x07, 0x16, 0x56, 
    0xCA, 0x18, 0x8A, 0x04, 0x02, 0xB3, 0x05, 0x00, 0x00, 0x24, 0x02, 0xB4, 
    0x05, 0x00, 0x00, 0x23, 0x16, 0x1C, 0x3B, 0x9F, 0xE3, 0x02, 0xB9, 0x05, 
    0x00, 0x80, 0x6D, 0x80, 0x16, 0xF3, 0xAD, 0x76, 0xC8, 0x02, 0xBA, 0x05, 
    0x00, 0x00, 0x16, 0x69, 0x3F, 0xE9, 0x63, 0x02, 0xBB, 0x05, 0x00, 0x00, 
    0x16, 0x7F, 0xA3, 0x9F, 0xAD, 0x2D, 0x16, 0x6F, 0xD8, 0x5E, 0x25, 0x16, 
    0x0C, 0xF1, 0x31, 0x70, 0x07, 0x03, 0x16, 0x83, 0x2C, 0x07, 0x2D, 0x07, 
    0x16, 0x56, 0xCA, 0x18, 0x8A, 0x04, 0x02, 0xBC, 0x05, 0x00, 0x00, 0x24, 
    0x02, 0xBD, 0x05, 0x00, 0x80, 0x55, 0x83, 0x2B, 0x08, 0xD0, 0xE3, 0xC2, 
    0x69, 0x73, 0x5F, 0x6E, 0x61, 0x6D, 0x65, 0x64, 0x00, 0x2B, 0x2F, 0x30, 
    0xF7, 0x46, 0x4F, 0x6E, 0x47, 0x72, 0x6F, 0x75, 0x6E, 0x64, 0x45, 0x78, 
    0x63, 0x65, 0x70, 0x74, 0x69, 0x6F, 0x6E, 0x73, 0x00, 0x2B, 0x37, 0xE0, 
    0xA2, 0x84, 0x54, 0x72, 0x69, 0x63, 0x6B, 0x5F, 0x48, 0x61, 0x6E, 0x64, 
    0x73, 0x74, 0x61, 0x6E, 0x64, 0x35, 0x30, 0x35, 0x30, 0x5F, 0x46, 0x53, 
    0x00, 0x2B, 0x46, 0xE0, 0xC8, 0x40, 0x45, 0x78, 0x74, 0x72, 0x61, 0x5F, 
    0x35, 0x30, 0x35, 0x30, 0x5F, 0x46, 0x53, 0x00, 0x2B, 0x47, 0x00, 0x4B, 
    0xCF, 0x48, 0x75, 0x6D, 0x61, 0x6E, 0x44, 0x61, 0x72, 0x74, 0x5F, 0x4F, 
    0x75, 0x74, 0x00, 0x2B, 0x4D, 0x80, 0xA7, 0x8C, 0x54, 0x72, 0x69, 0x63, 
    0x6B, 0x5F, 0x47, 0x75, 0x69, 0x74, 0x61, 0x72, 0x53, 0x6C, 0x69, 0x64, 
    0x65, 0x32, 0x00, 0x2B, 0x5C, 0x90, 0x86, 0x28, 0x42, 0x53, 0x4F, 0x76, 
    0x65, 0x72, 0x63, 0x72, 0x6F, 0x6F, 0x6B, 0x5F, 0x72, 0x61, 0x6E, 0x67, 
    0x65, 0x84, 0x8D, 0x5F, 0xF0, 0x96, 0x78, 0x80, 0x81, 0x61, 0x80, 0x7D, 
    0x80, 0x6C, 0x47, 0x72, 0x69, 0x6E, 0x64, 0x5F, 0x52, 0x61, 0x6E, 0x67, 
    0x65, 0x00, 0x2B, 0x63, 0x10, 0xBF, 0xE9, 0x54, 0x72, 0x69, 0x63, 0x6B, 
    0x5F, 0x48, 0x75, 0x6D, 0x61, 0x6E, 0x44, 0x61, 0x72, 0x74, 0x5F, 0x46, 
    0x53, 0x5F, 0x31, 0x38, 0x30, 0x00, 0x2B, 0x72, 0x50, 0x87, 0xD7, 0x54, 
    0x72, 0x69, 0x63, 0x6B, 0x5F, 0x48, 0x61, 0x6E, 0x67, 0x54, 0x65, 0x6E, 
    0x4E, 0x6F, 0x73, 0x65, 0x47, 0x84, 0x85, 0x6E, 0x64, 0x80, 0x09, 0x81, 
    0x46, 0x53, 0x00, 0x2B, 0x79, 0xD0, 0x90, 0xC0, 0x54, 0x72, 0x69, 0x63, 
    0x6B, 0x5F, 0x46, 0x65, 0x65, 0x62, 0x6C, 0x65, 0x5F, 0x42, 0x53, 0x00, 
    0x2B, 0x84, 0xD0, 0x8F, 0xE4, 0x53, 0x77, 0x69, 0x74, 0x63, 0x68, 0x4F, 
    0x66, 0x66, 0x41, 0x74, 0x6F, 0x6D, 0x69, 0x63, 0x00, 0x2B, 0x87, 0x20, 
    0x87, 0xE1, 0x54, 0x72, 0x69, 0x63, 0x6B, 0x5F, 0x4C, 0x61, 0x69, 0x64, 
    0x42, 0x61, 0x63, 0x6B, 0x5F, 0x46, 0x53, 0x80, 0xF9, 0x31, 0x38, 0x30, 
    0x00, 0x2B, 0x8B, 0x50, 0x77, 0x90, 0x47, 0x72, 0x69, 0x6E, 0x64, 0x52, 
    0x65, 0x6C, 0x65, 0x61, 0x73, 0x65, 0x00, 0x2B, 0xA2, 0xF0, 0x94, 0xE5, 
    0x54, 0x72, 0x69, 0x67, 0x80, 0xA5, 0x65, 0x72, 0x00, 0x2B, 0xA5, 0xD0, 
    0x79, 0x9B, 0x48, 0x61, 0x80, 0x25, 0x80, 0x67, 0x54, 0x65, 0x6E, 0x4E, 
    0x6F, 0x73, 0x65, 0x47, 0x72, 0x69, 0x6E, 0x64, 0x5F, 0x49, 0x6E, 0x69, 
    0x74, 0x00, 0x2B, 0xB0, 0xA0, 0xCD, 0xDD, 0x41, 0x6D, 0x65, 0x72, 0x69, 
    0x63, 0x61, 0x6E, 0x48, 0x65, 0x72, 0x6F, 0x47, 0x72, 0x69, 0x6E, 0x64, 
    0x5F, 0x80, 0x15, 0x80, 0x75, 0x74, 0x00, 0x2B, 0xB0, 0x60, 0xC2, 0x01, 
    0x54, 0x72, 0x69, 0x63, 0x6B, 0x5F, 0x35, 0x5F, 0x30, 0x5F, 0x46, 0x53, 
    0x5F, 0x31, 0x38, 0x30, 0x00, 0x2B, 0xB7, 0x40, 0x3D, 0x1A, 0x54, 0x72, 
    0x69, 0x63, 0x6B, 0x5F, 0x54, 0x61, 0x80, 0x1D, 0x80, 0x6C, 0x62, 0x6C, 
    0x6F, 0x63, 0x6B, 0x53, 0x6C, 0x69, 0x64, 0x65, 0x5F, 0x42, 0x53, 0x00, 
    0x2B, 0xBB, 0x60, 0x49, 0x45, 0x44, 0x61, 0x72, 0x6B, 0x73, 0x6C, 0x69, 
    0x64, 0x65, 0x5F, 0x4F, 0x75, 0x74, 0x00, 0x2B, 0xBD, 0xD0, 0x5C, 0xDF, 
    0x54, 0x84, 0x85, 0x63, 0x6B, 0x80, 0x41, 0x82, 0x48, 0x75, 0x6C, 0x61, 
    0x48, 0x6F, 0x6F, 0x70, 0x32, 0x5F, 0x31, 0x38, 0x30, 0x00, 0x2B, 0xC7, 
    0x80, 0x40, 0x68, 0x48, 0x75, 0x6C, 0x61, 0x48, 0x6F, 0x6F, 0x70, 0x47, 
    0x72, 0x69, 0x6E, 0x64, 0x5F, 0x6F, 0x75, 0x74, 0x00, 0x2B, 0xD6, 0x90, 
    0x92, 0xDE, 0x54, 0x72, 0x69, 0x63, 0x6B, 0x5F, 0x44, 0x61, 0x72, 0x6B, 
    0x73, 0x6C, 0x69, 0x64, 0x65, 0x5F, 0x46, 0x53, 0x5F, 0x31, 0x38, 0x30, 
    0x00, 0x2B, 0xDE, 0xE0, 0x72, 0x91, 0x42, 0x53, 0x53, 0x61, 0x6C, 0x61, 
    0x64, 0x47, 0x72, 0x69, 0x6E, 0x64, 0x5F, 0x49, 0x6E, 0x69, 0x74, 0x00, 
    0x2B, 0x02, 0x51, 0x85, 0x6E, 0x45, 0x78, 0x74, 0x72, 0x61, 0x74, 0x72, 
    0x69, 0x63, 0x6B, 0x73, 0x00, 0x2B, 0x03, 0x61, 0xFC, 0x16, 0x42, 0x69, 
    0x67, 0x80, 0x4D, 0x80, 0x69, 0x74, 0x74, 0x65, 0x72, 0x5F, 0x49, 0x6E, 
    0x69, 0x74, 0x00, 0x2B, 0x0B, 0x71, 0xEB, 0x41, 0x4E, 0x6F, 0x6C, 0x6C, 
    0x69, 0x65, 0x4F, 0x6E, 0x00, 0x2B, 0x0C, 0xF1, 0x31, 0x70, 0x50, 0x61, 
    0x72, 0x61, 0x6D, 0x73, 0x00, 0x2B, 0x1D, 0xB1, 0x1C, 0x9B, 0x54, 0x72, 
    0x69, 0x63, 0x6B, 0x5F, 0x46, 0x65, 0x65, 0x62, 0x80, 0x35, 0x80, 0x65, 
    0x5F, 0x46, 0x53, 0x5F, 0x72, 0x6F, 0x74, 0x00, 0x2B, 0x1E, 0xE1, 0x9B, 
    0xCE, 0x54, 0x72, 0x69, 0x63, 0x6B, 0x5F, 0x52, 0x6F, 0x77, 0x6C, 0x65, 
    0x79, 0x44, 0x61, 0x72, 0x6B, 0x53, 0x6C, 0x69, 0x64, 0x65, 0x5F, 0x46, 
    0x53, 0x00, 0x2B, 0x26, 0x41, 0xEC, 0x6B, 0x54, 0x61, 0x80, 0xB9, 0x6C, 
    0x62, 0x6C, 0x6F, 0x63, 0x6B, 0x53, 0x6C, 0x69, 0x64, 0x65, 0x5F, 0x49, 
    0x6E, 0x69, 0x80, 0x01, 0x81, 0x00, 0x2B, 0x26, 0x41, 0x60, 0xD8, 0x70, 
    0x69, 0x74, 0x63, 0x68, 0x00, 0x2B, 0x28, 0xC1, 0xD0, 0x07, 0x53, 0x77, 
    0x69, 0x74, 0x63, 0x68, 0x4F, 0x6E, 0x41, 0x74, 0x6F, 0x6D, 0x69, 0x63, 
    0x00, 0x2B, 0x31, 0xE1, 0x69, 0x68, 0x54, 0x61, 0x69, 0x6C, 0x73, 0x6C, 
    0x69, 0x64, 0x65, 0x5F, 0x72, 0x61, 0x6E, 0x67, 0x65, 0x00, 0x2B, 0x31, 
    0xC1, 0x4F, 0x11, 0x41, 0x63, 0x74, 0x75, 0x61, 0x74, 0x6F, 0x80, 0x7D, 
    0x80, 0x00, 0x2B, 0x36, 0xC1, 0x11, 0x36, 0x47, 0x65, 0x74, 0x54, 0x61, 
    0x67, 0x73, 0x00, 0x2B, 0x44, 0x41, 0x67, 0x67, 0x54, 0x72, 0x69, 0x63, 
    0x6B, 0x5F, 0x4E, 0x6F, 0x73, 0x65, 0x53, 0x6C, 0x69, 0x64, 0x65, 0x5F, 
    0x46, 0x53, 0x5F, 0x6F, 0x6B, 0x00, 0x2B, 0x47, 0x21, 0xD7, 0xBB, 0x54, 
    0x72, 0x69, 0x63, 0x6B, 0x5F, 0x4E, 0x6F, 0x73, 0x65, 0x53, 0x6C, 0x69, 
    0x64, 0x65, 0x4C, 0x69, 0x70, 0x80, 0x81, 0x6C, 0x80, 0x75, 0x81, 0x64, 
    0x65, 0x5F, 0x42, 0x53, 0x5F, 0x31, 0x38, 0x30, 0x00, 0x2B, 0x49, 0xA1, 
    0xD7, 0xD7, 0x46, 0x53, 0x43, 0x72, 0x6F, 0x6F, 0x6B, 0x65, 0x64, 0x5F, 
    0x72, 0x61, 0x6E, 0x67, 0x65, 0x00, 0x2B, 0x49, 0x01, 0x41, 0x4C, 0x49, 
    0x73, 0x50, 0x73, 0x32, 0x00, 0x2B, 0x4E, 0x51, 0xEF, 0xDD, 0x54, 0x72, 
    0x69, 0x63, 0x6B, 0x5F, 0x48, 0x61, 0x6E, 0x67, 0x54, 0x65, 0x6E, 0x4E, 
    0x6F, 0x73, 0x65, 0x47, 0x72, 0x69, 0x6E, 0x64, 0x5F, 0x42, 0x53, 0x5F, 
    0x31, 0x38, 0x30, 0x00, 0x2B, 0x5C, 0xF1, 0x65, 0xDB, 0x54, 0x72, 0x69, 
    0x63, 0x6B, 0x5F, 0x4E, 0x6F, 0x73, 0x65, 0x53, 0x6C, 0x80, 0xD9, 0x64, 
    0x65, 0x4C, 0x69, 0x70, 0x53, 0x6C, 0x69, 0x64, 0x65, 0x5F, 0x42, 0x53, 
    0x00, 0x2B, 0x5E, 0x51, 0x21, 0x2F, 0x49, 0x6E, 0x69, 0x74, 0x80, 0x45, 
    0x81, 0x42, 0x53, 0x4E, 0x6F, 0x73, 0x65, 0x62, 0x6C, 0x75, 0x6E, 0x74, 
    0x00, 0x2B, 0x62, 0x61, 0xE2, 0xB1, 0x54, 0x72, 0x69, 0x63, 0x6B, 0x5F, 
    0x4E, 0x47, 0x43, 0x72, 0x6F, 0x6F, 0x6B, 0x5F, 0x42, 0x53, 0x5F, 0x31, 
    0x38, 0x30, 0x00, 0x2B, 0x68, 0x51, 0x1D, 0x0E, 0x42, 0x61, 0x69, 0x6C, 
    0x49, 0x73, 0x4F, 0x6E, 0x00, 0x2B, 0x79, 0xE1, 0x28, 0x44, 0x54, 0x72, 
    0x69, 0x63, 0x6B, 0x5F, 0x45, 0x6C, 0x62, 0x6F, 0x77, 0x53, 0x6D, 0x61, 
    0x73, 0x68, 0x32, 0x5F, 0x31, 0x38, 0x30, 0x00, 0x2B, 0x7A, 0x21, 0x80, 
    0xA1, 0xF6, 0x54, 0x72, 0x69, 0x63, 0x6B, 0x5F, 0x51, 0x75, 0x80, 0x01, 
    0x81, 0x63, 0x6B, 0x44, 0x72, 0x61, 0x77, 0x32, 0x5F, 0x31, 0x38, 0x30, 
    0x00, 0x2B, 0x7B, 0x71, 0x66, 0xCF, 0x47, 0x6F, 0x74, 0x50, 0x61, 0x72, 
    0x61, 0x6D, 0x00, 0x2B, 0x8A, 0x41, 0x01, 0x4D, 0x54, 0x72, 0x69, 0x63, 
    0x6B, 0x5F, 0x42, 0x6F, 0x6F, 0x6D, 0x42, 0x6F, 0x78, 0x5F, 0x46, 0x53, 
    0x00, 0x2B, 0x90, 0x01, 0x26, 0x49, 0x54, 0x72, 0x69, 0x63, 0x6B, 0x5F, 
    0x54, 0x61, 0x69, 0x6C, 0x73, 0x6C, 0x80, 0x91, 0x64, 0x65, 0x5F, 0x42, 
    0x53, 0x84, 0x4D, 0x86, 0x9A, 0x31, 0x3E, 0xAC, 0x43, 0x61, 0x72, 0x74, 
    0x77, 0x68, 0x65, 0x65, 0x6C, 0x54, 0x6F, 0x35, 0x30, 0x35, 0x30, 0x00, 
    0x2B, 0x9D, 0x11, 0x10, 0x8D, 0x53, 0x6C, 0x69, 0x64, 0x65, 0x00, 0x2B, 
    0xA3, 0x81, 0xDD, 0xD3, 0x54, 0x72, 0x69, 0x63, 0x6B, 0x5F, 0x46, 0x65, 
    0x72, 0x72, 0x65, 0x74, 0x46, 0x69, 0x67, 0x68, 0x74, 0x32, 0x00, 0x2B, 
    0xA9, 0x01, 0x7B, 0x02, 0x54, 0x72, 0x69, 0x63, 0x6B, 0x5F, 0x53, 0x61, 
    0x6C, 0x61, 0x64, 0x5F, 0x46, 0x53, 0x00, 0x2B, 0xAA, 0x61, 0x19, 0x87, 
    0x54, 0x72, 0x69, 0x63, 0x6B, 0x5F, 0x4E, 0x6F, 0x73, 0x65, 0x67, 0x72, 
    0x69, 0x6E, 0x64, 0x50, 0x69, 0x76, 0x6F, 0x74, 0x5F, 0x42, 0x53, 0x5F, 
    0x31, 0x38, 0x30, 0x00, 0x2B, 0xAD, 0xE1, 0xE5, 0x94, 0x54, 0x72, 0x69, 
    0x63, 0x6B, 0x5F, 0x53, 0x61, 0x6C, 0x61, 0x64, 0x5F, 0x46, 0x53, 0x5F, 
    0x31, 0x38, 0x30, 0x00, 0x2B, 0xB6, 0x01, 0x10, 0x3B, 0x47, 0x72, 0x6F, 
    0x75, 0x6E, 0x64, 0x47, 0x6F, 0x6E, 0x65, 0x00, 0x2B, 0xC0, 0xA1, 0x4B, 
    0x65, 0x54, 0x72, 0x69, 0x63, 0x6B, 0x5F, 0x42, 0x6F, 0x6F, 0x6D, 0x42, 
    0x6F, 0x78, 0x5F, 0x46, 0x53, 0x5F, 0x31, 0x38, 0x30, 0x00, 0x2B, 0xD2, 
    0xC1, 0x2B, 0xF8, 0x41, 0x6E, 0x64, 0x4D, 0x61, 0x6E, 0x75, 0x61, 0x6C, 
    0x73, 0x00, 0x2B, 0xD3, 0x71, 0x8E, 0xE0, 0x53, 0x6B, 0x61, 0x74, 0x65, 
    0x49, 0x6E, 0x4C, 0x61, 0x6E, 0x64, 0x00, 0x2B, 0xDB, 0x11, 0xEE, 0xD4, 
    0x54, 0x72, 0x69, 0x63, 0x6B, 0x5F, 0x4E, 0x47, 0x43, 0x52, 0x6F, 0x6F, 
    0x6B, 0x5F, 0x46, 0x53, 0x00, 0x2B, 0xDF, 0x41, 0xC3, 0xEC, 0x62, 0x6F, 
    0x61, 0x72, 0x64, 0x73, 0x63, 0x75, 0x66, 0x66, 0x84, 0x0D, 0x81, 0xE3, 
    0x41, 0x16, 0x0F, 0x53, 0x74, 0x72, 0x65, 0x61, 0x6D, 0x00, 0x2B, 0xEF, 
    0x61, 0x49, 0xA5, 0x54, 0x72, 0x69, 0x63, 0x6B, 0x5F, 0x42, 0x69, 0x67, 
    0x48, 0x69, 0x74, 0x74, 0x65, 0x72, 0x5F, 0x42, 0x53, 0x00, 0x2B, 0xF9, 
    0x81, 0xDC, 0xA1, 0x4E, 0x61, 0x6D, 0x65, 0x00, 0x2B, 0xFB, 0xA1, 0x89, 
    0xCB, 0x46, 0x53, 0x46, 0x65, 0x65, 0x62, 0x6C, 0x65, 0x4C, 0x61, 0x79, 
    0x62, 0x61, 0x63, 0x6B, 0x5F, 0x52, 0x61, 0x80, 0x25, 0x80, 0x67, 0x65, 
    0x00, 0x2B, 0x01, 0x42, 0xFE, 0x6A, 0x54, 0x72, 0x69, 0x63, 0x6B, 0x5F, 
    0x46, 0x61, 0x6C, 0x63, 0x6F, 0x6E, 0x53, 0x6C, 0x69, 0x64, 0x65, 0x32, 
    0x5F, 0x31, 0x38, 0x30, 0x00, 0x2B, 0x03, 0x12, 0x94, 0x6D, 0x57, 0x6F, 
    0x62, 0x62, 0x6C, 0x65, 0x84, 0x8D, 0x04, 0xD2, 0xAE, 0xF7, 0x80, 0x79, 
    0x80, 0x6D, 0x69, 0x74, 0x68, 0x46, 0x53, 0x5F, 0x49, 0x6E, 0x69, 0x74, 
    0x00, 0x2B, 0x17, 0xB2, 0x23, 0x7D, 0x54, 0x72, 0x69, 0x63, 0x6B, 0x5F, 
    0x4E, 0x6F, 0x73, 0x65, 0x67, 0x72, 0x69, 0x6E, 0x64, 0x50, 0x69, 0x76, 
    0x6F, 0x74, 0x5F, 0x46, 0x53, 0x00, 0x2B, 0x18, 0x12, 0x49, 0x58, 0x42, 
    0x61, 0x73, 0x6B, 0x65, 0x74, 0x62, 0x61, 0x6C, 0x6C, 0x53, 0x6C, 0x69, 
    0x64, 0x65, 0x5F, 0x49, 0x80, 0x85, 0x69, 0x74, 0x84, 0x2D, 0x81, 0x33, 
    0xA2, 0x05, 0xDB, 0x4F, 0x62, 0x6A, 0x5F, 0x50, 0x6C, 0x61, 0x79, 0x53, 
    0x74, 0x72, 0x65, 0x61, 0x6D, 0x00, 0x2B, 0x36, 0xB2, 0x99, 0x96, 0x52, 
    0x6F, 0x63, 0x6B, 0x65, 0x74, 0x46, 0x53, 0x5F, 0x49, 0x6E, 0x69, 0x74, 
    0x00, 0x2B, 0x3A, 0x42, 0xE0, 0x7C, 0x66, 0x6C, 0x61, 0x67, 0x5F, 0x44, 
    0x65, 0x74, 0x61, 0x69, 0x6C, 0x73, 0x00, 0x2B, 0x41, 0x62, 0x82, 0x0A, 
    0x54, 0x72, 0x69, 0x63, 0x6B, 0x5F, 0x47, 0x75, 0x69, 0x74, 0x61, 0x72, 
    0x53, 0x6C, 0x69, 0x80, 0x7D, 0x80, 0x65, 0x32, 0x5F, 0x31, 0x38, 0x30, 
    0x00, 0x2B, 0x51, 0x32, 0x81, 0xD5, 0x4B, 0x69, 0x6C, 0x6C, 0x45, 0x78, 
    0x74, 0x72, 0x61, 0x54, 0x72, 0x69, 0x63, 0x6B, 0x73, 0x00, 0x2B, 0x59, 
    0xD2, 0xBA, 0x16, 0x66, 0x61, 0x6E, 0x64, 0x61, 0x6E, 0x67, 0x6C, 0x65, 
    0x5F, 0x52, 0x61, 0x6E, 0x67, 0x65, 0x00, 0x2B, 0x69, 0xF2, 0x25, 0x09, 
    0x47, 0x75, 0x69, 0x74, 0x61, 0x72, 0x5F, 0x49, 0x64, 0x6C, 0x80, 0xC5, 
    0x00, 0x2B, 0x6B, 0x32, 0x8D, 0x77, 0x46, 0x53, 0x42, 0x6F, 0x61, 0x72, 
    0x64, 0x73, 0x6C, 0x69, 0x64, 0x65, 0x80, 0xD9, 0x72, 0x61, 0x6E, 0x67, 
    0x65, 0x00, 0x2B, 0x75, 0x52, 0x2E, 0x72, 0x54, 0x72, 0x69, 0x63, 0x6B, 
    0x5F, 0x48, 0x75, 0x6D, 0x61, 0x6E, 0x44, 0x84, 0x2D, 0x80, 0x74, 0x5F, 
    0x42, 0x53, 0x5F, 0x31, 0x38, 0x30, 0x00, 0x2B, 0x78, 0x92, 0x68, 0x20, 
    0x54, 0x72, 0x69, 0x61, 0x6E, 0x67, 0x6C, 0x65, 0x00, 0x2B, 0x7A, 0xB2, 
    0x4B, 0x3C, 0x54, 0x72, 0x69, 0x63, 0x6B, 0x5F, 0x4E, 0x6F, 0x73, 0x65, 
    0x42, 0x6C, 0x75, 0x6E, 0x74, 0x53, 0x80, 0xD1, 0x69, 0x64, 0x65, 0x5F, 
    0x46, 0x53, 0x00, 0x2B, 0x91, 0x62, 0x16, 0x7A, 0x54, 0x72, 0x69, 0x63, 
    0x6B, 0x5F, 0x4C, 0x61, 0x69, 0x80, 0x61, 0x81, 0x42, 0x61, 0x63, 0x6B, 
    0x5F, 0x42, 0x53, 0x5F, 0x31, 0x38, 0x30, 0x00, 0x2B, 0x91, 0x72, 0x1E, 
    0x0B, 0x50, 0x6C, 0x61, 0x79, 0x41, 0x6E, 0x69, 0x6D, 0x00, 0x2B, 0x93, 
    0x12, 0x3E, 0x13, 0x53, 0x65, 0x74, 0x4C, 0x61, 0x6E, 0x64, 0x65, 0x64, 
    0x46, 0x72, 0x6F, 0x6D, 0x56, 0x65, 0x72, 0x74, 0x00, 0x2B, 0x97, 0x32, 
    0xD0, 0xD3, 0x42, 0x62, 0x61, 0x6C, 0x6C, 0x69, 0x6E, 0x53, 0x6C, 0x69, 
    0x64, 0x65, 0x00, 0x2B, 0x9E, 0x32, 0x87, 0x58, 0x54, 0x72, 0x69, 0x63, 
    0x6B, 0x5F, 0x48, 0x75, 0x72, 0x72, 0x69, 0x63, 0x61, 0x6E, 0x65, 0x5F, 
    0x42, 0x80, 0xC5, 0x00, 0x2B, 0xA6, 0x22, 0x53, 0x9A, 0x54, 0x72, 0x69, 
    0x63, 0x6B, 0x5F, 0x35, 0x5F, 0x30, 0x5F, 0x42, 0x53, 0x80, 0x15, 0x82, 
    0x31, 0x38, 0x30, 0x00, 0x2B, 0xAB, 0x22, 0x7A, 0x19, 0x43, 0x61, 0x6C, 
    0x6C, 0x49, 0x6E, 0x73, 0x74, 0x65, 0x61, 0x64, 0x4F, 0x66, 0x47, 0x6F, 
    0x74, 0x6F, 0x00, 0x2B, 0xB1, 0xB2, 0x51, 0x51, 0x50, 0x6C, 0x61, 0x79, 
    0x53, 0x6F, 0x75, 0x6E, 0x64, 0x00, 0x2B, 0xB8, 0xD2, 0xE3, 0xEF, 0x42, 
    0x61, 0x73, 0x6B, 0x65, 0x74, 0x62, 0x61, 0x6C, 0x6C, 0x53, 0x6C, 0x69, 
    0x64, 0x65, 0x5F, 0x6F, 0x75, 0x74, 0x00, 0x2B, 0xBC, 0xE2, 0x2E, 0x4B, 
    0x53, 0x65, 0x74, 0x54, 0x72, 0x69, 0x63, 0x6B, 0x4E, 0x61, 0x6D, 0x65, 
    0x00, 0x2B, 0xC0, 0xD2, 0x03, 0x45, 0x54, 0x72, 0x69, 0x63, 0x6B, 0x5F, 
    0x44, 0x61, 0x72, 0x6B, 0x73, 0x6C, 0x80, 0x85, 0x64, 0x65, 0x80, 0x5D, 
    0x80, 0x42, 0x53, 0x5F, 0x31, 0x38, 0x30, 0x00, 0x2B, 0xD1, 0x92, 0xBC, 
    0xFF, 0x54, 0x72, 0x69, 0x63, 0x6B, 0x5F, 0x4E, 0x6F, 0x73, 0x65, 0x53, 
    0x6C, 0x69, 0x64, 0x65, 0x4C, 0x69, 0x70, 0x53, 0x6C, 0x69, 0x64, 0x65, 
    0x5F, 0x46, 0x53, 0x5F, 0x6F, 0x6B, 0x00, 0x2B, 0xDC, 0x22, 0xF8, 0x9F, 
    0x49, 0x6E, 0x69, 0x74, 0x5F, 0x46, 0x53, 0x4E, 0x6F, 0x80, 0x29, 0x83, 
    0x65, 0x62, 0x6C, 0x75, 0x6E, 0x74, 0x00, 0x2B, 0xE9, 0xD2, 0x66, 0x00, 
    0x43, 0x6C, 0x65, 0x61, 0x72, 0x45, 0x78, 0x63, 0x65, 0x70, 0x74, 0x69, 
    0x6F, 0x6E, 0x00, 0x2B, 0xF1, 0x32, 0x27, 0x8A, 0x46, 0x72, 0x6F, 0x67, 
    0x67, 0x79, 0x47, 0x72, 0x69, 0x6E, 0x64, 0x5F, 0x49, 0x64, 0x6C, 0x65, 
    0x00, 0x2B, 0xF3, 0xA2, 0xBA, 0xAA, 0x54, 0x72, 0x69, 0x63, 0x6B, 0x5F, 
    0x4C, 0x61, 0x69, 0x64, 0x42, 0x61, 0x63, 0x6B, 0x5F, 0x46, 0x53, 0x00, 
    0x2B, 0x08, 0xA3, 0x75, 0x13, 0x47, 0x75, 0x69, 0x74, 0x61, 0x72, 0x5F, 
    0x49, 0x6E, 0x69, 0x74, 0x00, 0x2B, 0x18, 0x23, 0x48, 0x7D, 0x49, 0x6E, 
    0x4F, 0x72, 0x64, 0x65, 0x72, 0x00, 0x2B, 0x32, 0xC3, 0x07, 0x4A, 0x66, 
    0x72, 0x61, 0x6D, 0x65, 0x00, 0x2B, 0x34, 0xD3, 0x55, 0x2C, 0x46, 0x53, 
    0x48, 0x75, 0x72, 0x72, 0x69, 0x63, 0x61, 0x6E, 0x65, 0x47, 0x72, 0x69, 
    0x6E, 0x64, 0x5F, 0x49, 0x6E, 0x69, 0x74, 0x84, 0xE9, 0x35, 0xA3, 0x36, 
    0x54, 0x53, 0x70, 0x61, 0x72, 0x6B, 0x73, 0x4F, 0x66, 0x66, 0x00, 0x2B, 
    0x3F, 0x83, 0xD7, 0x46, 0x42, 0x53, 0x53, 0x6D, 0x69, 0x74, 0x68, 0x5F, 
    0x80, 0xB9, 0x61, 0x6E, 0x67, 0x65, 0x00, 0x2B, 0x42, 0x83, 0x3B, 0x82, 
    0x50, 0x72, 0x65, 0x73, 0x73, 0x84, 0x95, 0x4D, 0xC3, 0xFB, 0xF3, 0x54, 
    0x72, 0x80, 0xD1, 0x63, 0x6B, 0x5F, 0x52, 0x6F, 0x63, 0x6B, 0x65, 0x74, 
    0x54, 0x61, 0x69, 0x6C, 0x73, 0x6C, 0x69, 0x64, 0x65, 0x5F, 0x42, 0x53, 
    0x84, 0x91, 0x51, 0x63, 0x46, 0x20, 0x54, 0x80, 0x79, 0x81, 0x69, 0x63, 
    0x6B, 0x5F, 0x4E, 0x6F, 0x73, 0x65, 0x53, 0x6C, 0x69, 0x64, 0x65, 0x4C, 
    0x69, 0x70, 0x53, 0x6C, 0x69, 0x64, 0x65, 0x5F, 0x46, 0x53, 0x5F, 0x31, 
    0x38, 0x30, 0x00, 0x2B, 0x58, 0x13, 0x7E, 0x46, 0x54, 0x72, 0x69, 0x63, 
    0x6B, 0x5F, 0x48, 0x61, 0x6E, 0x67, 0x54, 0x65, 0x6E, 0x4E, 0x6F, 0x73, 
    0x65, 0x47, 0x72, 0x69, 0x6E, 0x64, 0x5F, 0x46, 0x53, 0x5F, 0x31, 0x38, 
    0x30, 0x00, 0x2B, 0x58, 0x03, 0x16, 0x37, 0x54, 0x72, 0x69, 0x63, 0x6B, 
    0x5F, 0x66, 0x61, 0x6E, 0x64, 0x61, 0x6E, 0x67, 0x6C, 0x65, 0x5F, 0x46, 
    0x53, 0x00, 0x2B, 0x62, 0x43, 0x8A, 0x61, 0x49, 0x6E, 0x80, 0x61, 0x87, 
    0x74, 0x5F, 0x42, 0x53, 0x42, 0x6F, 0x61, 0x72, 0x64, 0x73, 0x6C, 0x69, 
    0x64, 0x65, 0x00, 0x2B, 0x74, 0x23, 0x73, 0x2A, 0x54, 0x72, 0x69, 0x63, 
    0x6B, 0x5F, 0x4E, 0x47, 0x43, 0x52, 0x6F, 0x6F, 0x6B, 0x5F, 0x46, 0x53, 
    0x5F, 0x31, 0x38, 0x30, 0x00, 0x2B, 0x77, 0xB3, 0xBC, 0x13, 0x53, 0x70, 
    0x65, 0x63, 0x69, 0x61, 0x6C, 0x49, 0x74, 0x65, 0x6D, 0x5F, 0x64, 0x65, 
    0x74, 0x61, 0x69, 0x6C, 0x73, 0x00, 0x2B, 0x79, 0x43, 0x19, 0x42, 0x42, 
    0x61, 0x73, 0x6B, 0x65, 0x74, 0x62, 0x61, 0x6C, 0x6C, 0x53, 0x6C, 0x69, 
    0x64, 0x65, 0x5F, 0x49, 0x64, 0x6C, 0x65, 0x00, 0x2B, 0x7F, 0xA3, 0x9F, 
    0xAD, 0x67, 0x6F, 0x74, 0x6F, 0x00, 0x2B, 0x90, 0x63, 0x77, 0x90, 0x46, 
    0x72, 0x6F, 0x67, 0x67, 0x79, 0x47, 0x72, 0x69, 0x6E, 0x64, 0x5F, 0x49, 
    0x6E, 0x69, 0x74, 0x00, 0x2B, 0x97, 0x73, 0x21, 0xA8, 0x54, 0x72, 0x69, 
    0x63, 0x6B, 0x5F, 0x44, 0x6F, 0x75, 0x62, 0x6C, 0x65, 0x42, 0x6C, 0x75, 
    0x6E, 0x74, 0x53, 0x6C, 0x69, 0x64, 0x65, 0x32, 0x5F, 0x31, 0x38, 0x30, 
    0x00, 0x2B, 0x97, 0x63, 0x6D, 0x21, 0x43, 0x72, 0x6F, 0x6F, 0x6B, 0x42, 
    0x69, 0x67, 0x53, 0x70, 0x69, 0x6E, 0x46, 0x6C, 0x69, 0x70, 0x43, 0x72, 
    0x6F, 0x6F, 0x6B, 0x00, 0x2B, 0x9A, 0xA3, 0x48, 0x9E, 0x4F, 0x75, 0x74, 
    0x41, 0x6E, 0x69, 0x6D, 0x42, 0x61, 0x63, 0x6B, 0x77, 0x61, 0x72, 0x64, 
    0x73, 0x00, 0x2B, 0xB0, 0x13, 0xE6, 0x56, 0x54, 0x72, 0x69, 0x63, 0x6B, 
    0x5F, 0x43, 0x72, 0x61, 0x69, 0x6C, 0x53, 0x6C, 0x69, 0x64, 0x65, 0x5F, 
    0x46, 0x53, 0x00, 0x2B, 0xB7, 0x93, 0xB9, 0x71, 0x53, 0x65, 0x74, 0x47, 
    0x72, 0x69, 0x6E, 0x64, 0x54, 0x77, 0x65, 0x61, 0x6B, 0x00, 0x2B, 0xBB, 
    0xA3, 0x74, 0x0F, 0x54, 0x72, 0x69, 0x63, 0x6B, 0x5F, 0x53, 0x61, 0x6C, 
    0x61, 0x64, 0x5F, 0x42, 0x53, 0x5F, 0x31, 0x38, 0x30, 0x00, 0x2B, 0xBC, 
    0x23, 0x88, 0x1C, 0x54, 0x72, 0x80, 0x45, 0x83, 0x63, 0x6B, 0x5F, 0x4E, 
    0x6F, 0x73, 0x65, 0x67, 0x72, 0x69, 0x6E, 0x64, 0x50, 0x69, 0x76, 0x6F, 
    0x74, 0x5F, 0x46, 0x53, 0x5F, 0x31, 0x38, 0x30, 0x00, 0x2B, 0xC2, 0x23, 
    0x2B, 0xE6, 0x46, 0x69, 0x66, 0x74, 0x79, 0x46, 0x69, 0x66, 0x74, 0x79, 
    0x46, 0x61, 0x6C, 0x6C, 0x00, 0x2B, 0xD6, 0xE3, 0xDA, 0xFE, 0x54, 0x72, 
    0x69, 0x63, 0x6B, 0x5F, 0x42, 0x6F, 0x6F, 0x6D, 0x42, 0x6F, 0x78, 0x5F, 
    0x42, 0x53, 0x5F, 0x31, 0x38, 0x30, 0x00, 0x2B, 0xDC, 0xC3, 0x88, 0x01, 
    0x46, 0x4C, 0x41, 0x47, 0x5F, 0x53, 0x4B, 0x41, 0x54, 0x45, 0x52, 0x5F, 
    0x52, 0x45, 0x56, 0x45, 0x52, 0x54, 0x43, 0x48, 0x45, 0x45, 0x53, 0x45, 
    0x00, 0x2B, 0xF4, 0xC3, 0x21, 0x7A, 0x54, 0x72, 0x69, 0x63, 0x6B, 0x5F, 
    0x44, 0x61, 0x66, 0x66, 0x79, 0x42, 0x72, 0x6F, 0x6B, 0x65, 0x6E, 0x47, 
    0x72, 0x69, 0x6E, 0x64, 0x32, 0x5F, 0x31, 0x38, 0x30, 0x00, 0x2B, 0x03, 
    0xA4, 0xA3, 0x65, 0x45, 0x61, 0x72, 0x6C, 0x79, 0x4F, 0x75, 0x80, 0x29, 
    0x80, 0x00, 0x2B, 0x04, 0x44, 0x72, 0x61, 0x43, 0x72, 0x61, 0x69, 0x6C, 
    0x53, 0x6C, 0x69, 0x64, 0x65, 0x5F, 0x52, 0x61, 0x6E, 0x67, 0x65, 0x00, 
    0x2B, 0x11, 0x34, 0x3C, 0x0A, 0x54, 0x72, 0x69, 0x63, 0x6B, 0x5F, 0x4E, 
    0x6F, 0x73, 0x65, 0x53, 0x6C, 0x69, 0x64, 0x65, 0x80, 0x31, 0x81, 0x69, 
    0x70, 0x53, 0x6C, 0x69, 0x64, 0x65, 0x5F, 0x42, 0x53, 0x5F, 0x6F, 0x6B, 
    0x00, 0x2B, 0x1A, 0x24, 0xF7, 0xAA, 0x54, 0x72, 0x69, 0x63, 0x6B, 0x5F, 
    0x52, 0x6F, 0x77, 0x6C, 0x65, 0x79, 0x44, 0x61, 0x72, 0x6B, 0x53, 0x6C, 
    0x69, 0x64, 0x65, 0x5F, 0x42, 0x53, 0x00, 0x2B, 0x2A, 0xC4, 0xAB, 0x5D, 
    0x42, 0x53, 0x43, 0x72, 0x6F, 0x6F, 0x6B, 0x65, 0x64, 0x5F, 0x72, 0x61, 
    0x6E, 0x67, 0x65, 0x00, 0x2B, 0x33, 0x04, 0x1C, 0xD1, 0x62, 0x61, 0x73, 
    0x6B, 0x65, 0x74, 0x62, 0x80, 0x81, 0x6C, 0x80, 0x41, 0x83, 0x5F, 0x64, 
    0x65, 0x74, 0x61, 0x69, 0x6C, 0x73, 0x00, 0x2B, 0x35, 0x14, 0xA5, 0x7B, 
    0x54, 0x72, 0x69, 0x63, 0x6B, 0x5F, 0x54, 0x61, 0x69, 0x6C, 0x62, 0x6C, 
    0x6F, 0x63, 0x6B, 0x53, 0x6C, 0x69, 0x64, 0x65, 0x5F, 0x46, 0x53, 0x5F, 
    0x31, 0x38, 0x30, 0x00, 0x2B, 0x3B, 0x64, 0xF0, 0x42, 0x46, 0x53, 0x48, 
    0x75, 0x72, 0x72, 0x69, 0x63, 0x61, 0x6E, 0x65, 0x47, 0x72, 0x69, 0x6E, 
    0x64, 0x5F, 0x4F, 0x75, 0x74, 0x00, 0x2B, 0x42, 0x44, 0xE2, 0xA7, 0x47, 
    0x72, 0x69, 0x6E, 0x64, 0x42, 0x61, 0x69, 0x6C, 0x00, 0x2B, 0x46, 0x94, 
    0xAE, 0xF9, 0x49, 0x6E, 0x69, 0x74, 0x5F, 0x46, 0x53, 0x4F, 0x76, 0x65, 
    0x72, 0x63, 0x72, 0x6F, 0x6F, 0x6B, 0x00, 0x2B, 0x57, 0xB4, 0x5E, 0x03, 
    0x49, 0x6E, 0x69, 0x74, 0x5F, 0x42, 0x53, 0x42, 0x6C, 0x75, 0x6E, 0x74, 
    0x53, 0x6C, 0x69, 0x64, 0x65, 0x00, 0x2B, 0x57, 0xE4, 0x69, 0x00, 0x50, 
    0x6C, 0x61, 0x79, 0x42, 0x6F, 0x6E, 0x6B, 0x53, 0x6F, 0x75, 0x6E, 0x80, 
    0xC9, 0x00, 0x2B, 0x58, 0xB4, 0xA0, 0x56, 0x41, 0x6D, 0x65, 0x72, 0x69, 
    0x63, 0x61, 0x6E, 0x48, 0x65, 0x72, 0x6F, 0x47, 0x84, 0x79, 0x83, 0x6E, 
    0x64, 0x5F, 0x49, 0x6E, 0x69, 0x74, 0x00, 0x2B, 0x58, 0x34, 0x09, 0xBF, 
    0x54, 0x72, 0x69, 0x63, 0x6B, 0x5F, 0x4E, 0x6F, 0x73, 0x65, 0x53, 0x6C, 
    0x69, 0x64, 0x65, 0x4C, 0x69, 0x70, 0x53, 0x6C, 0x69, 0x64, 0x65, 0x5F, 
    0x46, 0x53, 0x00, 0x2B, 0x64, 0xD4, 0x61, 0xE5, 0x4A, 0x61, 0x6E, 0x67, 
    0x6F, 0x51, 0x75, 0x69, 0x63, 0x6B, 0x44, 0x72, 0x61, 0x77, 0x5F, 0x6F, 
    0x75, 0x74, 0x00, 0x2B, 0x78, 0x24, 0x76, 0x4F, 0x54, 0x72, 0x69, 0x63, 
    0x6B, 0x5F, 0x42, 0x62, 0x61, 0x6C, 0x6C, 0x53, 0x6C, 0x69, 0x64, 0x65, 
    0x32, 0x00, 0x2B, 0x83, 0xA4, 0x74, 0x8F, 0x68, 0x6F, 0x72, 0x69, 0x7A, 
    0x5F, 0x76, 0x65, 0x6C, 0x00, 0x2B, 0x86, 0xF4, 0x2A, 0x54, 0x46, 0x53, 
    0x54, 0x61, 0x69, 0x6C, 0x73, 0x6C, 0x69, 0x64, 0x65, 0x5F, 0x72, 0x61, 
    0x6E, 0x67, 0x65, 0x00, 0x2B, 0x8E, 0x84, 0x6D, 0x29, 0x54, 0x72, 0x69, 
    0x63, 0x6B, 0x5F, 0x42, 0x6F, 0x6F, 0x6D, 0x42, 0x6F, 0x78, 0x5F, 0x42, 
    0x53, 0x00, 0x2B, 0x94, 0xC4, 0x4A, 0x2D, 0x54, 0x72, 0x69, 0x63, 0x6B, 
    0x5F, 0x54, 0x80, 0x19, 0x81, 0x69, 0x6C, 0x73, 0x6C, 0x69, 0x64, 0x65, 
    0x5F, 0x46, 0x53, 0x00, 0x2B, 0xA2, 0x94, 0x2F, 0xE6, 0x53, 0x70, 0x61, 
    0x72, 0x6B, 0x73, 0x4F, 0x6E, 0x00, 0x2B, 0xAD, 0xC4, 0x17, 0x66, 0x54, 
    0x72, 0x69, 0x63, 0x6B, 0x5F, 0x53, 0x61, 0x6C, 0x61, 0x64, 0x5F, 0x42, 
    0x53, 0x00, 0x2B, 0xB7, 0xB4, 0xFB, 0xEE, 0x52, 0x6F, 0x63, 0x6B, 0x65, 
    0x74, 0x5F, 0x49, 0x6E, 0x69, 0x74, 0x00, 0x2B, 0xB9, 0x14, 0x18, 0x2D, 
    0x49, 0x6E, 0x69, 0x74, 0x80, 0xD1, 0x46, 0x53, 0x4C, 0x69, 0x70, 0x73, 
    0x6C, 0x69, 0x64, 0x65, 0x00, 0x2B, 0xC3, 0xB4, 0xF3, 0x24, 0x49, 0x6E, 
    0x69, 0x74, 0x5F, 0x80, 0x39, 0x83, 0x53, 0x4C, 0x69, 0x70, 0x73, 0x6C, 
    0x69, 0x64, 0x65, 0x00, 0x2B, 0xC6, 0xA4, 0xDC, 0xDB, 0x4C, 0x61, 0x75, 
    0x6E, 0x63, 0x68, 0x45, 0x78, 0x74, 0x72, 0x61, 0x4D, 0x65, 0x73, 0x73, 
    0x61, 0x67, 0x65, 0x00, 0x2B, 0xDC, 0x24, 0x7D, 0x63, 0x4D, 0x50, 0x43, 
    0x47, 0x72, 0x69, 0x6E, 0x64, 0x5F, 0x49, 0x6E, 0x69, 0x74, 0x00, 0x2B, 
    0xDF, 0xD4, 0x82, 0xB0, 0x54, 0x72, 0x69, 0x63, 0x6B, 0x5F, 0x4E, 0x47, 
    0x43, 0x72, 0x6F, 0x6F, 0x6B, 0x5F, 0x42, 0x53, 0x00, 0x2B, 0xEB, 0xA4, 
    0x25, 0xC1, 0x54, 0x72, 0x69, 0x63, 0x6B, 0x5F, 0x42, 0x69, 0x67, 0x48, 
    0x69, 0x74, 0x74, 0x65, 0x72, 0x5F, 0x46, 0x53, 0x00, 0x2B, 0xED, 0x24, 
    0x0D, 0x8F, 0x42, 0x6C, 0x65, 0x6E, 0x64, 0x50, 0x65, 0x72, 0x69, 0x6F, 
    0x64, 0x00, 0x2B, 0xF0, 0xD4, 0x1F, 0x1D, 0x4F, 0x72, 0x69, 0x65, 0x6E, 
    0x74, 0x54, 0x6F, 0x4E, 0x6F, 0x72, 0x6D, 0x61, 0x6C, 0x00, 0x2B, 0xFD, 
    0xD4, 0xD3, 0x10, 0x43, 0x72, 0x80, 0xC9, 0x69, 0x6C, 0x53, 0x6C, 0x69, 
    0x64, 0x65, 0x5F, 0x4F, 0x75, 0x74, 0x00, 0x2B, 0xFF, 0xD4, 0xB2, 0xA2, 
    0x54, 0x72, 0x80, 0xD9, 0x63, 0x6B, 0x5F, 0x47, 0x72, 0x69, 0x6E, 0x64, 
    0x4F, 0x76, 0x65, 0x72, 0x74, 0x75, 0x72, 0x6E, 0x5F, 0x42, 0x53, 0x5F, 
    0x31, 0x38, 0x30, 0x84, 0x59, 0x80, 0x15, 0xD5, 0xCF, 0xF8, 0x42, 0x61, 
    0x63, 0x6B, 0x77, 0x61, 0x72, 0x64, 0x73, 0x00, 0x2B, 0x1C, 0x95, 0x89, 
    0x01, 0x48, 0x61, 0x6E, 0x64, 0x73, 0x74, 0x61, 0x6E, 0x64, 0x35, 0x30, 
    0x35, 0x30, 0x47, 0x72, 0x69, 0x6E, 0x64, 0x5F, 0x6F, 0x75, 0x74, 0x00, 
    0x2B, 0x20, 0x45, 0xCB, 0x96, 0x54, 0x72, 0x69, 0x63, 0x6B, 0x5F, 0x53, 
    0x70, 0x80, 0x35, 0x84, 0x61, 0x79, 0x50, 0x61, 0x69, 0x6E, 0x74, 0x47, 
    0x72, 0x69, 0x6E, 0x64, 0x32, 0x5F, 0x31, 0x38, 0x30, 0x00, 0x2B, 0x27, 
    0x15, 0x6E, 0x2B, 0x42, 0x6C, 0x6F, 0x6F, 0x64, 0x53, 0x70, 0x6C, 0x61, 
    0x74, 0x00, 0x2B, 0x2C, 0x05, 0x54, 0xB2, 0x49, 0x6E, 0x69, 0x74, 0x5F, 
    0x42, 0x53, 0x46, 0x65, 0x65, 0x62, 0x6C, 0x65, 0x00, 0x2B, 0x33, 0x25, 
    0xCE, 0xE0, 0x54, 0x72, 0x69, 0x63, 0x6B, 0x5F, 0x48, 0x61, 0x6E, 0x64, 
    0x73, 0x74, 0x61, 0x6E, 0x64, 0x35, 0x30, 0x35, 0x30, 0x5F, 0x42, 0x53, 
    0x00, 0x2B, 0x39, 0xE5, 0xF0, 0x4C, 0x41, 0x6D, 0x65, 0x72, 0x69, 0x63, 
    0x61, 0x6E, 0x48, 0x65, 0x72, 0x6F, 0x47, 0x72, 0x69, 0x6E, 0x64, 0x5F, 
    0x49, 0x64, 0x6C, 0x65, 0x00, 0x2B, 0x42, 0x25, 0xA4, 0x24, 0x45, 0x78, 
    0x74, 0x72, 0x61, 0x5F, 0x35, 0x30, 0x35, 0x30, 0x5F, 0x42, 0x53, 0x00, 
    0x2B, 0x43, 0x45, 0x93, 0x55, 0x53, 0x6B, 0x61, 0x74, 0x65, 0x49, 0x6E, 
    0x41, 0x62, 0x6C, 0x65, 0x00, 0x2B, 0x47, 0x55, 0x6B, 0x75, 0x48, 0x75, 
    0x6D, 0x61, 0x6E, 0x44, 0x61, 0x72, 0x74, 0x5F, 0x49, 0x6E, 0x69, 0x74, 
    0x00, 0x2B, 0x47, 0x55, 0x82, 0xBC, 0x43, 0x72, 0x6F, 0x75, 0x80, 0x39, 
    0x83, 0x68, 0x65, 0x64, 0x4C, 0x61, 0x6E, 0x64, 0x00, 0x2B, 0x63, 0xD5, 
    0xB3, 0x37, 0x46, 0x53, 0x48, 0x75, 0x72, 0x72, 0x69, 0x63, 0x61, 0x6E, 
    0x65, 0x47, 0x72, 0x69, 0x6E, 0x64, 0x5F, 0x52, 0x61, 0x6E, 0x67, 0x65, 
    0x00, 0x2B, 0x6D, 0xE5, 0x25, 0x7C, 0x42, 0x53, 0x42, 0x6F, 0x61, 0x72, 
    0x64, 0x73, 0x6C, 0x69, 0x64, 0x65, 0x5F, 0x72, 0x61, 0x6E, 0x67, 0x65, 
    0x00, 0x2B, 0x6F, 0x75, 0xC0, 0x87, 0x62, 0x6F, 0x6F, 0x6D, 0x62, 0x6F, 
    0x78, 0x5F, 0x64, 0x65, 0x74, 0x61, 0x69, 0x6C, 0x73, 0x00, 0x2B, 0x76, 
    0x95, 0xEB, 0xB3, 0x54, 0x72, 0x69, 0x63, 0x6B, 0x5F, 0x48, 0x61, 0x6E, 
    0x67, 0x54, 0x65, 0x6E, 0x4E, 0x6F, 0x73, 0x65, 0x47, 0x72, 0x69, 0x6E, 
    0x64, 0x5F, 0x42, 0x53, 0x00, 0x2B, 0x7D, 0x15, 0xFC, 0xA4, 0x54, 0x72, 
    0x69, 0x63, 0x6B, 0x5F, 0x46, 0x65, 0x65, 0x62, 0x6C, 0x65, 0x5F, 0x46, 
    0x53, 0x00, 0x2B, 0x9A, 0x55, 0x5A, 0x06, 0x41, 0x6C, 0x6C, 0x6F, 0x77, 
    0x84, 0x55, 0x80, 0x69, 0x6C, 0x74, 0x72, 0x69, 0x63, 0x6B, 0x73, 0x00, 
    0x2B, 0xB3, 0x85, 0x51, 0x7E, 0x54, 0x72, 0x69, 0x63, 0x6B, 0x5F, 0x54, 
    0x61, 0x69, 0x6C, 0x62, 0x6C, 0x6F, 0x63, 0x6B, 0x53, 0x6C, 0x69, 0x64, 
    0x65, 0x5F, 0x46, 0x53, 0x00, 0x2B, 0xB8, 0xA5, 0x53, 0xE5, 0x53, 0x74, 
    0x6F, 0x70, 0x42, 0x61, 0x6C, 0x61, 0x6E, 0x63, 0x65, 0x90, 0xBD, 0x00, 
    0x2B, 0xBD, 0x75, 0x2D, 0x79, 0x4D, 0x50, 0x43, 0x47, 0x72, 0x69, 0x6E, 
    0x64, 0x5F, 0x49, 0x80, 0xA1, 0x6C, 0x65, 0x00, 0x2B, 0xBE, 0xD5, 0xC9, 
    0x95, 0x53, 0x80, 0x7D, 0x80, 0x41, 0x54, 0x53, 0x5F, 0x52, 0x41, 0x49, 
    0x4C, 0x42, 0x41, 0x4C, 0x41, 0x4E, 0x43, 0x45, 0x00, 0x2B, 0xC2, 0xE5, 
    0xA4, 0x23, 0x4F, 0x62, 0x6A, 0x5F, 0x53, 0x70, 0x61, 0x77, 0x6E, 0x53, 
    0x63, 0x72, 0x69, 0x70, 0x74, 0x00, 0x2B, 0xC8, 0x95, 0x5B, 0x2F, 0x54, 
    0x72, 0x69, 0x63, 0x6B, 0x5F, 0x66, 0x61, 0x6E, 0x64, 0x61, 0x6E, 0x67, 
    0x6C, 0x65, 0x5F, 0x46, 0x53, 0x5F, 0x31, 0x38, 0x30, 0x84, 0x81, 0xDF, 
    0x80, 0x61, 0x81, 0x61, 0xF1, 0x46, 0x4C, 0x41, 0x47, 0x5F, 0x53, 0x4B, 
    0x41, 0x54, 0x45, 0x52, 0x5F, 0x4D, 0x41, 0x4E, 0x55, 0x41, 0x4C, 0x43, 
    0x48, 0x45, 0x45, 0x53, 0x45, 0x00, 0x2B, 0xEA, 0xD5, 0x8B, 0xD9, 0x46, 
    0x61, 0x6C, 0x63, 0x6F, 0x6E, 0x53, 0x6C, 0x69, 0x64, 0x65, 0x5F, 0x6F, 
    0x75, 0x74, 0x00, 0x2B, 0xEE, 0x95, 0x7B, 0x35, 0x54, 0x72, 0x69, 0x63, 
    0x6B, 0x5F, 0x48, 0x61, 0x6E, 0x64, 0x73, 0x74, 0x61, 0x6E, 0x64, 0x35, 
    0x30, 0x35, 0x30, 0x5F, 0x46, 0x53, 0x5F, 0x31, 0x38, 0x30, 0x00, 0x2B, 
    0xF0, 0x55, 0xA8, 0x7E, 0x50, 0x72, 0x6F, 0x66, 0x80, 0xE1, 0x6C, 0x65, 
    0x00, 0x2B, 0x0E, 0xC6, 0xE8, 0x2D, 0x70, 0x72, 0x69, 0x6E, 0x74, 0x66, 
    0x00, 0x2B, 0x17, 0x46, 0xDE, 0x8F, 0x49, 0x6E, 0x69, 0x74, 0x5F, 0x80, 
    0xD9, 0x53, 0x54, 0x61, 0x69, 0x6C, 0x73, 0x6C, 0x69, 0x64, 0x65, 0x00, 
    0x2B, 0x19, 0xF6, 0x29, 0xD0, 0x73, 0x65, 0x63, 0x6F, 0x6E, 0x64, 0x73, 
    0x84, 0xA5, 0x20, 0xA6, 0x96, 0x6A, 0x42, 0x53, 0x4E, 0x6F, 0x73, 0x65, 
    0x90, 0x71, 0x80, 0x4C, 0x69, 0x70, 0x53, 0x6C, 0x69, 0x64, 0x65, 0x00, 
    0x2B, 0x23, 0x56, 0x34, 0xE0, 0x54, 0x72, 0x69, 0x63, 0x6B, 0x5F, 0x54, 
    0x61, 0x69, 0x6C, 0x62, 0x6C, 0x6F, 0x63, 0x6B, 0x53, 0x6C, 0x69, 0x64, 
    0x65, 0x5F, 0x42, 0x53, 0x5F, 0x31, 0x38, 0x30, 0x00, 0x2B, 0x30, 0x46, 
    0xE0, 0xD5, 0x73, 0x70, 0x65, 0x63, 0x69, 0x61, 0x6C, 0x5F, 0x69, 0x74, 
    0x65, 0x6D, 0x5F, 0x32, 0x84, 0x95, 0x35, 0x26, 0x09, 0x1A, 0x54, 0x72, 
    0x80, 0x95, 0x63, 0x6B, 0x5F, 0x35, 0x30, 0x46, 0x80, 0x01, 0x80, 0x6E, 
    0x67, 0x65, 0x72, 0x66, 0x6C, 0x69, 0x70, 0x32, 0x00, 0x2B, 0x3D, 0x16, 
    0x16, 0xCF, 0x52, 0x6F, 0x77, 0x6C, 0x65, 0x79, 0x44, 0x61, 0x72, 0x6B, 
    0x53, 0x6C, 0x69, 0x64, 0x65, 0x5F, 0x49, 0x6E, 0x80, 0x05, 0x82, 0x74, 
    0x00, 0x2B, 0x44, 0xA6, 0xF3, 0xE0, 0x42, 0x6F, 0x61, 0x72, 0x64, 0x52, 
    0x6F, 0x74, 0x61, 0x74, 0x65, 0x00, 0x2B, 0x44, 0xC6, 0x78, 0x18, 0x6D, 
    0x6F, 0x76, 0x65, 0x72, 0x69, 0x67, 0x68, 0x74, 0x00, 0x2B, 0x46, 0x96, 
    0x0F, 0x1A, 0x41, 0x6E, 0x69, 0x6D, 0x45, 0x71, 0x75, 0x61, 0x6C, 0x73, 
    0x00, 0x2B, 0x47, 0x96, 0x6C, 0xFF, 0x44, 0x61, 0x66, 0x66, 0x79, 0x42, 
    0x72, 0x6F, 0x6B, 0x65, 0x6E, 0x5F, 0x52, 0x61, 0x6E, 0x67, 0x65, 0x00, 
    0x2B, 0x49, 0x06, 0x97, 0x97, 0x54, 0x72, 0x69, 0x63, 0x6B, 0x5F, 0x52, 
    0x6F, 0x63, 0x6B, 0x65, 0x74, 0x54, 0x61, 0x69, 0x6C, 0x73, 0x6C, 0x69, 
    0x64, 0x80, 0x25, 0x80, 0x5F, 0x46, 0x53, 0x00, 0x2B, 0x4D, 0x86, 0x29, 
    0x4A, 0x73, 0x6B, 0x61, 0x74, 0x65, 0x72, 0x5F, 0x6F, 0x6E, 0x72, 0x61, 
    0x69, 0x6C, 0x00, 0x2B, 0x55, 0x86, 0x88, 0xED, 0x49, 0x73, 0x47, 0x72, 
    0x69, 0x6E, 0x64, 0x00, 0x2B, 0x5C, 0xC6, 0x7A, 0x53, 0x54, 0x84, 0xC9, 
    0x63, 0x6B, 0x5F, 0x66, 0x61, 0x6E, 0x64, 0x61, 0x6E, 0x67, 0x6C, 0x65, 
    0x5F, 0x42, 0x53, 0x00, 0x2B, 0x60, 0x46, 0x80, 0x19, 0x82, 0x37, 0x54, 
    0x72, 0x69, 0x63, 0x6B, 0x5F, 0x46, 0x6C, 0x69, 0x70, 0x4B, 0x69, 0x63, 
    0x6B, 0x44, 0x61, 0x64, 0x32, 0x00, 0x2B, 0x61, 0xE6, 0x95, 0x4F, 0x49, 
    0x6E, 0x69, 0x74, 0x5F, 0x4E, 0x6F, 0x73, 0x65, 0x67, 0x72, 0x69, 0x6E, 
    0x64, 0x00, 0x2B, 0x63, 0x46, 0x12, 0x6B, 0x42, 0x53, 0x48, 0x75, 0x72, 
    0x72, 0x69, 0x63, 0x61, 0x6E, 0x65, 0x47, 0x72, 0x69, 0x6E, 0x64, 0x5F, 
    0x52, 0x61, 0x6E, 0x67, 0x65, 0x00, 0x2B, 0x64, 0x56, 0xCF, 0x82, 0x53, 
    0x70, 0x72, 0x61, 0x79, 0x43, 0x61, 0x6E, 0x5F, 0x44, 0x65, 0x74, 0x61, 
    0x69, 0x6C, 0x73, 0x00, 0x2B, 0x70, 0x96, 0x06, 0xA0, 0x46, 0x53, 0x42, 
    0x6F, 0x61, 0x72, 0x64, 0x73, 0x80, 0xD5, 0x69, 0x64, 0x65, 0x5F, 0x4F, 
    0x75, 0x74, 0x00, 0x2B, 0x77, 0xE6, 0x04, 0x13, 0x44, 0x6F, 0x46, 0x6C, 
    0x69, 0x70, 0x43, 0x68, 0x65, 0x84, 0x51, 0x81, 0x00, 0x2B, 0x7C, 0x56, 
    0x0F, 0x56, 0x45, 0x78, 0x74, 0x72, 0x61, 0x5F, 0x54, 0x72, 0x69, 0x63, 
    0x6B, 0x5F, 0x43, 0x72, 0x6F, 0x6F, 0x6B, 0x65, 0x64, 0x5F, 0x46, 0x53, 
    0x00, 0x2B, 0x82, 0xB6, 0xCD, 0x41, 0x42, 0x6F, 0x6F, 0x6D, 0x42, 0x6F, 
    0x78, 0x5F, 0x49, 0x64, 0x6C, 0x65, 0x00, 0x2B, 0x93, 0xB6, 0x77, 0xEA, 
    0x54, 0x72, 0x69, 0x63, 0x6B, 0x5F, 0x44, 0x72, 0x75, 0x6E, 0x6B, 0x47, 
    0x72, 0x69, 0x6E, 0x64, 0x5F, 0x42, 0x53, 0x00, 0x2B, 0xA8, 0x26, 0x6D, 
    0x29, 0x53, 0x6B, 0x61, 0x74, 0x65, 0x49, 0x6E, 0x4F, 0x80, 0x05, 0x82, 
    0x42, 0x61, 0x69, 0x6C, 0x5F, 0x4F, 0x75, 0x74, 0x00, 0x2B, 0xA9, 0x06, 
    0x65, 0x08, 0x46, 0x53, 0x46, 0x65, 0x65, 0x62, 0x6C, 0x65, 0x5F, 0x72, 
    0x61, 0x6E, 0x67, 0x65, 0x00, 0x2B, 0xB4, 0xD6, 0x8A, 0x32, 0x54, 0x72, 
    0x69, 0x63, 0x6B, 0x5F, 0x43, 0x72, 0x61, 0x69, 0x6C, 0x53, 0x6C, 0x69, 
    0x64, 0x65, 0x5F, 0x42, 0x53, 0x00, 0x2B, 0xBA, 0x46, 0xAA, 0xAF, 0x4F, 
    0x66, 0x66, 0x52, 0x61, 0x69, 0x6C, 0x00, 0x2B, 0xC5, 0x76, 0x91, 0x01, 
    0x66, 0x72, 0x61, 0x6D, 0x65, 0x73, 0x00, 0x2B, 0xDA, 0x56, 0xCB, 0x89, 
    0x49, 0x6E, 0x69, 0x74, 0x5F, 0x42, 0x53, 0x43, 0x72, 0x6F, 0x6F, 0x6B, 
    0x65, 0x64, 0x84, 0x11, 0x80, 0xE9, 0x96, 0x23, 0x39, 0x54, 0x72, 0x69, 
    0x63, 0x6B, 0x5F, 0x47, 0x72, 0x69, 0x6E, 0x64, 0x4F, 0x76, 0x65, 0x72, 
    0x74, 0x75, 0x72, 0x6E, 0x5F, 0x46, 0x53, 0x5F, 0x31, 0x38, 0x30, 0x00, 
    0x2B, 0xEF, 0x16, 0x2B, 0x53, 0x4C, 0x84, 0x81, 0x64, 0x80, 0x51, 0x84, 
    0x64, 0x00, 0x2B, 0xF5, 0xE6, 0xCC, 0x27, 0x48, 0x61, 0x6E, 0x64, 0x73, 
    0x74, 0x61, 0x6E, 0x64, 0x35, 0x30, 0x35, 0x30, 0x47, 0x72, 0x69, 0x6E, 
    0x64, 0x5F, 0x52, 0x61, 0x6E, 0x67, 0x65, 0x00, 0x2B, 0x01, 0x97, 0x00, 
    0x5E, 0x43, 0x72, 0x61, 0x69, 0x6C, 0x53, 0x6C, 0x69, 0x64, 0x65, 0x5F, 
    0x49, 0x6E, 0x69, 0x74, 0x00, 0x2B, 0x02, 0x27, 0x48, 0xE8, 0x4D, 0x61, 
    0x6E, 0x75, 0x61, 0x6C, 0x4E, 0x61, 0x6D, 0x65, 0x00, 0x2B, 0x04, 0x47, 
    0x9F, 0x43, 0x41, 0x69, 0x72, 0x00, 0x2B, 0x06, 0x77, 0x47, 0x24, 0x44, 
    0x61, 0x66, 0x66, 0x79, 0x42, 0x72, 0x6F, 0x6B, 0x65, 0x6E, 0x5F, 0x49, 
    0x6E, 0x69, 0x74, 0x00, 0x2B, 0x06, 0x67, 0x1E, 0x2F, 0x49, 0x6E, 0x69, 
    0x74, 0x5F, 0x54, 0x61, 0x69, 0x6C, 0x73, 0x6C, 0x69, 0x64, 0x65, 0x00, 
    0x2B, 0x0C, 0x67, 0x92, 0x7E, 0x44, 0x6F, 0x42, 0x61, 0x6C, 0x61, 0x6E, 
    0x63, 0x65, 0x54, 0x72, 0x69, 0x63, 0x6B, 0x00, 0x2B, 0x11, 0xC7, 0x7A, 
    0xE2, 0x46, 0x53, 0x53, 0x61, 0x6C, 0x61, 0x64, 0x47, 0x72, 0x69, 0x6E, 
    0x64, 0x5F, 0x49, 0x6E, 0x69, 0x74, 0x00, 0x2B, 0x12, 0x27, 0x37, 0x51, 
    0x57, 0x61, 0x6C, 0x6C, 0x52, 0x69, 0x64, 0x65, 0x52, 0x69, 0x67, 0x68, 
    0x74, 0x84, 0xDD, 0x13, 0x77, 0x4F, 0x19, 0x54, 0x72, 0x69, 0x63, 0x6B, 
    0x5F, 0x4E, 0x6F, 0x73, 0x65, 0x67, 0x72, 0x69, 0x6E, 0x64, 0x50, 0x69, 
    0x76, 0x6F, 0x74, 0x80, 0xB1, 0x42, 0x53, 0x00, 0x2B, 0x17, 0x67, 0xB5, 
    0x3B, 0x45, 0x78, 0x63, 0x65, 0x70, 0x80, 0xE5, 0x69, 0x6F, 0x6E, 0x54, 
    0x72, 0x69, 0x67, 0x67, 0x65, 0x72, 0x65, 0x64, 0x00, 0x2B, 0x18, 0xF7, 
    0xC1, 0x9C, 0x47, 0x72, 0x69, 0x6E, 0x64, 0x4F, 0x76, 0x65, 0x80, 0x75, 
    0x80, 0x74, 0x75, 0x72, 0x6E, 0x5F, 0x49, 0x6E, 0x69, 0x74, 0x00, 0x2B, 
    0x2B, 0x77, 0x96, 0x01, 0x43, 0x6C, 0x65, 0x61, 0x72, 0x47, 0x61, 0x70, 
    0x54, 0x72, 0x69, 0x63, 0x6B, 0x73, 0x00, 0x2B, 0x31, 0xC7, 0xC5, 0x4A, 
    0x68, 0x6F, 0x72, 0x69, 0x7A, 0x5F, 0x61, 0x6D, 0x70, 0x00, 0x2B, 0x36, 
    0x27, 0x79, 0x76, 0x43, 0x68, 0x65, 0x63, 0x6B, 0x66, 0x6F, 0x72, 0x4E, 
    0x65, 0x74, 0x42, 0x80, 0xD9, 0x61, 0x6B, 0x65, 0x00, 0x2B, 0x56, 0x77, 
    0x7E, 0x4F, 0x43, 0x6F, 0x66, 0x66, 0x69, 0x6E, 0x47, 0x72, 0x69, 0x6E, 
    0x64, 0x5F, 0x49, 0x6E, 0x80, 0x59, 0x80, 0x74, 0x00, 0x2B, 0x56, 0x97, 
    0x1C, 0x32, 0x53, 0x71, 0x75, 0x61, 0x72, 0x65, 0x00, 0x2B, 0x60, 0xC7, 
    0xBB, 0xE7, 0x54, 0x72, 0x69, 0x63, 0x6B, 0x5F, 0x43, 0x72, 0x6F, 0x6F, 
    0x6B, 0x65, 0x64, 0x5F, 0x46, 0x53, 0x5F, 0x72, 0x6F, 0x74, 0x00, 0x2B, 
    0x60, 0x97, 0x73, 0x64, 0x47, 0x72, 0x69, 0x6E, 0x64, 0x54, 0x77, 0x65, 
    0x61, 0x6B, 0x84, 0x91, 0x65, 0x87, 0x47, 0x7B, 0x6D, 0x80, 0xB9, 0x76, 
    0x65, 0x6C, 0x65, 0x66, 0x74, 0x00, 0x2B, 0x6F, 0x37, 0xA9, 0xAF, 0x46, 
    0x53, 0x46, 0x80, 0x1D, 0x80, 0x65, 0x62, 0x6C, 0x65, 0x4C, 0x61, 0x79, 
    0x62, 0x61, 0x63, 0x6B, 0x5F, 0x49, 0x6E, 0x69, 0x74, 0x00, 0x2B, 0x75, 
    0xC7, 0x05, 0x23, 0x54, 0x72, 0x69, 0x63, 0x6B, 0x5F, 0x41, 0x6D, 0x65, 
    0x72, 0x69, 0x63, 0x61, 0x6E, 0x48, 0x65, 0x72, 0x6F, 0x80, 0x31, 0x82, 
    0x5F, 0x31, 0x38, 0x30, 0x00, 0x2B, 0x7C, 0x27, 0xD5, 0x5C, 0x4E, 0x75, 
    0x74, 0x74, 0x65, 0x72, 0x00, 0x2B, 0x7E, 0x77, 0x27, 0x58, 0x54, 0x72, 
    0x69, 0x63, 0x6B, 0x5F, 0x4E, 0x6F, 0x73, 0x65, 0x42, 0x6C, 0x75, 0x6E, 
    0x74, 0x53, 0x6C, 0x69, 0x64, 0x65, 0x5F, 0x42, 0x53, 0x00, 0x2B, 0x84, 
    0xE7, 0xE7, 0x92, 0x54, 0x72, 0x69, 0x63, 0x6B, 0x5F, 0x4E, 0x6F, 0x73, 
    0x65, 0x53, 0x6C, 0x69, 0x64, 0x65, 0x5F, 0x42, 0x53, 0x5F, 0x6F, 0x6B, 
    0x00, 0x2B, 0x8F, 0xD7, 0xAC, 0x3E, 0x42, 0x53, 0x48, 0x75, 0x72, 0x72, 
    0x69, 0x63, 0x61, 0x6E, 0x65, 0x47, 0x72, 0x69, 0x6E, 0x64, 0x5F, 0x49, 
    0x6E, 0x69, 0x74, 0x00, 0x2B, 0x93, 0xB7, 0x8E, 0x5B, 0x46, 0x53, 0x4F, 
    0x76, 0x84, 0xE1, 0x63, 0x72, 0x6F, 0x6F, 0x6B, 0x5F, 0x72, 0x61, 0x6E, 
    0x67, 0x65, 0x00, 0x2B, 0x9A, 0xF7, 0xEB, 0x3C, 0x54, 0x72, 0x69, 0x63, 
    0x6B, 0x5F, 0x48, 0x75, 0x80, 0x01, 0x80, 0x72, 0x69, 0x63, 0x61, 0x6E, 
    0x65, 0x5F, 0x46, 0x53, 0x00, 0x2B, 0x9C, 0x37, 0x95, 0xD0, 0x77, 0x6F, 
    0x62, 0x62, 0x6C, 0x65, 0x70, 0x61, 0x72, 0x61, 0x6D, 0x73, 0x00, 0x2B, 
    0xA2, 0x87, 0xA6, 0x1D, 0x8C, 0x85, 0x67, 0x72, 0x80, 0x35, 0x82, 0x6E, 
    0x64, 0x00, 0x2B, 0xB0, 0xF7, 0x4A, 0x56, 0x46, 0x6C, 0x69, 0x70, 0x4B, 
    0x69, 0x63, 0x6B, 0x44, 0x61, 0x64, 0x00, 0x2B, 0xB8, 0xD7, 0x65, 0x9B, 
    0x4F, 0x6C, 0x6C, 0x69, 0x65, 0x00, 0x2B, 0xBC, 0xB7, 0xE9, 0xC7, 0x46, 
    0x6C, 0x69, 0x70, 0x4B, 0x69, 0x63, 0x6B, 0x44, 0x61, 0x64, 0x5F, 0x49, 
    0x6E, 0x69, 0x74, 0x00, 0x2B, 0xC0, 0xB7, 0x75, 0xDE, 0x46, 0x65, 0x72, 
    0x72, 0x65, 0x74, 0x5F, 0x64, 0x65, 0x74, 0x61, 0x69, 0x6C, 0x73, 0x00, 
    0x2B, 0xC4, 0xE7, 0x77, 0x49, 0x49, 0x6E, 0x69, 0x74, 0x5F, 0x42, 0x53, 
    0x4F, 0x76, 0x65, 0x72, 0x63, 0x72, 0x6F, 0x6F, 0x6B, 0x00, 0x2B, 0xD6, 
    0x57, 0x19, 0x31, 0x54, 0x72, 0x69, 0x63, 0x6B, 0x5F, 0x46, 0x72, 0x6F, 
    0x67, 0x80, 0xB9, 0x79, 0x47, 0x72, 0x69, 0x6E, 0x64, 0x32, 0x00, 0x2B, 
    0xD6, 0x07, 0x27, 0xD4, 0x49, 0x6E, 0x80, 0xA1, 0x74, 0x5F, 0x46, 0x53, 
    0x43, 0x72, 0x6F, 0x6F, 0x6B, 0x80, 0x69, 0x80, 0x64, 0x00, 0x2B, 0xDC, 
    0xD7, 0xB9, 0x3F, 0x54, 0x72, 0x69, 0x63, 0x6B, 0x5F, 0x53, 0x6D, 0x69, 
    0x74, 0x68, 0x5F, 0x46, 0x53, 0x5F, 0x72, 0x6F, 0x74, 0x00, 0x2B, 0xDE, 
    0xD7, 0xCA, 0xB4, 0x54, 0x72, 0x69, 0x63, 0x6B, 0x5F, 0x66, 0x61, 0x6E, 
    0x64, 0x61, 0x6E, 0x67, 0x6C, 0x65, 0x5F, 0x42, 0x53, 0x5F, 0x31, 0x38, 
    0x30, 0x00, 0x2B, 0xE3, 0xE7, 0x9D, 0x5B, 0x80, 0xFD, 0x6F, 0x6F, 0x6D, 
    0x42, 0x6F, 0x78, 0x5F, 0x49, 0x6E, 0x69, 0x74, 0x00, 0x2B, 0xF3, 0xA7, 
    0x3E, 0x60, 0x57, 0x61, 0x69, 0x74, 0x41, 0x6E, 0x69, 0x6D, 0x46, 0x69, 
    0x6E, 0x69, 0x73, 0x68, 0x65, 0x80, 0xB9, 0x00, 0x2B, 0xF4, 0xA7, 0xF8, 
    0x6B, 0x52, 0x32, 0x00, 0x2B, 0xF7, 0x67, 0xD6, 0xCE, 0x54, 0x80, 0x85, 
    0x69, 0x63, 0x80, 0x11, 0x80, 0x5F, 0x4C, 0x61, 0x69, 0x64, 0x42, 0x61, 
    0x63, 0x6B, 0x5F, 0x42, 0x53, 0x00, 0x2B, 0xF8, 0xD7, 0xEA, 0xAE, 0x54, 
    0x72, 0x69, 0x63, 0x6B, 0x5F, 0x48, 0x61, 0x6E, 0x64, 0x73, 0x74, 0x61, 
    0x6E, 0x64, 0x35, 0x30, 0x35, 0x30, 0x80, 0x19, 0x82, 0x42, 0x53, 0x5F, 
    0x31, 0x38, 0x30, 0x00, 0x2B, 0xF9, 0x67, 0x2B, 0x6C, 0x4F, 0x62, 0x6A, 
    0x5F, 0x43, 0x6C, 0x65, 0x61, 0x72, 0x46, 0x6C, 0x61, 0x67, 0x00, 0x2B, 
    0x04, 0x48, 0xDE, 0x1D, 0x4F, 0x6E, 0x47, 0x72, 0x6F, 0x75, 0x6E, 0x64, 
    0x41, 0x49, 0x00, 0x2B, 0x0A, 0x08, 0xCF, 0x1F, 0x53, 0x65, 0x74, 0x4D, 
    0x61, 0x6E, 0x75, 0x61, 0x6C, 0x54, 0x72, 0x69, 0x63, 0x6B, 0x73, 0x00, 
    0x2B, 0x0E, 0x78, 0x86, 0x79, 0x44, 0x6F, 0x75, 0x62, 0x6C, 0x65, 0x42, 
    0x6C, 0x75, 0x6E, 0x74, 0x5F, 0x49, 0x6E, 0x69, 0x74, 0x00, 0x2B, 0x14, 
    0x68, 0xA3, 0xF6, 0x76, 0x6F, 0x6C, 0x00, 0x2B, 0x1A, 0x78, 0x0D, 0x67, 
    0x46, 0x53, 0x4E, 0x6F, 0x80, 0x6D, 0x81, 0x65, 0x53, 0x6C, 0x69, 0x64, 
    0x65, 0x5F, 0x4F, 0x75, 0x74, 0x00, 0x2B, 0x1D, 0x78, 0x8C, 0x62, 0x49, 
    0x6E, 0x69, 0x74, 0x5F, 0x46, 0x53, 0x42, 0x6F, 0x61, 0x72, 0x64, 0x73, 
    0x6C, 0x69, 0x64, 0x65, 0x00, 0x2B, 0x20, 0x98, 0xAC, 0x13, 0x54, 0x72, 
    0x69, 0x63, 0x6B, 0x5F, 0x53, 0x6D, 0x69, 0x74, 0x68, 0x5F, 0x42, 0x53, 
    0x00, 0x2B, 0x22, 0x58, 0x30, 0x34, 0x4E, 0x6F, 0x73, 0x65, 0x67, 0x72, 
    0x69, 0x6E, 0x64, 0x50, 0x69, 0x76, 0x6F, 0x74, 0x5F, 0x52, 0x61, 0x6E, 
    0x67, 0x65, 0x00, 0x2B, 0x24, 0x08, 0x0B, 0xF9, 0x53, 0x70, 0x61, 0x7A, 
    0x46, 0x61, 0x63, 0x80, 0xCD, 0x6F, 0x72, 0x00, 0x2B, 0x2B, 0x98, 0xB9, 
    0xBF, 0x4C, 0x32, 0x00, 0x2B, 0x2C, 0xF8, 0x91, 0x6D, 0x46, 0x53, 0x46, 
    0x65, 0x80, 0x81, 0x62, 0x80, 0x09, 0x84, 0x65, 0x4C, 0x61, 0x79, 0x62, 
    0x61, 0x63, 0x6B, 0x5F, 0x4F, 0x75, 0x74, 0x00, 0x2B, 0x2E, 0x78, 0x07, 
    0xD9, 0x52, 0x6F, 0x63, 0x6B, 0x65, 0x74, 0x46, 0x53, 0x5F, 0x52, 0x61, 
    0x6E, 0x67, 0x65, 0x00, 0x2B, 0x38, 0x58, 0x74, 0xC4, 0x74, 0x65, 0x78, 
    0x74, 0x00, 0x2B, 0x3A, 0xF8, 0x48, 0x89, 0x54, 0x72, 0x69, 0x63, 0x6B, 
    0x5F, 0x42, 0x62, 0x61, 0x6C, 0x6C, 0x53, 0x6C, 0x69, 0x64, 0x65, 0x32, 
    0x5F, 0x31, 0x38, 0x30, 0x00, 0x2B, 0x40, 0x48, 0x5F, 0x1F, 0x53, 0x6D, 
    0x69, 0x74, 0x68, 0x5F, 0x52, 0x61, 0x6E, 0x67, 0x65, 0x00, 0x2B, 0x41, 
    0xE8, 0x6C, 0xE1, 0x54, 0x68, 0x6F, 0x6D, 0x61, 0x73, 0x00, 0x2B, 0x49, 
    0xE8, 0xBF, 0x52, 0x54, 0x72, 0x69, 0x63, 0x6B, 0x5F, 0x53, 0x6D, 0x69, 
    0x74, 0x68, 0x5F, 0x42, 0x53, 0x5F, 0x31, 0x38, 0x30, 0x00, 0x2B, 0x4B, 
    0x98, 0xD3, 0xFF, 0x4D, 0x50, 0x43, 0x5F, 0x44, 0x65, 0x74, 0x61, 0x69, 
    0x6C, 0x73, 0x00, 0x2B, 0x4F, 0x78, 0x9F, 0xEA, 0x54, 0x72, 0x69, 0x63, 
    0x6B, 0x5F, 0x52, 0x6F, 0x77, 0x6C, 0x65, 0x79, 0x44, 0x61, 0x72, 0x6B, 
    0x53, 0x6C, 0x80, 0x85, 0x64, 0x65, 0x84, 0xF1, 0x53, 0x5F, 0x31, 0x38, 
    0x30, 0x00, 0x2B, 0x55, 0xB8, 0x59, 0xAD, 0x4C, 0x61, 0x75, 0x6E, 0x63, 
    0x68, 0x53, 0x70, 0x65, 0x63, 0x69, 0x61, 0x6C, 0x4D, 0x65, 0x73, 0x73, 
    0x61, 0x8C, 0xDD, 0x64, 0x78, 0x3D, 0x8C, 0x42, 0x61, 0x69, 0x6C, 0x4F, 
    0x66, 0x66, 0x00, 0x2B, 0x67, 0x28, 0x43, 0x03, 0x44, 0x6F, 0x69, 0x6E, 
    0x67, 0x54, 0x72, 0x80, 0x09, 0x85, 0x63, 0x6B, 0x42, 0x61, 0x69, 0x6C, 
    0x00, 0x2B, 0x6A, 0x38, 0xFC, 0xCE, 0x54, 0x72, 0x69, 0x63, 0x6B, 0x5F, 
    0x52, 0x6F, 0x63, 0x6B, 0x4F, 0x75, 0x74, 0x47, 0x72, 0x69, 0x6E, 0x64, 
    0x32, 0x5F, 0x31, 0x38, 0x30, 0x00, 0x2B, 0x6F, 0xD8, 0x5E, 0x25, 0x47, 
    0x72, 0x69, 0x6E, 0x64, 0x00, 0x2B, 0x71, 0x88, 0x50, 0x61, 0x54, 0x72, 
    0x69, 0x63, 0x6B, 0x5F, 0x4E, 0x6F, 0x73, 0x65, 0x53, 0x6C, 0x69, 0x64, 
    0x65, 0x5F, 0x42, 0x53, 0x00, 0x2B, 0x78, 0x98, 0x1A, 0x62, 0x49, 0x6E, 
    0x69, 0x74, 0x5F, 0x46, 0x53, 0x53, 0x6D, 0x69, 0x74, 0x68, 0x00, 0x2B, 
    0x81, 0x88, 0x48, 0xFC, 0x76, 0x65, 0x72, 0x74, 0x5F, 0x76, 0x65, 0x6C, 
    0x00, 0x2B, 0x86, 0xF8, 0xF3, 0x9E, 0x54, 0x72, 0x69, 0x63, 0x6B, 0x5F, 
    0x4F, 0x6E, 0x65, 0x46, 0x6F, 0x6F, 0x74, 0x53, 0x6D, 0x69, 0x74, 0x68, 
    0x5F, 0x42, 0x53, 0x00, 0x2B, 0x87, 0xC8, 0xC1, 0x10, 0x4D, 0x6F, 0x76, 
    0x65, 0x00, 0x2B, 0x8E, 0x08, 0x67, 0x1D, 0x54, 0x72, 0x69, 0x63, 0x6B, 
    0x5F, 0x43, 0x6F, 0x66, 0x66, 0x69, 0x6E, 0x5F, 0x46, 0x53, 0x5F, 0x31, 
    0x38, 0x30, 0x00, 0x2B, 0x8E, 0xB8, 0xB2, 0x85, 0x54, 0x72, 0x69, 0x63, 
    0x6B, 0x5F, 0x42, 0x6C, 0x75, 0x6E, 0x74, 0x73, 0x6C, 0x69, 0x64, 0x65, 
    0x5F, 0x46, 0x53, 0x00, 0x2B, 0x90, 0xD8, 0xD2, 0xA6, 0x80, 0x35, 0x80, 
    0x63, 0x72, 0x00, 0x2B, 0x97, 0x18, 0x98, 0x85, 0x4C, 0x65, 0x66, 0x74, 
    0x00, 0x2B, 0xAE, 0xC8, 0x66, 0xCD, 0x53, 0x63, 0x6F, 0x72, 0x65, 0x00, 
    0x2B, 0xBD, 0x38, 0x4C, 0xFE, 0x54, 0x72, 0x69, 0x63, 0x6B, 0x5F, 0x45, 
    0x6C, 0x62, 0x6F, 0x77, 0x53, 0x6D, 0x61, 0x73, 0x68, 0x32, 0x84, 0x25, 
    0x81, 0xCA, 0x28, 0xE5, 0x90, 0x53, 0x6B, 0x61, 0x74, 0x65, 0x49, 0x6E, 
    0x4F, 0x72, 0x42, 0x61, 0x69, 0x6C, 0x00, 0x2B, 0xD6, 0xA8, 0x21, 0x73, 
    0x54, 0x79, 0x70, 0x65, 0x00, 0x2B, 0xE8, 0xD8, 0x8D, 0x83, 0x45, 0x78, 
    0x74, 0x72, 0x61, 0x5F, 0x4E, 0x6F, 0x73, 0x65, 0x47, 0x72, 0x69, 0x6E, 
    0x64, 0x73, 0x5F, 0x42, 0x53, 0x00, 0x2B, 0xEE, 0x98, 0xC8, 0xDA, 0x46, 
    0x53, 0x4E, 0x6F, 0x73, 0x65, 0x62, 0x6C, 0x75, 0x6E, 0x74, 0x5F, 0x72, 
    0x61, 0x6E, 0x67, 0x80, 0xA1, 0x00, 0x2B, 0xF5, 0xF8, 0xBD, 0x8A, 0x54, 
    0x72, 0x69, 0x80, 0x11, 0x81, 0x6B, 0x5F, 0x43, 0x72, 0x6F, 0x6F, 0x6B, 
    0x65, 0x64, 0x5F, 0x42, 0x53, 0x5F, 0x31, 0x38, 0x30, 0x00, 0x2B, 0x04, 
    0xD9, 0x5F, 0xAE, 0x54, 0x72, 0x69, 0x63, 0x6B, 0x5F, 0x43, 0x6F, 0x66, 
    0x66, 0x69, 0x6E, 0x5F, 0x42, 0x53, 0x00, 0x2B, 0x05, 0xD9, 0xCB, 0xFA, 
    0x47, 0x75, 0x69, 0x74, 0x61, 0x72, 0x53, 0x6C, 0x69, 0x64, 0x65, 0x00, 
    0x2B, 0x08, 0xB9, 0x8F, 0x45, 0x54, 0x72, 0x69, 0x63, 0x6B, 0x5F, 0x4C, 
    0x69, 0x70, 0x80, 0x31, 0x81, 0x6C, 0x69, 0x64, 0x65, 0x5F, 0x42, 0x53, 
    0x00, 0x2B, 0x0F, 0x59, 0x95, 0x4B, 0x4E, 0x6F, 0x73, 0x65, 0x4D, 0x61, 
    0x6E, 0x75, 0x61, 0x6C, 0x42, 0x61, 0x69, 0x6C, 0x32, 0x00, 0x2B, 0x10, 
    0xE9, 0xEA, 0xC1, 0x44, 0x61, 0x72, 0x6B, 0x73, 0x6C, 0x69, 0x64, 0x65, 
    0x5F, 0x49, 0x6E, 0x69, 0x74, 0x00, 0x2B, 0x1D, 0x29, 0x77, 0xF2, 0x69, 
    0x67, 0x6E, 0x6F, 0x72, 0x65, 0x00, 0x2B, 0x1E, 0xB9, 0x54, 0x3A, 0x42, 
    0x53, 0x54, 0x61, 0x69, 0x6C, 0x73, 0x6C, 0x69, 0x64, 0x65, 0x80, 0xE5, 
    0x4F, 0x75, 0x74, 0x00, 0x2B, 0x1F, 0x19, 0xE5, 0x10, 0x54, 0x72, 0x69, 
    0x63, 0x6B, 0x5F, 0x47, 0x72, 0x69, 0x6E, 0x64, 0x4F, 0x76, 0x65, 0x72, 
    0x74, 0x75, 0x80, 0x09, 0x80, 0x6E, 0x5F, 0x42, 0x53, 0x00, 0x2B, 0x31, 
    0xC9, 0x6B, 0x0A, 0x54, 0x72, 0x69, 0x63, 0x6B, 0x5F, 0x42, 0x6C, 0x75, 
    0x6E, 0x74, 0x73, 0x6C, 0x69, 0x64, 0x65, 0x5F, 0x46, 0x53, 0x5F, 0x31, 
    0x38, 0x30, 0x00, 0x2B, 0x80, 0xC1, 0xB9, 0x2D, 0xAF, 0x46, 0x53, 0x4E, 
    0x6F, 0x73, 0x65, 0x73, 0x6C, 0x69, 0x64, 0x65, 0x5F, 0x72, 0x61, 0x80, 
    0x85, 0x67, 0x65, 0x84, 0xF5, 0x36, 0xF9, 0xD1, 0x77, 0x42, 0x53, 0x53, 
    0x61, 0x6C, 0x61, 0x64, 0x47, 0x72, 0x69, 0x6E, 0x64, 0x5F, 0x72, 0x61, 
    0x6E, 0x67, 0x65, 0x00, 0x2B, 0x44, 0x89, 0xB7, 0x8D, 0x47, 0x65, 0x80, 
    0x55, 0x85, 0x42, 0x6F, 0x61, 0x72, 0x64, 0x53, 0x63, 0x75, 0x66, 0x66, 
    0x00, 0x2B, 0x48, 0xB9, 0x61, 0xD0, 0x4F, 0x6E, 0x47, 0x72, 0x6F, 0x75, 
    0x6E, 0x64, 0x45, 0x78, 0x63, 0x65, 0x70, 0x74, 0x69, 0x6F, 0x6E, 0x73, 
    0x5F, 0x4E, 0x6F, 0x45, 0x6E, 0x64, 0x52, 0x75, 0x6E, 0x00, 0x2B, 0x54, 
    0xE9, 0x8C, 0x26, 0x54, 0x72, 0x69, 0x63, 0x6B, 0x5F, 0x43, 0x72, 0x6F, 
    0x6F, 0x6B, 0x65, 0x64, 0x42, 0x69, 0x67, 0x53, 0x70, 0x69, 0x6E, 0x5F, 
    0x42, 0x53, 0x00, 0x2B, 0x6F, 0x29, 0xD6, 0x63, 0x44, 0x6F, 0x75, 0x62, 
    0x6C, 0x65, 0x42, 0x6C, 0x75, 0x6E, 0x74, 0x5F, 0x49, 0x64, 0x6C, 0x65, 
    0x00, 0x2B, 0x7C, 0xE9, 0x23, 0x73, 0x78, 0x00, 0x2B, 0x8B, 0xB9, 0xC4, 
    0x30, 0x45, 0x78, 0x74, 0x72, 0x61, 0x5F, 0x54, 0x61, 0x69, 0x6C, 0x47, 
    0x72, 0x69, 0x6E, 0x64, 0x73, 0x5F, 0x46, 0x53, 0x00, 0x2B, 0x92, 0xD9, 
    0x40, 0xF5, 0x53, 0x6B, 0x61, 0x74, 0x65, 0x49, 0x6E, 0x4C, 0x61, 0x6E, 
    0x64, 0x4F, 0x75, 0x74, 0x00, 0x2B, 0x9E, 0xA9, 0xC0, 0x43, 0x52, 0x6F, 
    0x63, 0x6B, 0x65, 0x74, 0x5F, 0x52, 0x61, 0x6E, 0x67, 0x65, 0x00, 0x2B, 
    0xA0, 0x99, 0xD3, 0x47, 0x54, 0x72, 0x69, 0x63, 0x6B, 0x5F, 0x4F, 0x6E, 
    0x65, 0x46, 0x6F, 0x6F, 0x74, 0x53, 0x6D, 0x69, 0x74, 0x68, 0x5F, 0x46, 
    0x53, 0x5F, 0x31, 0x38, 0x30, 0x00, 0x2B, 0xA9, 0xE9, 0x6E, 0x86, 0x46, 
    0x53, 0x53, 0x6D, 0x69, 0x74, 0x68, 0x5F, 0x72, 0x61, 0x6E, 0x67, 0x65, 
    0x84, 0x49, 0x80, 0xB2, 0x89, 0xC9, 0x11, 0x42, 0x53, 0x46, 0x65, 0x65, 
    0x62, 0x6C, 0x65, 0x5F, 0x72, 0x61, 0x6E, 0x67, 0x65, 0x00, 0x2B, 0xB8, 
    0x19, 0x4B, 0x3B, 0x46, 0x53, 0x42, 0x6C, 0x75, 0x6E, 0x74, 0x53, 0x6C, 
    0x69, 0x64, 0x65, 0x5F, 0x72, 0x61, 0x6E, 0x67, 0x65, 0x00, 0x2B, 0xBD, 
    0x89, 0x56, 0x6E, 0x54, 0x72, 0x69, 0x84, 0x99, 0x5F, 0x43, 0x61, 0x72, 
    0x74, 0x57, 0x68, 0x80, 0xDD, 0x65, 0x6C, 0x74, 0x6F, 0x35, 0x30, 0x35, 
    0x30, 0x32, 0x00, 0x2B, 0xCA, 0xA9, 0xD0, 0xF2, 0x54, 0x72, 0x69, 0x63, 
    0x6B, 0x5F, 0x35, 0x5F, 0x30, 0x80, 0x81, 0x42, 0x80, 0x69, 0x81, 0x00, 
    0x2B, 0xDE, 0xD9, 0x34, 0x8F, 0x42, 0x69, 0x67, 0x48, 0x69, 0x74, 0x74, 
    0x65, 0x72, 0x5F, 0x52, 0x61, 0x6E, 0x67, 0x65, 0x00, 0x2B, 0xEA, 0xD9, 
    0x24, 0x04, 0x79, 0x00, 0x2B, 0xEB, 0x79, 0x80, 0xA5, 0x53, 0x65, 0x74, 
    0x54, 0x61, 0x67, 0x73, 0x00, 0x2B, 0xEF, 0x09, 0x04, 0x88, 0x57, 0x61, 
    0x6C, 0x6C, 0x52, 0x69, 0x64, 0x65, 0x00, 0x2B, 0xF7, 0x89, 0x3C, 0xCF, 
    0x41, 0x69, 0x72, 0x62, 0x6F, 0x72, 0x6E, 0x65, 0x00, 0x2B, 0xFE, 0x69, 
    0x29, 0xF8, 0x54, 0x72, 0x69, 0x63, 0x6B, 0x5F, 0x35, 0x30, 0x35, 0x30, 
    0x5F, 0x46, 0x53, 0x5F, 0x31, 0x38, 0x80, 0x59, 0x81, 0x00, 0x2B, 0x08, 
    0x1A, 0x0C, 0x26, 0x42, 0x61, 0x63, 0x6B, 0x77, 0x61, 0x72, 0x64, 0x73, 
    0x47, 0x72, 0x69, 0x6E, 0x64, 0x42, 0x61, 0x69, 0x6C, 0x73, 0x00, 0x2B, 
    0x08, 0xFA, 0xB9, 0xF4, 0x4E, 0x6F, 0x6C, 0x6C, 0x69, 0x65, 0x4E, 0x6F, 
    0x44, 0x69, 0x73, 0x70, 0x6C, 0x61, 0x79, 0x00, 0x2B, 0x0A, 0x0A, 0x23, 
    0x48, 0x54, 0x72, 0x69, 0x63, 0x6B, 0x5F, 0x41, 0x6D, 0x65, 0x72, 0x69, 
    0x63, 0x61, 0x6E, 0x48, 0x65, 0x72, 0x6F, 0x32, 0x00, 0x2B, 0x1E, 0x1A, 
    0xAD, 0xA2, 0x54, 0x72, 0x69, 0x63, 0x6B, 0x5F, 0x4D, 0x50, 0x43, 0x47, 
    0x80, 0x45, 0x80, 0x69, 0x6E, 0x64, 0x32, 0x00, 0x2B, 0x26, 0x6A, 0x26, 
    0xFD, 0x57, 0x6F, 0x62, 0x62, 0x6C, 0x65, 0x41, 0x6D, 0x70, 0x41, 0x00, 
    0x2B, 0x27, 0x2A, 0xFF, 0x57, 0x4C, 0x61, 0x6E, 0x64, 0x00, 0x2B, 0x29, 
    0xBA, 0x78, 0x7C, 0x4F, 0x75, 0x74, 0x41, 0x6E, 0x69, 0x6D, 0x4F, 0x6E, 
    0x4F, 0x6C, 0x6C, 0x69, 0x65, 0x84, 0xBD, 0x2D, 0xAA, 0xB3, 0x18, 0x47, 
    0x75, 0x69, 0x74, 0x61, 0x72, 0x5F, 0x44, 0x65, 0x74, 0x61, 0x69, 0x80, 
    0x41, 0x81, 0x73, 0x00, 0x2B, 0x30, 0xAA, 0xE0, 0x69, 0x54, 0x72, 0x69, 
    0x63, 0x6B, 0x5F, 0x54, 0x61, 0x69, 0x6C, 0x73, 0x6C, 0x69, 0x64, 0x65, 
    0x5F, 0x42, 0x53, 0x5F, 0x6F, 0x6B, 0x00, 0x2B, 0x40, 0xAA, 0xEE, 0x1A, 
    0x49, 0x73, 0x53, 0x70, 0x65, 0x63, 0x69, 0x61, 0x6C, 0x00, 0x2B, 0x41, 
    0x6A, 0x4C, 0x06, 0x47, 0x72, 0x69, 0x6E, 0x64, 0x4F, 0x76, 0x65, 0x72, 
    0x74, 0x75, 0x72, 0x6E, 0x5F, 0x4F, 0x75, 0x74, 0x00, 0x2B, 0x4F, 0xDA, 
    0xE4, 0x9C, 0x44, 0x6F, 0x42, 0x6F, 0x61, 0x72, 0x64, 0x53, 0x63, 0x80, 
    0x5D, 0x80, 0x66, 0x66, 0x00, 0x2B, 0x56, 0xCA, 0x18, 0x8A, 0x79, 0x65, 
    0x73, 0x00, 0x2B, 0x59, 0x3A, 0x0E, 0x71, 0x54, 0x72, 0x69, 0x63, 0x6B, 
    0x5F, 0x52, 0x6F, 0x77, 0x6C, 0x65, 0x79, 0x44, 0x61, 0x72, 0x6B, 0x53, 
    0x6C, 0x69, 0x64, 0x65, 0x5F, 0x46, 0x53, 0x5F, 0x31, 0x38, 0x30, 0x00, 
    0x2B, 0x5F, 0xAA, 0x2E, 0xC9, 0x54, 0x72, 0x69, 0x63, 0x6B, 0x80, 0x71, 
    0x85, 0x53, 0x6D, 0x69, 0x74, 0x68, 0x5F, 0x46, 0x53, 0x5F, 0x31, 0x38, 
    0x30, 0x00, 0x2B, 0x6E, 0x1A, 0x87, 0x05, 0x54, 0x72, 0x69, 0x63, 0x6B, 
    0x5F, 0x4D, 0x50, 0x43, 0x47, 0x72, 0x69, 0x6E, 0x64, 0x32, 0x5F, 0x31, 
    0x38, 0x30, 0x00, 0x2B, 0x86, 0x9A, 0x48, 0x2B, 0x43, 0x69, 0x72, 0x63, 
    0x6C, 0x65, 0x00, 0x2B, 0x8A, 0xDA, 0xC3, 0x06, 0x46, 0x72, 0x6F, 0x67, 
    0x67, 0x79, 0x47, 0x72, 0x69, 0x6E, 0x64, 0x5F, 0x4F, 0x75, 0x74, 0x00, 
    0x2B, 0x98, 0x4A, 0xF6, 0x86, 0x54, 0x72, 0x69, 0x63, 0x6B, 0x5F, 0x43, 
    0x6F, 0x66, 0x66, 0x69, 0x6E, 0x5F, 0x42, 0x53, 0x5F, 0x31, 0x38, 0x30, 
    0x00, 0x2B, 0x9B, 0x6A, 0x02, 0xB7, 0x4D, 0x75, 0x73, 0x6B, 0x61, 0x42, 
    0x65, 0x61, 0x74, 0x7A, 0x00, 0x2B, 0xA4, 0xCA, 0xEE, 0x5D, 0x53, 0x70, 
    0x72, 0x61, 0x79, 0x50, 0x61, 0x69, 0x6E, 0x74, 0x5F, 0x49, 0x6E, 0x69, 
    0x74, 0x00, 0x2B, 0xB2, 0x5A, 0x0C, 0xB0, 0x48, 0x61, 0x6E, 0x67, 0x54, 
    0x65, 0x6E, 0x4E, 0x6F, 0x73, 0x65, 0x47, 0x72, 0x69, 0x6E, 0x64, 0x5F, 
    0x52, 0x61, 0x6E, 0x67, 0x65, 0x00, 0x2B, 0xB7, 0xBA, 0xAA, 0x89, 0x45, 
    0x64, 0x64, 0x69, 0x65, 0x47, 0x75, 0x69, 0x74, 0x61, 0x72, 0x00, 0x2B, 
    0xBB, 0x5A, 0x13, 0xD6, 0x42, 0x75, 0x74, 0x74, 0x6F, 0x6E, 0x42, 0x00, 
    0x2B, 0xBF, 0xEA, 0xA9, 0x79, 0x67, 0x72, 0x69, 0x6E, 0x64, 0x77, 0x6F, 
    0x62, 0x62, 0x6C, 0x65, 0x5F, 0x70, 0x61, 0x72, 0x61, 0x6D, 0x73, 0x00, 
    0x2B, 0xC7, 0x4A, 0x1A, 0xDD, 0x46, 0x80, 0x41, 0x81, 0x6C, 0x63, 0x6F, 
    0x6E, 0x53, 0x6C, 0x69, 0x64, 0x65, 0x5F, 0x49, 0x6E, 0x69, 0x74, 0x00, 
    0x2B, 0xE3, 0xBA, 0x2C, 0x11, 0x54, 0x72, 0x69, 0x63, 0x6B, 0x5F, 0x43, 
    0x72, 0x6F, 0x6F, 0x6B, 0x65, 0x64, 0x5F, 0x46, 0x53, 0x5F, 0x31, 0x38, 
    0x30, 0x00, 0x2B, 0xEA, 0x4A, 0xDB, 0x23, 0x49, 0x64, 0x6C, 0x65, 0x00, 
    0x2B, 0xEB, 0x8A, 0x35, 0x4B, 0x52, 0x69, 0x67, 0x68, 0x74, 0x00, 0x2B, 
    0xEC, 0x6A, 0xC8, 0x68, 0x42, 0x6C, 0x65, 0x6E, 0x64, 0x70, 0x65, 0x72, 
    0x69, 0x6F, 0x64, 0x4F, 0x75, 0x74, 0x84, 0xC5, 0xF0, 0x1A, 0x02, 0xA1, 
    0x4D, 0x61, 0x64, 0x65, 0x4F, 0x74, 0x68, 0x65, 0x72, 0x53, 0x6B, 0x61, 
    0x74, 0x65, 0x80, 0x19, 0x80, 0x42, 0x61, 0x69, 0x6C, 0x00, 0x2B, 0xF1, 
    0xFA, 0xCF, 0x7B, 0x54, 0x72, 0x69, 0x63, 0x6B, 0x5F, 0x43, 0x72, 0x6F, 
    0x6F, 0x6B, 0x65, 0x64, 0x5F, 0x42, 0x53, 0x00, 0x2B, 0xF3, 0xEA, 0x20, 
    0x38, 0x54, 0x72, 0x69, 0x63, 0x6B, 0x5F, 0x4E, 0x80, 0x99, 0x73, 0x65, 
    0x67, 0x72, 0x69, 0x6E, 0x64, 0x80, 0xD9, 0x46, 0x53, 0x00, 0x2B, 0xF7, 
    0xDA, 0x37, 0x74, 0x42, 0x53, 0x42, 0x6F, 0x61, 0x72, 0x64, 0x73, 0x6C, 
    0x69, 0x64, 0x65, 0x5F, 0x4F, 0x75, 0x88, 0x8D, 0x01, 0x0B, 0x1A, 0x4F, 
    0x80, 0x01, 0x80, 0x75, 0x74, 0x74, 0x6F, 0x6E, 0x41, 0x00, 0x2B, 0x1C, 
    0x3B, 0x9F, 0xE3, 0x42, 0x61, 0x63, 0x6B, 0x77, 0x61, 0x72, 0x64, 0x73, 
    0x47, 0x72, 0x69, 0x6E, 0x64, 0x00, 0x2B, 0x1F, 0x7B, 0x51, 0x92, 0x54, 
    0x80, 0xAD, 0x69, 0x63, 0x6B, 0x5F, 0x46, 0x61, 0x6C, 0x63, 0x6F, 0x6E, 
    0x53, 0x6C, 0x80, 0xF5, 0x64, 0x65, 0x32, 0x00, 0x2B, 0x20, 0x1B, 0xA1, 
    0xEB, 0x46, 0x6C, 0x69, 0x70, 0x41, 0x66, 0x74, 0x65, 0x72, 0x00, 0x2B, 
    0x20, 0x3B, 0xC3, 0x54, 0x43, 0x6C, 0x65, 0x61, 0x72, 0x54, 0x84, 0x7D, 
    0x82, 0x63, 0x6B, 0x51, 0x75, 0x65, 0x75, 0x65, 0x00, 0x2B, 0x24, 0x3B, 
    0x3D, 0x19, 0x54, 0x72, 0x69, 0x63, 0x6B, 0x5F, 0x42, 0x6F, 0x61, 0x72, 
    0x64, 0x73, 0x6C, 0x69, 0x64, 0x65, 0x5F, 0x42, 0x53, 0x00, 0x2B, 0x27, 
    0x8B, 0xFA, 0x91, 0x54, 0x72, 0x69, 0x63, 0x6B, 0x5F, 0x42, 0x6C, 0x75, 
    0x6E, 0x74, 0x73, 0x6C, 0x69, 0x64, 0x65, 0x5F, 0x42, 0x53, 0x5F, 0x31, 
    0x38, 0x30, 0x00, 0x2B, 0x28, 0xFB, 0xFE, 0x8F, 0x4F, 0x6C, 0x6C, 0x69, 
    0x65, 0x64, 0x00, 0x2B, 0x33, 0xEB, 0xF9, 0x39, 0x76, 0x65, 0x72, 0x74, 
    0x5F, 0x61, 0x6D, 0x70, 0x00, 0x2B, 0x35, 0x3B, 0xF9, 0x68, 0x4E, 0x6F, 
    0x72, 0x6D, 0x61, 0x6C, 0x5F, 0x47, 0x72, 0x69, 0x6E, 0x64, 0x00, 0x2B, 
    0x47, 0x4B, 0x16, 0x8D, 0x54, 0x61, 0x69, 0x6C, 0x47, 0x72, 0x69, 0x6E, 
    0x64, 0x46, 0x69, 0x6E, 0x67, 0x65, 0x72, 0x46, 0x6C, 0x80, 0x39, 0x81, 
    0x70, 0x00, 0x2B, 0x56, 0x6B, 0x93, 0x27, 0x54, 0x72, 0x69, 0x63, 0x6B, 
    0x5F, 0x46, 0x72, 0x6F, 0x67, 0x67, 0x79, 0x47, 0x72, 0x69, 0x6E, 0x64, 
    0x32, 0x5F, 0x31, 0x38, 0x30, 0x00, 0x2B, 0x63, 0xCB, 0xE6, 0xFE, 0x48, 
    0x75, 0x6D, 0x61, 0x6E, 0x44, 0x61, 0x72, 0x74, 0x5F, 0x52, 0x61, 0x6E, 
    0x67, 0x65, 0x00, 0x2B, 0x65, 0xDB, 0xB3, 0x6D, 0x54, 0x72, 0x69, 0x63, 
    0x6B, 0x5F, 0x51, 0x75, 0x69, 0x63, 0x6B, 0x44, 0x72, 0x61, 0x77, 0x32, 
    0x00, 0x2B, 0x65, 0x3B, 0xF0, 0xD3, 0x54, 0x80, 0x89, 0x69, 0x63, 0x6B, 
    0x80, 0xB1, 0x44, 0x6F, 0x75, 0x62, 0x6C, 0x65, 0x42, 0x6C, 0x75, 0x6E, 
    0x74, 0x53, 0x6C, 0x80, 0x51, 0x80, 0x64, 0x65, 0x32, 0x00, 0x2B, 0x7B, 
    0x1B, 0x37, 0xBE, 0x42, 0x61, 0x64, 0x4C, 0x65, 0x64, 0x67, 0x65, 0x00, 
    0x2B, 0x84, 0x4B, 0xD4, 0x47, 0x4F, 0x66, 0x66, 0x4D, 0x65, 0x74, 0x65, 
    0x72, 0x42, 0x6F, 0x74, 0x74, 0x6F, 0x6D, 0x00, 0x2B, 0x8B, 0x3B, 0x41, 
    0xA4, 0x53, 0x68, 0x61, 0x6B, 0x65, 0x43, 0x61, 0x6D, 0x65, 0x72, 0x80, 
    0x35, 0x82, 0x00, 0x2B, 0x9C, 0x3B, 0x2F, 0x64, 0x57, 0x6F, 0x62, 0x62, 
    0x6C, 0x65, 0x41, 0x6D, 0x70, 0x42, 0x00, 0x2B, 0xA1, 0xEB, 0xB8, 0x99, 
    0x54, 0x72, 0x69, 0x63, 0x6B, 0x5F, 0x48, 0x75, 0x6D, 0x61, 0x6E, 0x44, 
    0x61, 0x72, 0x74, 0x5F, 0x42, 0x53, 0x00, 0x2B, 0xA4, 0x9B, 0x54, 0x98, 
    0x41, 0x6E, 0x69, 0x6D, 0x00, 0x2B, 0xA6, 0x1B, 0x4A, 0xC7, 0x46, 0x61, 
    0x6C, 0x63, 0x6F, 0x6E, 0x53, 0x6C, 0x69, 0x64, 0x65, 0x5F, 0x49, 0x64, 
    0x6C, 0x65, 0x00, 0x2B, 0xAA, 0x1B, 0x01, 0x65, 0x46, 0x6C, 0x69, 0x70, 
    0x00, 0x2B, 0xB0, 0x0B, 0x15, 0xC2, 0x42, 0x6C, 0x6F, 0x63, 0x6B, 0x73, 
    0x70, 0x69, 0x6E, 0x00, 0x2B, 0xB0, 0x9B, 0xC7, 0xD8, 0x53, 0x65, 0x74, 
    0x51, 0x75, 0x65, 0x75, 0x80, 0x75, 0x84, 0x54, 0x72, 0x69, 0x63, 0x6B, 
    0x73, 0x00, 0x2B, 0xB6, 0xDB, 0x42, 0xDC, 0x54, 0x72, 0x69, 0x63, 0x6B, 
    0x5F, 0x4F, 0x6E, 0x65, 0x46, 0x6F, 0x6F, 0x74, 0x53, 0x6D, 0x69, 0x74, 
    0x68, 0x5F, 0x42, 0x53, 0x5F, 0x31, 0x38, 0x30, 0x00, 0x2B, 0xBA, 0xFB, 
    0x11, 0xFE, 0x54, 0x72, 0x69, 0x63, 0x6B, 0x5F, 0x44, 0x61, 0x72, 0x6B, 
    0x73, 0x6C, 0x69, 0x64, 0x65, 0x5F, 0x42, 0x53, 0x00, 0x2B, 0xC2, 0xAB, 
    0xFE, 0x83, 0x46, 0x53, 0x4E, 0x6F, 0x73, 0x65, 0x53, 0x6C, 0x69, 0x64, 
    0x65, 0x4C, 0x69, 0x70, 0x53, 0x6C, 0x69, 0x64, 0x65, 0x00, 0x2B, 0xC6, 
    0xAB, 0xA0, 0xFA, 0x62, 0x75, 0x73, 0x74, 0x65, 0x64, 0x62, 0x6F, 0x61, 
    0x72, 0x64, 0x5F, 0x64, 0x65, 0x74, 0x61, 0x69, 0x6C, 0x73, 0x00, 0x2B, 
    0xCA, 0xDB, 0xB3, 0x62, 0x73, 0x70, 0x65, 0x63, 0x69, 0x61, 0x6C, 0x5F, 
    0x69, 0x74, 0x65, 0x6D, 0x00, 0x2B, 0xD3, 0x5B, 0x85, 0x82, 0x54, 0x72, 
    0x69, 0x63, 0x6B, 0x5F, 0x53, 0x70, 0x72, 0x61, 0x79, 0x50, 0x61, 0x69, 
    0x6E, 0x74, 0x47, 0x72, 0x69, 0x6E, 0x64, 0x32, 0x00, 0x2B, 0xD3, 0xBB, 
    0xDA, 0x28, 0x53, 0x70, 0x65, 0x63, 0x69, 0x61, 0x6C, 0x53, 0x6F, 0x75, 
    0x6E, 0x64, 0x73, 0x00, 0x2B, 0xD6, 0x0B, 0x1E, 0x36, 0x49, 0x6E, 0x69, 
    0x74, 0x5F, 0x46, 0x53, 0x46, 0x80, 0x49, 0x80, 0x65, 0x62, 0x6C, 0x65, 
    0x00, 0x2B, 0xDB, 0x6B, 0x3B, 0x2E, 0x62, 0x69, 0x74, 0x63, 0x68, 0x73, 
    0x6C, 0x61, 0x70, 0x32, 0x00, 0x2B, 0xE8, 0x2B, 0xB8, 0x63, 0x54, 0x72, 
    0x69, 0x63, 0x6B, 0x5F, 0x35, 0x30, 0x35, 0x30, 0x5F, 0x42, 0x53, 0x5F, 
    0x31, 0x38, 0x30, 0x00, 0x2B, 0xEC, 0x8B, 0x72, 0xF8, 0x45, 0x78, 0x84, 
    0xB1, 0xEC, 0x3B, 0x3D, 0x8E, 0x43, 0x6C, 0x65, 0x61, 0x72, 0x4D, 0x61, 
    0x6E, 0x75, 0x80, 0x89, 0x6C, 0x54, 0x72, 0x80, 0x75, 0x80, 0x63, 0x6B, 
    0x00, 0x2B, 0xF8, 0x5B, 0x22, 0x9F, 0x54, 0x72, 0x69, 0x63, 0x6B, 0x5F, 
    0x35, 0x30, 0x35, 0x30, 0x5F, 0x42, 0x53, 0x00, 0x2B, 0x00, 0x5C, 0xA6, 
    0x91, 0x66, 0x61, 0x6E, 0x64, 0x61, 0x6E, 0x67, 0x6C, 0x65, 0x5F, 0x49, 
    0x6E, 0x69, 0x74, 0x00, 0x2B, 0x00, 0x1C, 0x33, 0xCA, 0x54, 0x72, 0x69, 
    0x63, 0x6B, 0x5F, 0x43, 0x6F, 0x66, 0x66, 0x69, 0x6E, 0x5F, 0x46, 0x53, 
    0x84, 0x8D, 0x07, 0x6C, 0xA1, 0x0A, 0x94, 0x15, 0x81, 0x4E, 0x6F, 0x73, 
    0x65, 0x47, 0x72, 0x69, 0x6E, 0x64, 0x5F, 0x46, 0x53, 0x5F, 0x31, 0x38, 
    0x30, 0x00, 0x2B, 0x0C, 0x7C, 0xE3, 0x21, 0x54, 0x72, 0x69, 0x63, 0x6B, 
    0x5F, 0x4C, 0x69, 0x70, 0x73, 0x6C, 0x69, 0x64, 0x65, 0x5F, 0x46, 0x53, 
    0x00, 0x2B, 0x13, 0x1C, 0x15, 0x98, 0x4E, 0x6F, 0x73, 0x65, 0x67, 0x72, 
    0x69, 0x6E, 0x64, 0x50, 0x69, 0x76, 0x6F, 0x74, 0x5F, 0x4F, 0x75, 0x74, 
    0x00, 0x2B, 0x1A, 0x7C, 0x11, 0x82, 0x57, 0x80, 0xE5, 0x69, 0x74, 0x00, 
    0x2B, 0x1B, 0xDC, 0x89, 0x74, 0x54, 0x72, 0x69, 0x63, 0x6B, 0x5F, 0x47, 
    0x72, 0x69, 0x6E, 0x64, 0x4F, 0x76, 0x65, 0x72, 0x74, 0x75, 0x72, 0x94, 
    0x81, 0x27, 0x80, 0x85, 0x83, 0xEC, 0x94, 0x99, 0x48, 0x75, 0x72, 0x72, 
    0x69, 0x63, 0x61, 0x80, 0x81, 0x65, 0x80, 0x81, 0x42, 0x98, 0x91, 0x2A, 
    0x6C, 0xDC, 0x4A, 0x43, 0x80, 0xE5, 0x6F, 0x75, 0x63, 0x68, 0x65, 0x64, 
    0x00, 0x2B, 0x2F, 0xCC, 0xE3, 0xD4, 0x4D, 0x61, 0x64, 0x65, 0x4F, 0x74, 
    0x68, 0x65, 0x72, 0x53, 0x6B, 0x61, 0x74, 0x65, 0x80, 0xBD, 0x42, 0x61, 
    0x69, 0x6C, 0x5F, 0x43, 0x61, 0x6C, 0x6C, 0x65, 0x64, 0x00, 0x2B, 0x42, 
    0x5C, 0xCA, 0x80, 0xE5, 0x43, 0x6C, 0x65, 0x61, 0x72, 0x50, 0x61, 0x6E, 
    0x65, 0x6C, 0x5F, 0x4C, 0x61, 0x6E, 0x64, 0x65, 0x64, 0x00, 0x2B, 0x48, 
    0xCC, 0x7F, 0x1D, 0x47, 0x68, 0x65, 0x80, 0x59, 0x80, 0x74, 0x6F, 0x54, 
    0x61, 0x67, 0x47, 0x72, 0x69, 0x6E, 0x64, 0x00, 0x2B, 0x50, 0x2C, 0xE0, 
    0x42, 0x54, 0x72, 0x69, 0x63, 0x6B, 0x5F, 0x43, 0x72, 0x6F, 0x6F, 0x6B, 
    0x65, 0x64, 0x42, 0x69, 0x67, 0x53, 0x70, 0x69, 0x6E, 0x5F, 0x46, 0x53, 
    0x00, 0x2B, 0x65, 0x0C, 0xDE, 0xD9, 0x46, 0x6C, 0x69, 0x70, 0x41, 0x6E, 
    0x64, 0x52, 0x6F, 0x74, 0x80, 0x81, 0x74, 0x80, 0xA9, 0x00, 0x2B, 0x6B, 
    0xBC, 0x55, 0x96, 0x49, 0x6E, 0x69, 0x74, 0x5F, 0x80, 0xC9, 0x53, 0x53, 
    0x6D, 0x69, 0x74, 0x68, 0x00, 0x2B, 0x71, 0xDC, 0x27, 0x76, 0x53, 0x65, 
    0x74, 0x45, 0x78, 0x74, 0x72, 0x80, 0x11, 0x81, 0x54, 0x72, 0x69, 0x63, 
    0x6B, 0x73, 0x00, 0x2B, 0x7D, 0xDC, 0x28, 0xB0, 0x46, 0x53, 0x54, 0x61, 
    0x69, 0x6C, 0x73, 0x6C, 0x69, 0x64, 0x65, 0x5F, 0x4F, 0x75, 0x74, 0x00, 
    0x2B, 0x83, 0x9C, 0xE1, 0x5D, 0x57, 0x61, 0x6C, 0x6C, 0x52, 0x69, 0x64, 
    0x65, 0x4C, 0x65, 0x66, 0x74, 0x00, 0x2B, 0x83, 0x2C, 0x07, 0x2D, 0x4E, 
    0x6F, 0x42, 0x6C, 0x65, 0x6E, 0x64, 0x00, 0x2B, 0x85, 0xAC, 0x6E, 0x93, 
    0x4E, 0x6F, 0x73, 0x65, 0x73, 0x84, 0x21, 0x80, 0x64, 0x65, 0x5F, 0x72, 
    0x61, 0x6E, 0x67, 0x65, 0x00, 0x2B, 0x86, 0x8C, 0x24, 0x82, 0x48, 0x75, 
    0x6C, 0x61, 0x48, 0x6F, 0x6F, 0x70, 0x47, 0x72, 0x69, 0x6E, 0x64, 0x5F, 
    0x49, 0x64, 0x6C, 0x65, 0x00, 0x2B, 0x88, 0x1C, 0xDA, 0x10, 0x43, 0x6C, 
    0x65, 0x80, 0x89, 0x72, 0x45, 0x78, 0x80, 0x1D, 0x80, 0x65, 0x70, 0x74, 
    0x69, 0x6F, 0x6E, 0x73, 0x00, 0x2B, 0x8F, 0x7C, 0xA8, 0x54, 0x45, 0x78, 
    0x74, 0x72, 0x61, 0x5F, 0x54, 0x61, 0x69, 0x6C, 0x47, 0x72, 0x69, 0x6E, 
    0x64, 0x73, 0x5F, 0x42, 0x53, 0x00, 0x2B, 0x8F, 0x9C, 0xF8, 0x69, 0x45, 
    0x78, 0x80, 0xFD, 0x72, 0x61, 0x5F, 0x46, 0x53, 0x5F, 0x47, 0x72, 0x69, 
    0x6E, 0x64, 0x73, 0x00, 0x2B, 0x94, 0x5C, 0xCF, 0x74, 0x57, 0x61, 0x69, 
    0x74, 0x41, 0x6E, 0x69, 0x6D, 0x00, 0x2B, 0x97, 0x7C, 0x00, 0x58, 0x80, 
    0xAD, 0x72, 0x6F, 0x75, 0x6E, 0x64, 0x00, 0x2B, 0x9C, 0x7C, 0x9B, 0xFB, 
    0x4E, 0x80, 0xCD, 0x6C, 0x6C, 0x69, 0x65, 0x4F, 0x66, 0x66, 0x00, 0x2B, 
    0x9E, 0xCC, 0x8B, 0x6D, 0x54, 0x72, 0x69, 0x63, 0x6B, 0x5F, 0x46, 0x80, 
    0x31, 0x80, 0x65, 0x62, 0x6C, 0x65, 0x5F, 0x46, 0x53, 0x5F, 0x31, 0x38, 
    0x30, 0x00, 0x2B, 0xA0, 0xAC, 0x16, 0x7A, 0x49, 0x73, 0x45, 0x78, 0x74, 
    0x72, 0x61, 0x00, 0x2B, 0xC1, 0x1C, 0x96, 0xC0, 0x54, 0x72, 0x69, 0x63, 
    0x6B, 0x5F, 0x43, 0x61, 0x72, 0x74, 0x57, 0x68, 0x65, 0x65, 0x6C, 0x80, 
    0x49, 0x82, 0x6F, 0x35, 0x30, 0x35, 0x30, 0x32, 0x5F, 0x31, 0x38, 0x30, 
    0x00, 0x2B, 0xC1, 0x9C, 0x77, 0xC9, 0x44, 0x72, 0x75, 0x6E, 0x6B, 0x47, 
    0x72, 0x69, 0x6E, 0x64, 0x5F, 0x49, 0x6E, 0x69, 0x74, 0x00, 0x2B, 0xCB, 
    0x4C, 0x8D, 0x0C, 0x46, 0x61, 0x6E, 0x64, 0x61, 0x6E, 0x67, 0x6C, 0x65, 
    0x5F, 0x4F, 0x75, 0x74, 0x00, 0x2B, 0xCB, 0x9C, 0x3B, 0x79, 0x54, 0x72, 
    0x69, 0x63, 0x6B, 0x5F, 0x4E, 0x6F, 0x73, 0x65, 0x62, 0x6C, 0x75, 0x6E, 
    0x74, 0x73, 0x6C, 0x69, 0x64, 0x65, 0x5F, 0x46, 0x53, 0x5F, 0x31, 0x38, 
    0x30, 0x00, 0x2B, 0xCB, 0x1C, 0xB8, 0xCD, 0x47, 0x72, 0x69, 0x6E, 0x64, 
    0x5F, 0x4B, 0x69, 0x73, 0x73, 0x65, 0x64, 0x00, 0x2B, 0xCE, 0x6C, 0xBC, 
    0x96, 0x54, 0x72, 0x69, 0x63, 0x6B, 0x5F, 0x35, 0x5F, 0x80, 0xD5, 0x5F, 
    0x46, 0x53, 0x00, 0x2B, 0xF0, 0x0C, 0x60, 0x9C, 0x54, 0x72, 0x69, 0x63, 
    0x6B, 0x5F, 0x54, 0x61, 0x69, 0x6C, 0x73, 0x6C, 0x69, 0x80, 0xFD, 0x65, 
    0x5F, 0x46, 0x53, 0x5F, 0x6F, 0x6B, 0x00, 0x2B, 0xF3, 0xAC, 0x4A, 0x96, 
    0x57, 0x6F, 0x62, 0x62, 0x6C, 0x65, 0x4B, 0x32, 0x00, 0x2B, 0xF4, 0xCC, 
    0x7F, 0x94, 0x53, 0x65, 0x74, 0x52, 0x61, 0x80, 0xB5, 0x6C, 0x53, 0x6F, 
    0x75, 0x6E, 0x64, 0x00, 0x2B, 0xF6, 0x6C, 0x14, 0x50, 0x54, 0x72, 0x80, 
    0x85, 0x63, 0x6B, 0x80, 0x19, 0x80, 0x35, 0x30, 0x46, 0x69, 0x6E, 0x67, 
    0x65, 0x72, 0x66, 0x6C, 0x69, 0x70, 0x32, 0x5F, 0x31, 0x38, 0x30, 0x00, 
    0x2B, 0x04, 0x2D, 0x6C, 0x5C, 0x73, 0x74, 0x61, 0x74, 0x65, 0x00, 0x2B, 
    0x0A, 0xAD, 0x2E, 0x95, 0x54, 0x72, 0x69, 0x63, 0x6B, 0x80, 0xB1, 0x43, 
    0x72, 0x61, 0x69, 0x6C, 0x53, 0x6C, 0x69, 0x64, 0x65, 0x5F, 0x42, 0x53, 
    0x80, 0x25, 0x83, 0x31, 0x38, 0x30, 0x00, 0x2B, 0x14, 0x7D, 0x2E, 0x92, 
    0x46, 0x72, 0x61, 0x6D, 0x65, 0x49, 0x73, 0x00, 0x2B, 0x1C, 0xBD, 0xDB, 
    0x94, 0x53, 0x70, 0x65, 0x65, 0x64, 0x4D, 0x75, 0x6C, 0x74, 0x00, 0x2B, 
    0x24, 0x5D, 0xC0, 0x77, 0x54, 0x72, 0x69, 0x63, 0x6B, 0x5F, 0x53, 0x6D, 
    0x69, 0x74, 0x68, 0x5F, 0x46, 0x53, 0x00, 0x2B, 0x3B, 0x6D, 0x7B, 0x35, 
    0x54, 0x72, 0x69, 0x63, 0x6B, 0x5F, 0x52, 0x6F, 0x63, 0x6B, 0x65, 0x74, 
    0x54, 0x61, 0x69, 0x6C, 0x73, 0x6C, 0x69, 0x64, 0x65, 0x5F, 0x46, 0x53, 
    0x5F, 0x31, 0x38, 0x30, 0x00, 0x2B, 0x3E, 0xFD, 0xCD, 0xC7, 0x53, 0x70, 
    0x72, 0x61, 0x79, 0x50, 0x61, 0x69, 0x6E, 0x74, 0x5F, 0x52, 0x61, 0x6E, 
    0x67, 0x65, 0x00, 0x2B, 0x3E, 0xFD, 0x26, 0x1E, 0x74, 0x72, 0x69, 0x63, 
    0x6B, 0x73, 0x00, 0x2B, 0x40, 0x0D, 0x1E, 0x5C, 0x54, 0x72, 0x69, 0x63, 
    0x6B, 0x5F, 0x42, 0x69, 0x67, 0x48, 0x69, 0x74, 0x74, 0x80, 0x19, 0x80, 
    0x72, 0x5F, 0x46, 0x53, 0x5F, 0x31, 0x38, 0x30, 0x00, 0x2B, 0x49, 0xFD, 
    0x43, 0x0F, 0x57, 0x6F, 0x62, 0x62, 0x6C, 0x65, 0x4B, 0x31, 0x00, 0x2B, 
    0x4B, 0xCD, 0x0D, 0x7A, 0x41, 0x64, 0x6A, 0x75, 0x73, 0x74, 0x42, 0x61, 
    0x6C, 0x61, 0x6E, 0x80, 0xF9, 0x65, 0x00, 0x2B, 0x5A, 0x9D, 0x13, 0x5E, 
    0x42, 0x69, 0x67, 0x48, 0x69, 0x74, 0x74, 0x65, 0x72, 0x5F, 0x6F, 0x75, 
    0x74, 0x00, 0x2B, 0x5C, 0x8D, 0x2E, 0xF3, 0x44, 0x69, 0x73, 0x70, 0x6C, 
    0x80, 0x89, 0x79, 0x00, 0x2B, 0x80, 0x01, 0x80, 0x9D, 0x2A, 0x3B, 0x54, 
    0x72, 0x69, 0x63, 0x6B, 0x5F, 0x4E, 0x6F, 0x73, 0x65, 0x73, 0x6C, 0x69, 
    0x64, 0x65, 0x5F, 0x42, 0x53, 0x5F, 0x31, 0x38, 0x30, 0x00, 0x2B, 0x64, 
    0x3D, 0xE6, 0x20, 0x54, 0x72, 0x80, 0x69, 0x80, 0x63, 0x6B, 0x5F, 0x43, 
    0x72, 0x6F, 0x6F, 0x6B, 0x65, 0x64, 0x42, 0x69, 0x67, 0x53, 0x70, 0x69, 
    0x6E, 0x5F, 0x42, 0x53, 0x5F, 0x31, 0x38, 0x30, 0x00, 0x2B, 0x71, 0x0D, 
    0x59, 0x72, 0x4E, 0x6F, 0x54, 0x72, 0x69, 0x63, 0x6B, 0x73, 0x00, 0x2B, 
    0x75, 0x4D, 0x3C, 0x05, 0x54, 0x72, 0x69, 0x63, 0x6B, 0x5F, 0x4E, 0x6F, 
    0x73, 0x65, 0x53, 0x6C, 0x69, 0x64, 0x65, 0x80, 0x7D, 0x80, 0x46, 0x53, 
    0x00, 0x2B, 0x79, 0x1D, 0x71, 0xED, 0x42, 0x53, 0x4E, 0x6F, 0x73, 0x65, 
    0x73, 0x6C, 0x69, 0x64, 0x65, 0x5F, 0x4F, 0x75, 0x74, 0x00, 0x2B, 0x7E, 
    0x4D, 0x1D, 0xEE, 0x52, 0x65, 0x76, 0x65, 0x72, 0x74, 0x73, 0x00, 0x2B, 
    0x7F, 0x7D, 0x6C, 0x48, 0x53, 0x70, 0x72, 0x61, 0x79, 0x50, 0x61, 0x69, 
    0x6E, 0x74, 0x5F, 0x4F, 0x75, 0x74, 0x00, 0x2B, 0x82, 0x3D, 0x9F, 0xFA, 
    0x54, 0x72, 0x80, 0x8D, 0x63, 0x6B, 0x5F, 0x4F, 0x80, 0x31, 0x87, 0x65, 
    0x46, 0x6F, 0x6F, 0x74, 0x53, 0x6D, 0x69, 0x74, 0x68, 0x5F, 0x46, 0x53, 
    0x00, 0x2B, 0x83, 0xCD, 0x14, 0x34, 0x45, 0x78, 0x74, 0x72, 0x61, 0x5F, 
    0x42, 0x53, 0x5F, 0x47, 0x72, 0x69, 0x6E, 0x64, 0x73, 0x00, 0x2B, 0x87, 
    0xED, 0xDD, 0xF7, 0x54, 0x72, 0x69, 0x63, 0x6B, 0x5F, 0x54, 0x61, 0x69, 
    0x6C, 0x73, 0x6C, 0x69, 0x64, 0x65, 0x5F, 0x42, 0x53, 0x5F, 0x31, 0x38, 
    0x30, 0x00, 0x2B, 0x8A, 0x7D, 0xDE, 0xE1, 0x54, 0x72, 0x69, 0x63, 0x6B, 
    0x5F, 0x42, 0x6C, 0x75, 0x6E, 0x74, 0x73, 0x6C, 0x69, 0x64, 0x65, 0x5F, 
    0x42, 0x53, 0x00, 0x2B, 0xA0, 0xCD, 0x27, 0xD3, 0x44, 0x72, 0x75, 0x6E, 
    0x6B, 0x47, 0x72, 0x69, 0x6E, 0x64, 0x5F, 0x49, 0x64, 0x6C, 0x65, 0x00, 
    0x2B, 0xA4, 0x2D, 0xDB, 0x05, 0x47, 0x72, 0x69, 0x6E, 0x64, 0x4F, 0x76, 
    0x65, 0x72, 0x74, 0x75, 0x72, 0x6E, 0x5F, 0x52, 0x61, 0x6E, 0x67, 0x65, 
    0x00, 0x2B, 0xA6, 0xFD, 0x14, 0xB9, 0x46, 0x69, 0x66, 0x74, 0x79, 0x46, 
    0x69, 0x66, 0x74, 0x79, 0x5F, 0x52, 0x61, 0x6E, 0x67, 0x65, 0x00, 0x2B, 
    0xB7, 0x7D, 0x3F, 0x0E, 0x4F, 0x75, 0x74, 0x41, 0x6E, 0x69, 0x6D, 0x00, 
    0x2B, 0xB9, 0x1D, 0x4D, 0xC4, 0x54, 0x61, 0x69, 0x6C, 0x62, 0x6C, 0x6F, 
    0x63, 0x6B, 0x53, 0x6C, 0x69, 0x64, 0x65, 0x5F, 0x52, 0x61, 0x6E, 0x67, 
    0x65, 0x00, 0x2B, 0xBB, 0x8D, 0x71, 0x6E, 0x49, 0x6E, 0x69, 0x74, 0x5F, 
    0x46, 0x69, 0x66, 0x74, 0x79, 0x46, 0x69, 0x66, 0x74, 0x79, 0x00, 0x2B, 
    0xD9, 0x8D, 0x6B, 0xAB, 0x43, 0x6C, 0x65, 0x61, 0x72, 0x45, 0x78, 0x74, 
    0x72, 0x61, 0x47, 0x72, 0x69, 0x6E, 0x64, 0x54, 0x72, 0x69, 0x63, 0x6B, 
    0x00, 0x2B, 0xE7, 0xDD, 0x74, 0x98, 0x48, 0x75, 0x6C, 0x61, 0x48, 0x6F, 
    0x6F, 0x70, 0x47, 0x72, 0x69, 0x6E, 0x64, 0x5F, 0x49, 0x6E, 0x69, 0x74, 
    0x00, 0x2B, 0xE8, 0x8D, 0x80, 0x35, 0x80, 0xCB, 0x4A, 0x61, 0x6D, 0x69, 
    0x65, 0x5F, 0x48, 0x65, 0x72, 0x6F, 0x53, 0x6F, 0x75, 0x6E, 0x64, 0x73, 
    0x00, 0x2B, 0xEB, 0xBD, 0x91, 0x83, 0x4E, 0x6F, 0x73, 0x65, 0x47, 0x72, 
    0x69, 0x6E, 0x64, 0x5F, 0x52, 0x61, 0x6E, 0x67, 0x65, 0x00, 0x2B, 0xEC, 
    0x1D, 0xE1, 0xE7, 0x45, 0x78, 0x80, 0xDD, 0x72, 0x61, 0x5F, 0x4E, 0x6F, 
    0x73, 0x65, 0x47, 0x72, 0x69, 0x6E, 0x64, 0x73, 0x5F, 0x46, 0x53, 0x00, 
    0x2B, 0xF3, 0xAD, 0x76, 0xC8, 0x52, 0x6F, 0x80, 0xCD, 0x61, 0x74, 0x65, 
    0x00, 0x2B, 0x02, 0x2E, 0x8C, 0x4E, 0x52, 0x6F, 0x77, 0x6C, 0x65, 0x79, 
    0x44, 0x61, 0x72, 0x6B, 0x53, 0x80, 0x51, 0x80, 0x69, 0x64, 0x65, 0x5F, 
    0x52, 0x61, 0x6E, 0x67, 0x65, 0x00, 0x2B, 0x09, 0xFE, 0x09, 0xFE, 0x4E, 
    0x6F, 0x52, 0x65, 0x73, 0x74, 0x61, 0x72, 0x74, 0x00, 0x2B, 0x0C, 0x6E, 
    0x70, 0xC2, 0x53, 0x6D, 0x69, 0x74, 0x68, 0x5F, 0x49, 0x6E, 0x69, 0x74, 
    0x00, 0x2B, 0x0D, 0x1E, 0xA7, 0xD0, 0x46, 0x61, 0x6C, 0x6C, 0x69, 0x6E, 
    0x67, 0x80, 0x8D, 0x69, 0x67, 0x68, 0x74, 0x84, 0xA1, 0x11, 0x2E, 0x30, 
    0x91, 0x54, 0x72, 0x69, 0x63, 0x6B, 0xA4, 0xE1, 0x5F, 0x42, 0x53, 0x5F, 
    0x31, 0x38, 0x30, 0x00, 0x2B, 0x20, 0xFE, 0x51, 0x7D, 0x54, 0x72, 0x69, 
    0x63, 0x6B, 0x5F, 0x42, 0x6F, 0x61, 0x72, 0x64, 0x73, 0x80, 0x75, 0x81, 
    0x69, 0x64, 0x65, 0x5F, 0x46, 0x53, 0x00, 0x2B, 0x23, 0x2E, 0xB2, 0xD3, 
    0x54, 0x72, 0x69, 0x63, 0x6B, 0x5F, 0x52, 0x6F, 0x63, 0x6B, 0x4F, 0x75, 
    0x74, 0x47, 0x72, 0x69, 0x6E, 0x64, 0x32, 0x00, 0x2B, 0x24, 0x0E, 0xF1, 
    0x47, 0x48, 0x75, 0x6C, 0x61, 0x68, 0x6F, 0x6F, 0x70, 0x5F, 0x64, 0x65, 
    0x74, 0x61, 0x69, 0x6C, 0x73, 0x00, 0x2B, 0x29, 0x4E, 0x62, 0xD6, 0x53, 
    0x63, 0x72, 0x65, 0x65, 0x6E, 0x53, 0x68, 0x61, 0x6B, 0x65, 0x00, 0x2B, 
    0x30, 0x2E, 0x79, 0x7C, 0x46, 0x53, 0x53, 0x61, 0x6C, 0x61, 0x64, 0x47, 
    0x72, 0x69, 0x6E, 0x64, 0x5F, 0x72, 0x61, 0x6E, 0x67, 0x65, 0x84, 0x8D, 
    0x31, 0x2E, 0x12, 0x77, 0x94, 0x89, 0x48, 0x75, 0x72, 0x80, 0xC9, 0x69, 
    0x63, 0x61, 0x6E, 0x65, 0x5F, 0x46, 0x53, 0x5F, 0x31, 0x38, 0x30, 0x00, 
    0x2B, 0x39, 0x5E, 0x5E, 0x91, 0x53, 0x80, 0x5D, 0x83, 0x61, 0x74, 0x65, 
    0x72, 0x43, 0x6F, 0x6C, 0x6C, 0x69, 0x64, 0x65, 0x42, 0x61, 0x69, 0x6C, 
    0x00, 0x2B, 0x45, 0xCE, 0xAF, 0xD3, 0x48, 0x61, 0x6E, 0x67, 0x54, 0x65, 
    0x6E, 0x4E, 0x6F, 0x73, 0x65, 0x47, 0x72, 0x69, 0x6E, 0x64, 0x5F, 0x4F, 
    0x75, 0x74, 0x00, 0x2B, 0x4C, 0x5E, 0xDF, 0x64, 0x57, 0x61, 0x69, 0x74, 
    0x41, 0x6E, 0x69, 0x6D, 0x57, 0x68, 0x69, 0x6C, 0x73, 0x74, 0x43, 0x68, 
    0x65, 0x63, 0x6B, 0x69, 0x6E, 0x67, 0x00, 0x2B, 0x57, 0x4E, 0xCE, 0x73, 
    0x46, 0x61, 0x6C, 0x6C, 0x69, 0x6E, 0x67, 0x4C, 0x65, 0x66, 0x74, 0x00, 
    0x2B, 0x5E, 0x0E, 0xF8, 0x42, 0x43, 0x68, 0x65, 0x63, 0x6B, 0x47, 0x61, 
    0x70, 0x54, 0x72, 0x69, 0x63, 0x6B, 0x73, 0x00, 0x2B, 0x64, 0xBE, 0xE9, 
    0x25, 0x46, 0x65, 0x72, 0x72, 0x65, 0x74, 0x5F, 0x49, 0x64, 0x6C, 0x65, 
    0x00, 0x2B, 0x6C, 0x2E, 0x79, 0x4F, 0x43, 0x79, 0x63, 0x6C, 0x65, 0x00, 
    0x2B, 0x7B, 0x9E, 0x0C, 0x2C, 0x4F, 0x6E, 0x45, 0x78, 0x63, 0x65, 0x70, 
    0x74, 0x69, 0x6F, 0x6E, 0x52, 0x80, 0x81, 0x6E, 0x84, 0x95, 0x82, 0x0E, 
    0x1B, 0x47, 0x49, 0x6E, 0x84, 0xFD, 0x5F, 0x46, 0x53, 0x4E, 0x6F, 0x73, 
    0x65, 0x73, 0x6C, 0x69, 0x64, 0x65, 0x00, 0x2B, 0x88, 0x8E, 0x5D, 0x0B, 
    0x44, 0x61, 0x72, 0x6B, 0x73, 0x6C, 0x69, 0x64, 0x65, 0x5F, 0x52, 0x61, 
    0x6E, 0x67, 0x80, 0x15, 0x80, 0x00, 0x2B, 0x88, 0x8E, 0x1A, 0xF6, 0x54, 
    0x72, 0x69, 0x63, 0x6B, 0x5F, 0x46, 0x65, 0x65, 0x62, 0x6C, 0x65, 0x5F, 
    0x42, 0x53, 0x5F, 0x31, 0x38, 0x30, 0x00, 0x2B, 0x9F, 0x6E, 0xB5, 0xD7, 
    0x46, 0x6C, 0x69, 0x70, 0x41, 0x66, 0x74, 0x80, 0x19, 0x80, 0x72, 0x49, 
    0x6E, 0x69, 0x74, 0x00, 0x2B, 0xA5, 0x2E, 0xD4, 0xFD, 0x54, 0x72, 0x69, 
    0x63, 0x6B, 0x5F, 0x48, 0x75, 0x6D, 0x61, 0x6E, 0x44, 0x61, 0x72, 0x74, 
    0x5F, 0x46, 0x53, 0x00, 0x2B, 0xB3, 0xFE, 0x6C, 0x94, 0x43, 0x6F, 0x66, 
    0x66, 0x80, 0xE5, 0x6E, 0x47, 0x72, 0x69, 0x6E, 0x64, 0x5F, 0x52, 0x61, 
    0x6E, 0x67, 0x65, 0x00, 0x2B, 0xB6, 0x9E, 0x3A, 0x19, 0x4E, 0x6F, 0x73, 
    0x65, 0x67, 0x72, 0x69, 0x6E, 0x80, 0x41, 0x80, 0x50, 0x69, 0x76, 0x6F, 
    0x74, 0x5F, 0x49, 0x6E, 0x69, 0x74, 0x00, 0x2B, 0xBE, 0x3E, 0x7D, 0x9A, 
    0x54, 0x72, 0x69, 0x63, 0x6B, 0x5F, 0x44, 0x61, 0x72, 0x6B, 0x73, 0x6C, 
    0x69, 0x64, 0x65, 0x5F, 0x46, 0x53, 0x00, 0x2B, 0xBE, 0xCE, 0xE3, 0x30, 
    0x42, 0x53, 0x42, 0x6C, 0x75, 0x6E, 0x74, 0x53, 0x6C, 0x80, 0xF1, 0x64, 
    0x65, 0x5F, 0x72, 0x61, 0x6E, 0x67, 0x65, 0x00, 0x2B, 0xC6, 0xFE, 0x01, 
    0x57, 0x52, 0x6F, 0x63, 0x6B, 0x4F, 0x75, 0x74, 0x47, 0x72, 0x69, 0x6E, 
    0x64, 0x5F, 0x49, 0x64, 0x80, 0xA1, 0x65, 0x00, 0x2B, 0xCE, 0x1E, 0xB1, 
    0x11, 0x53, 0x6D, 0x80, 0x4D, 0x80, 0x74, 0x68, 0x46, 0x53, 0x5F, 0x52, 
    0x61, 0x6E, 0x67, 0x65, 0x00, 0x2B, 0xD3, 0x1E, 0x15, 0x5A, 0x6D, 0x6F, 
    0x76, 0x65, 0x79, 0x00, 0x2B, 0xD6, 0x1E, 0x8A, 0xD4, 0x45, 0x6C, 0x62, 
    0x6F, 0x77, 0x53, 0x6D, 0x61, 0x73, 0x68, 0x5F, 0x49, 0x6E, 0x69, 0x74, 
    0x00, 0x2B, 0xD7, 0x4E, 0x14, 0x8C, 0x47, 0x72, 0x69, 0x6E, 0x80, 0xE9, 
    0x5F, 0x53, 0x63, 0x72, 0x65, 0x65, 0x6E, 0x53, 0x68, 0x61, 0x6B, 0x65, 
    0x00, 0x2B, 0xDD, 0xDE, 0xAA, 0xE2, 0x54, 0x72, 0x69, 0x63, 0x6B, 0x5F, 
    0x4E, 0x6F, 0x73, 0x80, 0x19, 0x80, 0x62, 0x6C, 0x75, 0x6E, 0x74, 0x73, 
    0x6C, 0x69, 0x64, 0x65, 0x5F, 0x42, 0x53, 0x5F, 0x31, 0x38, 0x30, 0x00, 
    0x2B, 0xE1, 0x0E, 0x26, 0xD7, 0x4A, 0x61, 0x6E, 0x67, 0x6F, 0x51, 0x75, 
    0x69, 0x63, 0x6B, 0x44, 0x72, 0x61, 0x77, 0x5F, 0x49, 0x80, 0x85, 0x69, 
    0x74, 0x84, 0x8D, 0xEA, 0x0E, 0xAE, 0x48, 0x80, 0x05, 0x83, 0x61, 0x75, 
    0x6C, 0x00, 0x2B, 0xF4, 0xAE, 0x50, 0x87, 0x49, 0x6E, 0x69, 0x74, 0x5F, 
    0x54, 0x61, 0x69, 0x6C, 0x67, 0x72, 0x69, 0x6E, 0x64, 0x00, 0x2B, 0xF7, 
    0x5E, 0xE4, 0xDC, 0x54, 0x72, 0x69, 0x63, 0x6B, 0x5F, 0x4E, 0x47, 0x43, 
    0x52, 0x6F, 0x6F, 0x6B, 0x5F, 0x46, 0x53, 0x5F, 0x72, 0x6F, 0x74, 0x00, 
    0x2B, 0xFC, 0x9E, 0x4E, 0xFB, 0x54, 0x72, 0x69, 0x63, 0x6B, 0x5F, 0x35, 
    0x30, 0x35, 0x30, 0x5F, 0x46, 0x53, 0x00, 0x2B, 0xFD, 0x3E, 0x4C, 0x8A, 
    0x46, 0x6C, 0x69, 0x70, 0x4B, 0x69, 0x63, 0x6B, 0x44, 0x00, 0x2B, 0x05, 
    0xEF, 0xB9, 0x3F, 0x46, 0x65, 0x72, 0x72, 0x65, 0x74, 0x5F, 0x49, 0x6E, 
    0x69, 0x74, 0x00, 0x2B, 0x0A, 0x5F, 0x8A, 0xDF, 0x56, 0x69, 0x62, 0x72, 
    0x61, 0x74, 0x65, 0x00, 0x2B, 0x10, 0x8F, 0xEA, 0xBA, 0x50, 0x72, 0x6F, 
    0x66, 0x69, 0x6C, 0x65, 0x45, 0x71, 0x75, 0x61, 0x80, 0x39, 0x80, 0x73, 
    0x00, 0x2B, 0x1C, 0xEF, 0xBF, 0x0E, 0x54, 0x72, 0x69, 0x63, 0x6B, 0x5F, 
    0x43, 0x72, 0x61, 0x69, 0x6C, 0x53, 0x6C, 0x69, 0x64, 0x65, 0x5F, 0x46, 
    0x53, 0x5F, 0x31, 0x38, 0x30, 0x00, 0x2B, 0x21, 0xBF, 0xC0, 0xA9, 0x42, 
    0x53, 0x4E, 0x6F, 0x73, 0x65, 0x62, 0x6C, 0x75, 0x6E, 0x74, 0x80, 0xFD, 
    0x72, 0x61, 0x6E, 0x67, 0x65, 0x00, 0x2B, 0x25, 0x8F, 0xD5, 0x09, 0x44, 
    0x6F, 0x4E, 0x65, 0x78, 0x74, 0x54, 0x72, 0x69, 0x63, 0x6B, 0x00, 0x2B, 
    0x26, 0xDF, 0x38, 0x6F, 0x43, 0x6F, 0x66, 0x66, 0x80, 0x01, 0x80, 0x6E, 
    0x47, 0x72, 0x69, 0x6E, 0x64, 0x5F, 0x4F, 0x75, 0x74, 0x00, 0x2B, 0x28, 
    0x8F, 0x58, 0x00, 0x49, 0x6E, 0x69, 0x74, 0x5F, 0x46, 0x53, 0x42, 0x6C, 
    0x75, 0x6E, 0x74, 0x53, 0x6C, 0x69, 0x64, 0x65, 0x84, 0x81, 0x2C, 0x80, 
    0x49, 0x81, 0x7B, 0xDE, 0x4E, 0x6F, 0x6C, 0x6C, 0x69, 0x65, 0x00, 0x2B, 
    0x2D, 0x2F, 0xEA, 0xAE, 0x54, 0x72, 0x69, 0x63, 0x6B, 0x5F, 0x52, 0x6F, 
    0x63, 0x6B, 0x65, 0x74, 0x54, 0x61, 0x69, 0x6C, 0x73, 0x6C, 0x69, 0x64, 
    0x65, 0x5F, 0x42, 0x53, 0x5F, 0x31, 0x38, 0x30, 0x00, 0x2B, 0x3C, 0x3F, 
    0x42, 0x85, 0x46, 0x65, 0x72, 0x72, 0x65, 0x74, 0x46, 0x69, 0x67, 0x68, 
    0x74, 0x00, 0x2B, 0x3F, 0x7F, 0xA0, 0x79, 0x44, 0x75, 0x72, 0x61, 0x74, 
    0x69, 0x6F, 0x6E, 0x00, 0x2B, 0x46, 0xEF, 0xED, 0xE3, 0x54, 0x75, 0x72, 
    0x6E, 0x80, 0x9D, 0x6E, 0x53, 0x70, 0x65, 0x63, 0x69, 0x61, 0x6C, 0x80, 
    0x59, 0x80, 0x74, 0x65, 0x6D, 0x00, 0x2B, 0x49, 0xDF, 0xBB, 0xA0, 0x54, 
    0x72, 0x69, 0x63, 0x6B, 0x5F, 0x4E, 0x6F, 0x73, 0x65, 0x73, 0x6C, 0x69, 
    0x64, 0x65, 0x5F, 0x46, 0x53, 0x5F, 0x31, 0x38, 0x30, 0x00, 0x2B, 0x56, 
    0x4F, 0x8F, 0xC7, 0x54, 0x72, 0x69, 0x63, 0x6B, 0x5F, 0x42, 0x69, 0x67, 
    0x48, 0x69, 0x74, 0x74, 0x65, 0x72, 0x5F, 0x42, 0x53, 0x80, 0x39, 0x80, 
    0x31, 0x38, 0x30, 0x00, 0x2B, 0x5C, 0xAF, 0x9C, 0xA0, 0x54, 0x72, 0x69, 
    0x63, 0x6B, 0x5F, 0x48, 0x75, 0x6C, 0x61, 0x48, 0x6F, 0x6F, 0x70, 0x32, 
    0x00, 0x2B, 0x62, 0x8F, 0x1D, 0x0C, 0x42, 0x53, 0x48, 0x75, 0x72, 0x72, 
    0x69, 0x63, 0x61, 0x6E, 0x65, 0x47, 0x72, 0x69, 0x6E, 0x64, 0x5F, 0x80, 
    0xD1, 0x75, 0x74, 0x00, 0x2B, 0x64, 0x0F, 0xB6, 0xEB, 0x69, 0x6E, 0x69, 
    0x74, 0x61, 0x6E, 0x69, 0x6D, 0x00, 0x2B, 0x69, 0x3F, 0xE9, 0x80, 0xA5, 
    0x42, 0x6F, 0x61, 0x72, 0x64, 0x52, 0x6F, 0x74, 0x61, 0x74, 0x80, 0xE9, 
    0x41, 0x66, 0x74, 0x65, 0x72, 0x00, 0x2B, 0x6D, 0x8F, 0x95, 0xA9, 0x70, 
    0x69, 0x73, 0x74, 0x6F, 0x6C, 0x5F, 0x64, 0x65, 0x74, 0x61, 0x69, 0x6C, 
    0x73, 0x00, 0x2B, 0x80, 0x39, 0x80, 0x7F, 0x77, 0xBB, 0x54, 0x72, 0x69, 
    0x63, 0x6B, 0x5F, 0x43, 0x72, 0x6F, 0x6F, 0x6B, 0x65, 0x64, 0x42, 0x69, 
    0x67, 0x53, 0x70, 0x69, 0x6E, 0x5F, 0x46, 0x53, 0x5F, 0x31, 0x38, 0x30, 
    0x00, 0x2B, 0x7A, 0xBF, 0x0D, 0x70, 0x54, 0x72, 0x69, 0x63, 0x6B, 0x5F, 
    0x46, 0x6C, 0x69, 0x70, 0x4B, 0x80, 0xED, 0x63, 0x6B, 0x44, 0x61, 0x64, 
    0x32, 0x5F, 0x31, 0x38, 0x30, 0x00, 0x2B, 0x80, 0x5F, 0x76, 0xCD, 0x4A, 
    0x61, 0x6E, 0x67, 0x6F, 0x51, 0x75, 0x69, 0x63, 0x6B, 0x44, 0x72, 0x80, 
    0xD1, 0x77, 0x5F, 0x49, 0x64, 0x6C, 0x65, 0x00, 0x2B, 0x84, 0xDF, 0xFA, 
    0x24, 0x47, 0x68, 0x65, 0x74, 0x74, 0x6F, 0x42, 0x6C, 0x61, 0x84, 0x5D, 
    0x81, 0x69, 0x6E, 0x00, 0x2B, 0x91, 0xAF, 0x4C, 0x6C, 0x54, 0x72, 0x69, 
    0x63, 0x6B, 0x5F, 0x54, 0x61, 0x69, 0x6C, 0x73, 0x6C, 0x69, 0x64, 0x65, 
    0x5F, 0x46, 0x53, 0x5F, 0x31, 0x38, 0x30, 0x00, 0x2B, 0x93, 0x2F, 0xDB, 
    0xE7, 0x49, 0x6E, 0x69, 0x74, 0x5F, 0x4E, 0x6F, 0x73, 0x65, 0x73, 0x6C, 
    0x69, 0x64, 0x65, 0x00, 0x2B, 0x96, 0xBF, 0x8E, 0x94, 0x53, 0x65, 0x74, 
    0x53, 0x74, 0x61, 0x74, 0x65, 0x00, 0x2B, 0xA1, 0xAF, 0x6D, 0x8E, 0x54, 
    0x72, 0x69, 0x63, 0x6B, 0x5F, 0x44, 0x61, 0x66, 0x66, 0x79, 0x42, 0x72, 
    0x6F, 0x6B, 0x65, 0x6E, 0x47, 0x80, 0xBD, 0x69, 0x6E, 0x64, 0x32, 0x00, 
    0x2B, 0xA7, 0xAF, 0x51, 0x4D, 0x52, 0x6F, 0x63, 0x6B, 0x4F, 0x75, 0x80, 
    0xD5, 0x47, 0x72, 0x69, 0x6E, 0x64, 0x5F, 0x49, 0x6E, 0x69, 0x74, 0x00, 
    0x2B, 0xAE, 0x1F, 0x1C, 0x89, 0x48, 0x61, 0x6E, 0x64, 0x73, 0x74, 0x80, 
    0x11, 0x81, 0x6E, 0x64, 0x35, 0x30, 0x35, 0x30, 0x47, 0x72, 0x69, 0x6E, 
    0x64, 0x5F, 0x49, 0x6E, 0x69, 0x74, 0x00, 0x2B, 0xB3, 0x7F, 0x3E, 0x62, 
    0x52, 0x6F, 0x77, 0x6C, 0x65, 0x79, 0x44, 0x61, 0x72, 0x6B, 0x53, 0x6C, 
    0x69, 0x64, 0x65, 0x5F, 0x6F, 0x75, 0x74, 0x00, 0x2B, 0xB7, 0x4F, 0xDA, 
    0xCE, 0x45, 0x6C, 0x62, 0x6F, 0x77, 0x53, 0x6D, 0x61, 0x73, 0x68, 0x5F, 
    0x49, 0x64, 0x6C, 0x65, 0x00, 0x2B, 0xC6, 0x7F, 0x49, 0x9E, 0x50, 0x80, 
    0xC9, 0x72, 0x63, 0x65, 0x6E, 0x74, 0x00, 0x2B, 0xCF, 0xEF, 0x1F, 0x90, 
    0x53, 0x65, 0x74, 0x45, 0x78, 0x63, 0x65, 0x70, 0x80, 0x69, 0x80, 0x69, 
    0x6F, 0x6E, 0x00, 0x2B, 0xD2, 0x8F, 0x3A, 0xCB, 0x53, 0x65, 0x74, 0x54, 
    0x72, 0x69, 0x63, 0x6B, 0x53, 0x63, 0x6F, 0x72, 0x65, 0x00, 0x2B, 0xE6, 
    0xEF, 0x93, 0xFF, 0x45, 0x6C, 0x62, 0x6F, 0x77, 0x73, 0x6D, 0x61, 0x73, 
    0x68, 0x5F, 0x6F, 0x75, 0x74, 0x00, 0x2B, 0xF5, 0x3F, 0xA3, 0x1F, 0x54, 
    0x72, 0x69, 0x63, 0x6B, 0x5F, 0x43, 0x72, 0x6F, 0x6F, 0x6B, 0x80, 0x8D, 
    0x64, 0x5F, 0x46, 0x53, 0x84, 0xAD, 0xF7, 0x2F, 0x4C, 0x5C, 0x54, 0x72, 
    0x69, 0x63, 0x6B, 0x5F, 0x4E, 0x6F, 0x80, 0xED, 0x65, 0x67, 0x72, 0x69, 
    0x6E, 0x64, 0x5F, 0x42, 0x53, 0x00, 0x2B, 0xF9, 0x6F, 0x7B, 0xD7, 0x4F, 
    0x66, 0x66, 0x4D, 0x65, 0x74, 0x65, 0x72, 0x54, 0x6F, 0x70, 0x00, 0x00, 
    0x54, 0xC3, 0x90, 0xC7, 0x6D, 0x3E, 0xF4, 0x5B, 0x34, 0xF7, 0x13, 0xF2
};
INCBIN_CONST INCBIN_ALIGN unsigned char *const gGrindScriptsPCAddDDEnd = gGrindScriptsPCAddDDData + sizeof(gGrindScriptsPCAddDDData);
INCBIN_CONST unsigned int gGrindScriptsPCAddDDSize = sizeof(gGrindScriptsPCAddDDData);
/* INCBIN(GrindScriptsPs2ToPc, "patches/grindscripts_ps2topc.bps"); */
INCBIN_CONST INCBIN_ALIGN unsigned char gGrindScriptsPs2ToPcData[] = {
    0x42, 0x50, 0x53, 0x31, 0x58, 0x27, 0x81, 0x58, 0x27, 0x81, 0x80, 0x30, 
    0xA3, 0x8D, 0x65, 0x87, 0x47, 0x7B, 0x40, 0xCB, 0x81, 0x08, 0x04, 0xB4, 
    0x8D, 0x14, 0x00, 0x22, 0x82, 0x1C, 0x8B, 0x8D, 0x14, 0x00, 0x22, 0x82, 
    0x54, 0x81, 0x8D, 0x14, 0x00, 0x22, 0x82, 0x7C, 0x10, 0x84, 0x8D, 0x14, 
    0x00, 0x22, 0x82, 0x10, 0x5A, 0x81, 0x54, 0xC3, 0x90, 0xC7, 0xB2, 0x3C, 
    0x1B, 0x0F, 0xB7, 0xE2, 0x93, 0x79
};
INCBIN_CONST INCBIN_ALIGN unsigned char *const gGrindScriptsPs2ToPcEnd = gGrindScriptsPs2ToPcData + sizeof(gGrindScriptsPs2ToPcData);
INCBIN_CONST unsigned int gGrindScriptsPs2ToPcSize = sizeof(gGrindScriptsPs2ToPcData);
/* INCBIN(GrindScriptsPs2ToPcL2Only, "patches/grindscripts_ps2topc_l2only.bps"); */
INCBIN_CONST INCBIN_ALIGN unsigned char gGrindScriptsPs2ToPcL2OnlyData[] = {
    0x42, 0x50, 0x53, 0x31, 0x58, 0x27, 0x81, 0x58, 0x27, 0x81, 0x80, 0x30, 
    0xA3, 0x8D, 0x65, 0x87, 0x47, 0x7B, 0x40, 0xCB, 0x81, 0x08, 0x0C, 0x80, 
    0x8D, 0x2B, 0x98, 0xB9, 0xBF, 0xE4, 0x8D, 0x57, 0x4E, 0xCE, 0x73, 0xAC, 
    0x8D, 0x65, 0x87, 0x47, 0x7B, 0x84, 0x8D, 0x08, 0x00, 0x00, 0x00, 0x14, 
    0xB1, 0x8D, 0x14, 0x00, 0x22, 0x82, 0x1C, 0x8B, 0x8D, 0x14, 0x00, 0x22, 
    0x82, 0x54, 0x81, 0x8D, 0x14, 0x00, 0x22, 0x82, 0x7C, 0x10, 0x84, 0x8D, 
    0x14, 0x00, 0x22, 0x82, 0x10, 0x5A, 0x81, 0x54, 0xC3, 0x90, 0xC7, 0xB3, 
    0x1A, 0xAF, 0xEF, 0xE3, 0x0A, 0x8A, 0xE4
};
INCBIN_CONST INCBIN_ALIGN unsigned char *const gGrindScriptsPs2ToPcL2OnlyEnd = gGrindScriptsPs2ToPcL2OnlyData + sizeof(gGrindScriptsPs2ToPcL2OnlyData);
INCBIN_CONST unsigned int gGrindScriptsPs2ToPcL2OnlySize = sizeof(gGrindScriptsPs2ToPcL2OnlyData);
/* INCBIN(GrindScriptsPs2ToPcR2Only, "patches/grindscripts_ps2topc_r2only.bps"); */
INCBIN_CONST INCBIN_ALIGN unsigned char gGrindScriptsPs2ToPcR2OnlyData[] = {
    0x42, 0x50, 0x53, 0x31, 0x58, 0x27, 0x81, 0x58, 0x27, 0x81, 0x80, 0x30, 
    0xA3, 0x8D, 0x65, 0x87, 0x47, 0x7B, 0x70, 0xC9, 0x8D, 0xF4, 0xA7, 0xF8, 
    0x6B, 0xE4, 0x8D, 0x0D, 0x1E, 0xA7, 0xD0, 0xAC, 0x8D, 0x44, 0xC6, 0x78, 
    0x18, 0x84, 0x8D, 0xFB, 0xFF, 0xFF, 0xFF, 0x78, 0xB3, 0x8D, 0x14, 0x00, 
    0x22, 0x82, 0x1C, 0x8B, 0x8D, 0x14, 0x00, 0x22, 0x82, 0x54, 0x81, 0x8D, 
    0x14, 0x00, 0x22, 0x82, 0x7C, 0x10, 0x84, 0x8D, 0x14, 0x00, 0x22, 0x82, 
    0x10, 0x5A, 0x81, 0x54, 0xC3, 0x90, 0xC7, 0x3E, 0x46, 0x5E, 0x33, 0xCC, 
    0x5A, 0x00, 0x1F
};
INCBIN_CONST INCBIN_ALIGN unsigned char *const gGrindScriptsPs2ToPcR2OnlyEnd = gGrindScriptsPs2ToPcR2OnlyData + sizeof(gGrindScriptsPs2ToPcR2OnlyData);
INCBIN_CONST unsigned int gGrindScriptsPs2ToPcR2OnlySize = sizeof(gGrindScriptsPs2ToPcR2OnlyData);
/* INCBIN(GrindScriptsPs2ToPcBoth, "patches/grindscripts_ps2topc_both.bps"); */
INCBIN_CONST INCBIN_ALIGN unsigned char gGrindScriptsPs2ToPcBothData[] = {
    0x42, 0x50, 0x53, 0x31, 0x58, 0x27, 0x81, 0x64, 0x27, 0x81, 0x80, 0x30, 
    0xA3, 0x8D, 0x65, 0x87, 0x47, 0x7B, 0x58, 0xC9, 0x8D, 0x18, 0x23, 0x48, 
    0x7D, 0x98, 0xAD, 0x16, 0xF4, 0xA7, 0xF8, 0x6B, 0x09, 0x17, 0x64, 0x00, 
    0x00, 0x00, 0x04, 0x80, 0xCD, 0x90, 0xD8, 0xD2, 0xA6, 0x07, 0x16, 0xCA, 
    0x28, 0xE5, 0x90, 0x16, 0x0C, 0xF1, 0x31, 0x70, 0x07, 0x03, 0x16, 0x0D, 
    0x1E, 0x80, 0x81, 0xD0, 0x80, 0xF5, 0x42, 0x44, 0xE2, 0xA7, 0x07, 0x16, 
    0xF7, 0x89, 0x3C, 0xCF, 0x16, 0x44, 0xC6, 0x78, 0x18, 0x07, 0x17, 0xFB, 
    0xFF, 0xFF, 0xFF, 0x16, 0xD3, 0x1E, 0x15, 0x5A, 0x07, 0x17, 0x05, 0x00, 
    0x84, 0xB9, 0x04, 0x04, 0x02, 0xE7, 0x00, 0x00, 0x00, 0x03, 0x16, 0xA2, 
    0xF0, 0x94, 0xE5, 0x07, 0x03, 0x80, 0x8D, 0x18, 0x23, 0x48, 0x7D, 0x80, 
    0x95, 0x16, 0xF4, 0xA7, 0xF8, 0x6B, 0x09, 0x80, 0xC1, 0x2B, 0x98, 0xB9, 
    0xBF, 0x09, 0x17, 0x64, 0x00, 0x00, 0x00, 0x04, 0x16, 0x90, 0xD8, 0xD2, 
    0xA6, 0x07, 0x80, 0x8D, 0xCA, 0x28, 0xE5, 0x90, 0x80, 0x8D, 0x0C, 0xF1, 
    0x31, 0x70, 0x80, 0x11, 0x80, 0x03, 0x16, 0x0D, 0x1E, 0xA7, 0xD0, 0x16, 
    0x42, 0x44, 0xE2, 0xA7, 0x07, 0x16, 0xF7, 0x89, 0x3C, 0xCF, 0x16, 0x44, 
    0xC6, 0x78, 0x18, 0x07, 0x17, 0xFB, 0xFF, 0xFF, 0xFF, 0x16, 0xD3, 0x1E, 
    0x15, 0x5A, 0x07, 0x17, 0x05, 0x00, 0x84, 0xE9, 0x04, 0x04, 0x02, 0xE8, 
    0x00, 0x00, 0x00, 0x06, 0x02, 0xE9, 0x00, 0x00, 0x00, 0x23, 0x16, 0x6F, 
    0xD8, 0x5E, 0x25, 0x16, 0x60, 0x97, 0x73, 0x64, 0x07, 0x17, 0x07, 0x84, 
    0xB5, 0x00, 0x16, 0xDF, 0x41, 0xC3, 0xEC, 0x07, 0x17, 0x00, 0x00, 0x00, 
    0x00, 0x02, 0xF8, 0x80, 0xD9, 0x00, 0x00, 0x16, 0x51, 0x32, 0x81, 0xD5, 
    0x02, 0xF9, 0x00, 0x00, 0x00, 0x16, 0xEB, 0x79, 0x80, 0xA5, 0x16, 0x04, 
    0x2D, 0x6C, 0x5C, 0x07, 0x80, 0x8D, 0x4D, 0x86, 0x29, 0x4A, 0x80, 0x8D, 
    0xB7, 0x7D, 0x3F, 0x0E, 0x88, 0x8D, 0xB7, 0x7D, 0x3F, 0x0E, 0x80, 0x8D, 
    0x64, 0x0F, 0xB6, 0xEB, 0x88, 0xC5, 0x64, 0x0F, 0xB6, 0xEB, 0x16, 0xA4, 
    0x9B, 0x54, 0x98, 0x07, 0x2D, 0x16, 0xA4, 0x9B, 0x54, 0x98, 0x02, 0xFA, 
    0x84, 0xA9, 0x00, 0x16, 0xBC, 0xE2, 0x2E, 0x4B, 0x1B, 0x01, 0x00, 0x00, 
    0x00, 0x80, 0x85, 0x02, 0xFC, 0x80, 0xF1, 0x00, 0x00, 0x16, 0xD2, 0x8F, 
    0x3A, 0xCB, 0x17, 0x00, 0x00, 0x00, 0x00, 0x02, 0xFD, 0x00, 0x00, 0x00, 
    0x16, 0x5C, 0x8D, 0x2E, 0xF3, 0x16, 0xB0, 0x0B, 0x15, 0xC2, 0x02, 0xFE, 
    0x84, 0x15, 0x81, 0x00, 0x25, 0x16, 0x68, 0x51, 0x1D, 0x0E, 0x02, 0x00, 
    0x01, 0x00, 0x00, 0x16, 0x96, 0xBF, 0x8E, 0x94, 0x16, 0x04, 0x47, 0x9F, 
    0x43, 0x02, 0x01, 0x01, 0x00, 0x00, 0x16, 0x7F, 0xA3, 0x9F, 0xAD, 0x16, 
    0x67, 0x28, 0x43, 0x03, 0x02, 0x02, 0x01, 0x00, 0x00, 0x28, 0x02, 0x03, 
    0x01, 0x00, 0x00, 0x16, 0x64, 0x78, 0x3D, 0x8C, 0x02, 0x04, 0x01, 0x00, 
    0x00, 0x16, 0xF9, 0x67, 0x2B, 0x6C, 0x16, 0xDF, 0xA5, 0x61, 0xF1, 0x02, 
    0x05, 0x80, 0x01, 0x80, 0x00, 0x00, 0x16, 0xF9, 0x67, 0x2B, 0x6C, 0x16, 
    0xDC, 0xC3, 0x88, 0x01, 0x02, 0x06, 0x01, 0x00, 0x00, 0x25, 0x16, 0x7B, 
    0x71, 0x66, 0xCF, 0x16, 0x77, 0xB3, 0xBC, 0x13, 0x02, 0x07, 0x01, 0x00, 
    0x00, 0x80, 0x4D, 0x82, 0x46, 0xEF, 0xED, 0xE3, 0x16, 0x77, 0xB3, 0xBC, 
    0x13, 0x07, 0x2D, 0x16, 0x77, 0xB3, 0xBC, 0x13, 0x02, 0x08, 0x01, 0x00, 
    0x00, 0x28, 0x02, 0x09, 0x01, 0x00, 0x00, 0x25, 0x16, 0x7B, 0x71, 0x66, 
    0xCF, 0x16, 0xD3, 0xBB, 0xDA, 0x28, 0x02, 0x0B, 0x01, 0x00, 0x00, 0x16, 
    0xC2, 0xE5, 0xA4, 0x23, 0x2D, 0x16, 0xD3, 0xBB, 0xDA, 0x28, 0x02, 0x0C, 
    0x01, 0x00, 0x00, 0x28, 0x02, 0x0D, 0x01, 0x00, 0x00, 0x25, 0x16, 0x7B, 
    0x71, 0x66, 0xCF, 0x16, 0xE3, 0x41, 0x16, 0x0F, 0x02, 0x0F, 0x01, 0x00, 
    0x00, 0x16, 0x33, 0xA2, 0x05, 0xDB, 0x2D, 0x16, 0xE3, 0x41, 0x16, 0x0F, 
    0x02, 0x10, 0x01, 0x00, 0x00, 0x28, 0x02, 0x11, 0x01, 0x00, 0x00, 0x16, 
    0x0A, 0x5F, 0x8A, 0xDF, 0x16, 0x31, 0xC1, 0x4F, 0x11, 0x07, 0x17, 0x01, 
    0x84, 0x1D, 0x80, 0x00, 0x16, 0xC6, 0x7F, 0x49, 0x9E, 0x07, 0x17, 0x32, 
    0x00, 0x00, 0x00, 0x16, 0x3F, 0x7F, 0xA0, 0x79, 0x07, 0x1A, 0x00, 0x00, 
    0x80, 0x3E, 0x02, 0x13, 0x01, 0x00, 0x00, 0x16, 0x0A, 0x5F, 0x8A, 0xDF, 
    0x16, 0x31, 0xC1, 0x4F, 0x11, 0x07, 0x17, 0x88, 0x1D, 0x81, 0x00, 0x16, 
    0xC6, 0x7F, 0x49, 0x9E, 0x07, 0x17, 0x32, 0x00, 0x00, 0x00, 0x02, 0x14, 
    0x01, 0x00, 0x00, 0x25, 0x16, 0x55, 0x86, 0x88, 0xED, 0x2D, 0x16, 0xD6, 
    0xA8, 0x21, 0x73, 0x02, 0x15, 0x01, 0x00, 0x00, 0x16, 0xA2, 0x94, 0x2F, 
    0xE6, 0x02, 0x16, 0x01, 0x00, 0x00, 0x25, 0x16, 0x7B, 0x71, 0x66, 0xCF, 
    0x16, 0x2C, 0xEF, 0x7B, 0xDE, 0x02, 0x18, 0x01, 0x00, 0x00, 0x16, 0xEB, 
    0x79, 0x80, 0xA5, 0x16, 0xA2, 0x87, 0xA6, 0x1D, 0x07, 0x17, 0x88, 0xE1, 
    0x00, 0x02, 0x19, 0x01, 0x00, 0x00, 0x26, 0x02, 0x1A, 0x01, 0x00, 0x00, 
    0x16, 0xEB, 0x79, 0x80, 0xA5, 0x16, 0xA2, 0x87, 0xA6, 0x1D, 0x07, 0x17, 
    0x00, 0x84, 0x81, 0x00, 0x80, 0x81, 0x1B, 0x88, 0x3D, 0x80, 0x28, 0x02, 
    0x1C, 0x01, 0x00, 0x00, 0x26, 0x02, 0x1D, 0x01, 0x00, 0x00, 0x16, 0x44, 
    0x89, 0xB7, 0x8D, 0x02, 0x20, 0x01, 0x00, 0x00, 0x2D, 0x16, 0xDF, 0x41, 
    0xC3, 0xEC, 0x07, 0x0E, 0x2D, 0x16, 0xDF, 0x41, 0xC3, 0xEC, 0x0B, 0x17, 
    0x01, 0x00, 0x00, 0x00, 0x0F, 0x02, 0x21, 0x01, 0x00, 0x00, 0x80, 0xD1, 
    0xEB, 0x79, 0x80, 0xA5, 0x16, 0xDF, 0x41, 0xC3, 0xEC, 0x07, 0x2D, 0x16, 
    0xDF, 0x41, 0xC3, 0xEC, 0x02, 0x22, 0x01, 0x00, 0x00, 0x80, 0x4D, 0x80, 
    0x4F, 0xDA, 0xE4, 0x9C, 0x16, 0xDF, 0x41, 0xC3, 0xEC, 0x07, 0x2D, 0x16, 
    0xDF, 0x41, 0xC3, 0xEC, 0x02, 0x23, 0x01, 0x00, 0x00, 0x16, 0x35, 0xA3, 
    0x36, 0x54, 0x02, 0x25, 0x01, 0x00, 0x00, 0x28, 0x02, 0x26, 0x01, 0x00, 
    0x00, 0x16, 0x88, 0x1C, 0xDA, 0x10, 0x02, 0x27, 0x01, 0x00, 0x00, 0x25, 
    0x16, 0x7B, 0x71, 0x66, 0x80, 0x79, 0x80, 0x16, 0x2C, 0xEF, 0x7B, 0xDE, 
    0x02, 0x28, 0x01, 0x00, 0x00, 0x16, 0xCF, 0xEF, 0x1F, 0x90, 0x16, 0xEC, 
    0x8B, 0x72, 0xF8, 0x07, 0x16, 0x28, 0xFB, 0xFE, 0x8F, 0x16, 0x90, 0xD8, 
    0xD2, 0xA6, 0x07, 0x16, 0x08, 0xFA, 0xB9, 0xF4, 0x02, 0x29, 0x01, 0x00, 
    0x00, 0x16, 0x0B, 0x71, 0xEB, 0x41, 0x02, 0x2A, 0x01, 0x00, 0x00, 0x26, 
    0x02, 0x2B, 0x01, 0x00, 0x00, 0x25, 0x16, 0x7B, 0x71, 0x66, 0x80, 0x11, 
    0x83, 0x16, 0x29, 0xBA, 0x78, 0x7C, 0x02, 0x2C, 0x01, 0x00, 0x00, 0x16, 
    0xCF, 0xEF, 0x1F, 0x90, 0x16, 0xEC, 0x8B, 0x72, 0xF8, 0x07, 0x16, 0x28, 
    0xFB, 0xFE, 0x8F, 0x16, 0x90, 0xD8, 0xD2, 0xA6, 0x07, 0x16, 0xB8, 0xD7, 
    0x65, 0x9B, 0x16, 0x0C, 0xF1, 0x31, 0x70, 0x07, 0x03, 0x2C, 0x04, 0x02, 
    0x2D, 0x01, 0x00, 0x00, 0x26, 0x02, 0x2E, 0x01, 0x00, 0x00, 0x16, 0xCF, 
    0xEF, 0x1F, 0x90, 0x16, 0xEC, 0x8B, 0x72, 0xF8, 0x07, 0x16, 0x28, 0xFB, 
    0xFE, 0x8F, 0x16, 0x90, 0xD8, 0xD2, 0xA6, 0x07, 0x16, 0xB8, 0xD7, 0x65, 
    0x9B, 0x02, 0x2F, 0x01, 0x00, 0x00, 0x28, 0x02, 0x30, 0x01, 0x00, 0x00, 
    0x16, 0x9C, 0x7C, 0x9B, 0xFB, 0x02, 0x31, 0x01, 0x00, 0x00, 0x28, 0x02, 
    0x32, 0x01, 0x00, 0x00, 0x16, 0xCF, 0xEF, 0x1F, 0x90, 0x16, 0xEC, 0x8B, 
    0x72, 0xF8, 0x07, 0x16, 0xBA, 0x46, 0xAA, 0xAF, 0x16, 0x90, 0xD8, 0xD2, 
    0xA6, 0x07, 0x80, 0xA9, 0xBA, 0x46, 0xAA, 0xAF, 0x16, 0x0C, 0xF1, 0x31, 
    0x70, 0x07, 0x03, 0x80, 0x8D, 0x64, 0x0F, 0xB6, 0xEB, 0x88, 0x8D, 0x64, 
    0x0F, 0xB6, 0xEB, 0x80, 0x8D, 0xB7, 0x7D, 0x3F, 0x0E, 0x88, 0x79, 0x83, 
    0xB7, 0x7D, 0x3F, 0x0E, 0x16, 0x44, 0xA6, 0xF3, 0xE0, 0x07, 0x2D, 0x16, 
    0x44, 0xA6, 0xF3, 0xE0, 0x04, 0x02, 0x33, 0x01, 0x00, 0x00, 0x16, 0xCF, 
    0xEF, 0x1F, 0x90, 0x16, 0xEC, 0x8B, 0x72, 0xF8, 0x07, 0x16, 0xEF, 0x16, 
    0x2B, 0x53, 0x16, 0x90, 0xD8, 0xD2, 0xA6, 0x07, 0x16, 0x27, 0x2A, 0xFF, 
    0x57, 0x02, 0x34, 0x01, 0x00, 0x00, 0x16, 0xCF, 0xEF, 0x1F, 0x90, 0x16, 
    0xEC, 0x8B, 0x72, 0xF8, 0x07, 0x16, 0xF9, 0x6F, 0x7B, 0xD7, 0x16, 0x90, 
    0xD8, 0xD2, 0xA6, 0x07, 0x16, 0xCA, 0x28, 0xE5, 0x90, 0x16, 0x0C, 0xF1, 
    0x31, 0x70, 0x07, 0x03, 0x2C, 0x16, 0x57, 0x4E, 0xCE, 0x73, 0x04, 0x02, 
    0x35, 0x01, 0x00, 0x00, 0x16, 0xCF, 0xEF, 0x1F, 0x90, 0x16, 0xEC, 0x8B, 
    0x72, 0xF8, 0x07, 0x16, 0x84, 0x4B, 0xD4, 0x47, 0x16, 0x90, 0xD8, 0xD2, 
    0xA6, 0x07, 0x16, 0xCA, 0x28, 0xE5, 0x90, 0x16, 0x0C, 0xF1, 0x31, 0x70, 
    0x07, 0x03, 0x2C, 0x16, 0x0D, 0x1E, 0xA7, 0xD0, 0x04, 0x02, 0x36, 0x01, 
    0x00, 0x00, 0x16, 0xCF, 0xEF, 0x1F, 0x90, 0x16, 0xEC, 0x8B, 0x72, 0xF8, 
    0x07, 0x16, 0x39, 0x80, 0x41, 0x81, 0x5E, 0x91, 0x16, 0x90, 0xD8, 0xD2, 
    0xA6, 0x07, 0x16, 0x39, 0x5E, 0x5E, 0x91, 0x02, 0x37, 0x01, 0x00, 0x00, 
    0x16, 0xCF, 0xEF, 0x1F, 0x90, 0x16, 0xEC, 0x8B, 0x72, 0xF8, 0x07, 0x16, 
    0xF0, 0x1A, 0x02, 0xA1, 0x16, 0x90, 0xD8, 0xD2, 0xA6, 0x07, 0x16, 0x2F, 
    0xCC, 0xE3, 0xD4, 0x16, 0xAB, 0x22, 0x7A, 0x19, 0x02, 0x38, 0x01, 0x00, 
    0x00, 0x16, 0xD2, 0x8F, 0x3A, 0xCB, 0x17, 0x32, 0x00, 0x00, 0x00, 0x02, 
    0x3C, 0x01, 0x00, 0x00, 0x16, 0xBC, 0xE2, 0x2E, 0x4B, 0x1B, 0x10, 0x00, 
    0x00, 0x00, 0x4B, 0x80, 0x11, 0x83, 0x73, 0x73, 0x65, 0x64, 0x20, 0x74, 
    0x68, 0x65, 0x20, 0x52, 0x61, 0x69, 0x6C, 0x00, 0x02, 0x3D, 0x01, 0x00, 
    0x00, 0x16, 0x7B, 0x9E, 0x0C, 0x2C, 0x16, 0xCB, 0x1C, 0xB8, 0xCD, 0x02, 
    0x3E, 0x01, 0x00, 0x00, 0x16, 0x20, 0x3B, 0xC3, 0x54, 0x02, 0x3F, 0x01, 
    0x00, 0x00, 0x16, 0xEC, 0x3B, 0x3D, 0x8E, 0x02, 0x40, 0x01, 0x00, 0x00, 
    0x16, 0xD9, 0x8D, 0x6B, 0xAB, 0x02, 0x41, 0x01, 0x00, 0x00, 0x16, 0xB0, 
    0x9B, 0xC7, 0xD8, 0x16, 0x71, 0x0D, 0x59, 0x72, 0x02, 0x42, 0x01, 0x00, 
    0x00, 0x16, 0x0A, 0x08, 0xCF, 0x1F, 0x16, 0x71, 0x0D, 0x59, 0x72, 0x02, 
    0x43, 0x01, 0x00, 0x00, 0x16, 0xF4, 0xCC, 0x7F, 0x94, 0x2D, 0x16, 0xD6, 
    0xA8, 0x21, 0x73, 0x02, 0x44, 0x01, 0x00, 0x00, 0x25, 0x16, 0x7B, 0x71, 
    0x66, 0xCF, 0x16, 0x40, 0xAA, 0xEE, 0x1A, 0x02, 0x45, 0x01, 0x00, 0x00, 
    0x16, 0xB7, 0x93, 0xB9, 0x71, 0x17, 0x24, 0x84, 0x21, 0x81, 0x00, 0x02, 
    0x46, 0x01, 0x00, 0x00, 0x26, 0x02, 0x48, 0x01, 0x00, 0x00, 0x16, 0xB7, 
    0x93, 0xB9, 0x71, 0x2D, 0x16, 0x60, 0x97, 0x73, 0x64, 0x02, 0x49, 0x01, 
    0x00, 0x00, 0x28, 0x02, 0x4A, 0x01, 0x00, 0x00, 0x25, 0x16, 0x7B, 0x71, 
    0x66, 0xCF, 0x16, 0xA0, 0xAC, 0x16, 0x7A, 0x02, 0x4B, 0x01, 0x00, 0x00, 
    0x16, 0xC6, 0xA4, 0xDC, 0xDB, 0x02, 0x4C, 0x01, 0x00, 0x00, 0x16, 0x4B, 
    0xCD, 0x0D, 0x7A, 0x16, 0x1C, 0xBD, 0xDB, 0x94, 0x07, 0x1A, 0x00, 0x80, 
    0xF5, 0xA0, 0x3F, 0x02, 0x4D, 0x01, 0x00, 0x00, 0x28, 0x02, 0x4E, 0x01, 
    0x00, 0x00, 0x25, 0x16, 0x7B, 0x71, 0x66, 0xCF, 0x16, 0xF0, 0x55, 0xA8, 
    0x7E, 0x02, 0x4F, 0x01, 0x00, 0x00, 0x25, 0x80, 0x35, 0x80, 0x10, 0x8F, 
    0xEA, 0xBA, 0x16, 0x08, 0xD0, 0xE3, 0xC2, 0x07, 0x2D, 0x16, 0xF0, 0x55, 
    0xA8, 0x7E, 0x02, 0x50, 0x01, 0x00, 0x00, 0x16, 0x28, 0xC1, 0xD0, 0x07, 
    0x16, 0xCA, 0xDB, 0xB3, 0x62, 0x02, 0x51, 0x01, 0x00, 0x00, 0x16, 0x84, 
    0xD0, 0x8F, 0xE4, 0x16, 0x30, 0x46, 0xE0, 0xD5, 0x80, 0x81, 0x52, 0x88, 
    0xED, 0x28, 0x02, 0x53, 0x01, 0x00, 0x00, 0x28, 0x02, 0x54, 0x01, 0x00, 
    0x00, 0x25, 0x16, 0x7B, 0x71, 0x66, 0xCF, 0x16, 0x83, 0x2C, 0x07, 0x2D, 
    0x02, 0x55, 0x01, 0x00, 0x00, 0x80, 0x8D, 0x91, 0x72, 0x1E, 0x0B, 0x80, 
    0x8D, 0xA4, 0x9B, 0x54, 0x98, 0x80, 0xB5, 0x2D, 0x16, 0x64, 0x0F, 0xB6, 
    0xEB, 0x16, 0xED, 0x24, 0x0D, 0x8F, 0x07, 0x1A, 0x00, 0x84, 0xAD, 0x00, 
    0x02, 0x56, 0x01, 0x00, 0x00, 0x26, 0x02, 0x59, 0x01, 0x00, 0x00, 0x80, 
    0x8D, 0x91, 0x72, 0x1E, 0x0B, 0x80, 0x8D, 0xA4, 0x9B, 0x54, 0x98, 0x80, 
    0x45, 0x80, 0x2D, 0x16, 0x64, 0x0F, 0xB6, 0xEB, 0x16, 0xED, 0x24, 0x0D, 
    0x8F, 0x07, 0x1A, 0x9A, 0x99, 0x99, 0x3E, 0x02, 0x5A, 0x01, 0x00, 0x00, 
    0x28, 0x02, 0x5B, 0x01, 0x00, 0x00, 0x16, 0x0C, 0x67, 0x92, 0x7E, 0x16, 
    0x01, 0x0B, 0x1A, 0x4F, 0x07, 0x16, 0xEB, 0x8A, 0x35, 0x4B, 0x16, 0xBB, 
    0x5A, 0x13, 0xD6, 0x07, 0x80, 0x8D, 0x97, 0x18, 0x98, 0x85, 0x80, 0xED, 
    0xD6, 0xA8, 0x21, 0x73, 0x07, 0x2D, 0x16, 0xD6, 0xA8, 0x21, 0x73, 0x16, 
    0x77, 0xE6, 0x04, 0x13, 0x02, 0x5F, 0x01, 0x00, 0x00, 0x16, 0x1A, 0x7C, 
    0x11, 0x82, 0x17, 0x0A, 0x80, 0xA5, 0x00, 0x00, 0x16, 0xC5, 0x76, 0x91, 
    0x01, 0x02, 0x64, 0x01, 0x80, 0x31, 0x83, 0x00, 0x25, 0x16, 0x14, 0x00, 
    0x22, 0x82, 0x02, 0x68, 0x01, 0x00, 0x00, 0x16, 0x71, 0xDC, 0x27, 0x76, 
    0x16, 0x8B, 0x50, 0x77, 0x90, 0x02, 0x69, 0x01, 0x00, 0x00, 0x28, 0x02, 
    0x6A, 0x01, 0x00, 0x00, 0x25, 0x16, 0x7B, 0x71, 0x66, 0xCF, 0x16, 0x40, 
    0xAA, 0xEE, 0x1A, 0x02, 0x6C, 0x01, 0x00, 0x00, 0x16, 0x55, 0xB8, 0x59, 
    0xAD, 0x16, 0x38, 0x58, 0x74, 0xC4, 0x07, 0x1B, 0x0E, 0x00, 0x00, 0x00, 
    0x53, 0x70, 0x65, 0x63, 0x69, 0x61, 0x6C, 0x20, 0x47, 0x72, 0x69, 0x6E, 
    0x64, 0x00, 0x02, 0x6D, 0x01, 0x00, 0x00, 0x28, 0x02, 0x6E, 0x01, 0x00, 
    0x00, 0x16, 0x7B, 0x9E, 0x0C, 0x2C, 0x16, 0x35, 0x3B, 0xF9, 0x68, 0x02, 
    0x73, 0x01, 0x00, 0x00, 0x16, 0xBC, 0xE2, 0x2E, 0x4B, 0x2D, 0x16, 0xF9, 
    0x81, 0xDC, 0xA1, 0x02, 0x74, 0x01, 0x00, 0x00, 0x16, 0xD2, 0x8F, 0x3A, 
    0xCB, 0x2D, 0x16, 0xAE, 0xC8, 0x66, 0xCD, 0x02, 0x75, 0x01, 0x00, 0x00, 
    0x16, 0x5C, 0x8D, 0x2E, 0x80, 0x21, 0x81, 0x16, 0xB0, 0x0B, 0x15, 0xC2, 
    0x02, 0x76, 0x01, 0x00, 0x00, 0x16, 0xF3, 0xA7, 0x3E, 0x60, 0x02, 0x7F, 
    0x01, 0x00, 0x00, 0x25, 0x16, 0x7B, 0x71, 0x66, 0xCF, 0x16, 0x9F, 0x6E, 
    0xB5, 0xD7, 0x02, 0x81, 0x01, 0x00, 0x00, 0x16, 0xAA, 0x1B, 0x01, 0x65, 
    0x02, 0x82, 0x01, 0x00, 0x00, 0x16, 0x57, 0xE4, 0x69, 0x00, 0x02, 0x83, 
    0x01, 0x00, 0x00, 0x16, 0x44, 0xA6, 0xF3, 0xE0, 0x02, 0x84, 0x01, 0x00, 
    0x00, 0x16, 0xEC, 0x6A, 0xC8, 0x68, 0x17, 0x00, 0x84, 0xED, 0x00, 0x02, 
    0x85, 0x01, 0x00, 0x00, 0x28, 0x02, 0x86, 0x01, 0x00, 0x00, 0x25, 0x16, 
    0x7B, 0x71, 0x66, 0xCF, 0x16, 0xEA, 0x4A, 0xDB, 0x23, 0x02, 0x87, 0x01, 
    0x00, 0x00, 0x80, 0x8D, 0x91, 0x72, 0x1E, 0x0B, 0x80, 0xFD, 0xA4, 0x9B, 
    0x54, 0x98, 0x07, 0x2D, 0x16, 0xA4, 0x9B, 0x54, 0x98, 0x16, 0x6C, 0x2E, 
    0x79, 0x4F, 0x16, 0x09, 0xFE, 0x09, 0xFE, 0x02, 0x88, 0x01, 0x00, 0x00, 
    0x26, 0x02, 0x89, 0x01, 0x00, 0x00, 0x80, 0x8D, 0x91, 0x72, 0x1E, 0x0B, 
    0x80, 0x1D, 0x81, 0xA4, 0x9B, 0x54, 0x98, 0x07, 0x2D, 0x16, 0xA4, 0x9B, 
    0x54, 0x98, 0x16, 0x03, 0x12, 0x94, 0x6D, 0x16, 0x9C, 0x37, 0x95, 0xD0, 
    0x07, 0x16, 0xBF, 0xEA, 0xA9, 0x79, 0x02, 0x8A, 0x01, 0x00, 0x00, 0x28, 
    0x02, 0x8B, 0x01, 0x00, 0x00, 0x25, 0x16, 0x46, 0x96, 0x0F, 0x1A, 0x05, 
    0x16, 0xA6, 0xFD, 0x14, 0xB9, 0x16, 0xEB, 0xBD, 0x91, 0x83, 0x16, 0x5F, 
    0xF0, 0x96, 0x78, 0x06, 0x02, 0x8F, 0x01, 0x00, 0x00, 0x16, 0x1A, 0x7C, 
    0x11, 0x82, 0x1A, 0x84, 0xB1, 0x80, 0x3E, 0x16, 0x19, 0xF6, 0x29, 0xD0, 
    0x02, 0x90, 0x01, 0x00, 0x00, 0x28, 0x80, 0xC5, 0x91, 0x01, 0x00, 0x00, 
    0x25, 0x16, 0x7B, 0x71, 0x66, 0xCF, 0x16, 0x02, 0x51, 0x85, 0x6E, 0x02, 
    0x93, 0x01, 0x80, 0x99, 0x00, 0x25, 0x16, 0x14, 0x00, 0x22, 0x82, 0x80, 
    0xA1, 0x94, 0x01, 0x00, 0x00, 0x16, 0x71, 0xDC, 0x27, 0x76, 0x84, 0x8D, 
    0x02, 0x51, 0x85, 0x6E, 0x80, 0x85, 0x1D, 0x29, 0x80, 0xC9, 0xF2, 0x07, 
    0x2D, 0x16, 0xF9, 0x81, 0xDC, 0xA1, 0x16, 0x8B, 0x50, 0x77, 0x90, 0x02, 
    0x95, 0x01, 0x00, 0x00, 0x26, 0x80, 0xA1, 0x96, 0x01, 0x00, 0x00, 0x16, 
    0x71, 0xDC, 0x27, 0x76, 0x84, 0xBD, 0x02, 0x51, 0x85, 0x6E, 0x16, 0x1D, 
    0x29, 0x77, 0xF2, 0x07, 0x2D, 0x16, 0xF9, 0x81, 0xDC, 0xA1, 0x80, 0x81, 
    0x97, 0x88, 0x89, 0x28, 0x02, 0x98, 0x80, 0x95, 0x00, 0x00, 0x26, 0x02, 
    0x99, 0x01, 0x80, 0xD5, 0x00, 0x25, 0x16, 0x14, 0x00, 0x22, 0x82, 0x02, 
    0x9A, 0x01, 0x00, 0x00, 0x16, 0x71, 0xDC, 0x27, 0x76, 0x16, 0x8B, 0x50, 
    0x77, 0x90, 0x80, 0x81, 0x9B, 0x88, 0xED, 0x28, 0x02, 0x9C, 0x01, 0x00, 
    0x00, 0x28, 0x02, 0x9D, 0x01, 0x00, 0x00, 0x25, 0x16, 0x7B, 0x71, 0x66, 
    0xCF, 0x16, 0x29, 0x4E, 0x62, 0xD6, 0x02, 0x9F, 0x01, 0x00, 0x00, 0x80, 
    0x81, 0xD7, 0x80, 0xB5, 0x14, 0x8C, 0x16, 0x29, 0x4E, 0x62, 0xD6, 0x07, 
    0x2D, 0x16, 0x29, 0x4E, 0x62, 0xD6, 0x80, 0x81, 0xA0, 0x88, 0x99, 0x28, 
    0x02, 0xA1, 0x01, 0x00, 0x00, 0x24, 0x80, 0xC5, 0xA2, 0x01, 0x00, 0x00, 
    0x23, 0x16, 0x44, 0x89, 0xB7, 0x8D, 0x16, 0x02, 0x27, 0x48, 0xE8, 0x07, 
    0x1C, 0x05, 0x80, 0x35, 0x83, 0x00, 0x00, 0x6E, 0x6F, 0x6E, 0x65, 0x00, 
    0x02, 0xA4, 0x01, 0x00, 0x00, 0x16, 0x36, 0xC1, 0x11, 0x36, 0x02, 0xA5, 
    0x01, 0x00, 0x00, 0x29, 0x16, 0xDF, 0x41, 0xC3, 0xEC, 0x07, 0x2D, 0x16, 
    0xDF, 0x41, 0xC3, 0xEC, 0x02, 0xA6, 0x01, 0x00, 0x00, 0x24, 0x02, 0xA7, 
    0x01, 0x00, 0x00, 0x23, 0x16, 0xD7, 0x4E, 0x14, 0x8C, 0x16, 0x32, 0xC3, 
    0x07, 0x4A, 0x07, 0x17, 0x3C, 0x00, 0x00, 0x00, 0x02, 0xA9, 0x01, 0x00, 
    0x00, 0x25, 0x16, 0x46, 0x96, 0x0F, 0x1A, 0x05, 0x16, 0xB7, 0x4F, 0xDA, 
    0xCE, 0x16, 0xB0, 0xF7, 0x4A, 0x56, 0x06, 0x02, 0xAA, 0x01, 0x00, 0x00, 
    0x20, 0x02, 0xAB, 0x01, 0x00, 0x00, 0x25, 0x16, 0x14, 0x7D, 0x2E, 0x92, 
    0x2D, 0x16, 0x29, 0x4E, 0x62, 0xD6, 0x02, 0xAC, 0x01, 0x00, 0x00, 0x16, 
    0x27, 0x15, 0x6E, 0x2B, 0x02, 0xAD, 0x01, 0x00, 0x00, 0x16, 0xB1, 0xB2, 
    0x51, 0x51, 0x16, 0xDB, 0x6B, 0x3B, 0x2E, 0x16, 0x14, 0x68, 0xA3, 0xF6, 
    0x07, 0x17, 0xC8, 0x80, 0xA5, 0x00, 0x00, 0x16, 0x26, 0x41, 0x60, 0xD8, 
    0x07, 0x30, 0x1F, 0x80, 0xA5, 0x00, 0x20, 0x42, 0x00, 0x00, 0x70, 0x42, 
    0x02, 0xAE, 0x01, 0x80, 0x59, 0x81, 0x00, 0x16, 0x8B, 0x3B, 0x41, 0xA4, 
    0x03, 0x02, 0xAF, 0x01, 0x00, 0x00, 0x16, 0x3F, 0x7F, 0xA0, 0x79, 0x07, 
    0x1A, 0x00, 0x00, 0x00, 0x3F, 0x02, 0xB0, 0x01, 0x00, 0x00, 0x16, 0x33, 
    0xEB, 0xF9, 0x39, 0x07, 0x1A, 0x00, 0x00, 0x10, 0x41, 0x02, 0xB1, 0x01, 
    0x00, 0x00, 0x16, 0x31, 0xC7, 0xC5, 0x4A, 0x07, 0x1A, 0x00, 0x00, 0x40, 
    0x40, 0x02, 0xB2, 0x01, 0x00, 0x00, 0x16, 0x81, 0x88, 0x48, 0xFC, 0x07, 
    0x1A, 0xEC, 0x51, 0x24, 0x41, 0x02, 0xB3, 0x01, 0x00, 0x00, 0x16, 0x83, 
    0xA4, 0x74, 0x8F, 0x07, 0x1A, 0xA4, 0x70, 0xBD, 0x40, 0x80, 0x81, 0xB4, 
    0x88, 0xC9, 0x04, 0x02, 0xB5, 0x01, 0x00, 0x00, 0x28, 0x02, 0xB6, 0x01, 
    0x00, 0x00, 0x16, 0x1A, 0x7C, 0x11, 0x82, 0x17, 0x01, 0x80, 0x99, 0x00, 
    0x00, 0x16, 0x32, 0xC3, 0x07, 0x4A, 0x80, 0x81, 0xB7, 0x88, 0x81, 0x21, 
    0x80, 0x81, 0xB8, 0x88, 0x99, 0x28, 0x02, 0xB9, 0x01, 0x00, 0x00, 0x24, 
    0x80, 0x81, 0xBA, 0x8C, 0x8D, 0xBF, 0xEA, 0xA9, 0x79, 0x84, 0x75, 0x82, 
    0x02, 0xBC, 0x01, 0x00, 0x00, 0x16, 0x26, 0x6A, 0x26, 0xFD, 0x07, 0x03, 
    0x1F, 0xCD, 0xCC, 0xCC, 0x3D, 0xCD, 0xCC, 0xCC, 0x3D, 0x16, 0xBE, 0xD5, 
    0xC9, 0x95, 0x04, 0x02, 0xBE, 0x01, 0x00, 0x00, 0x16, 0x9C, 0x3B, 0x2F, 
    0x64, 0x07, 0x03, 0x1F, 0x0A, 0xD7, 0x23, 0x3D, 0x0A, 0xD7, 0x23, 0x3D, 
    0x16, 0xBE, 0xD5, 0xC9, 0x95, 0x04, 0x02, 0xBF, 0x01, 0x00, 0x00, 0x16, 
    0x49, 0xFD, 0x43, 0x0F, 0x07, 0x03, 0x1F, 0xE0, 0x2D, 0x10, 0x3B, 0xE0, 
    0x2D, 0x10, 0x3B, 0x16, 0xBE, 0xD5, 0xC9, 0x95, 0x04, 0x02, 0xC0, 0x01, 
    0x00, 0x00, 0x16, 0xF3, 0xAC, 0x4A, 0x96, 0x07, 0x03, 0x1F, 0x89, 0xD2, 
    0xDE, 0x3A, 0x89, 0xD2, 0xDE, 0x3A, 0x16, 0xBE, 0xD5, 0xC9, 0x95, 0x04, 
    0x02, 0xC1, 0x01, 0x00, 0x00, 0x16, 0x24, 0x08, 0x0B, 0xF9, 0x07, 0x03, 
    0x1F, 0x00, 0x00, 0xC0, 0x3F, 0x00, 0x80, 0xC1, 0xC0, 0x3F, 0x16, 0xBE, 
    0xD5, 0xC9, 0x95, 0x04, 0x02, 0xC2, 0x01, 0x00, 0x00, 0x04, 0x02, 0xC4, 
    0x01, 0x80, 0x2D, 0x81, 0x00, 0x23, 0x16, 0xCB, 0x1C, 0xB8, 0xCD, 0x02, 
    0xC6, 0x01, 0x00, 0x00, 0x25, 0x16, 0x7B, 0x71, 0x66, 0xCF, 0x16, 0xF0, 
    0x1A, 0x02, 0xA1, 0x02, 0xC7, 0x01, 0x00, 0x00, 0x26, 0x02, 0xC8, 0x01, 
    0x00, 0x00, 0x16, 0x51, 0x32, 0x81, 0xD5, 0x02, 0xC9, 0x01, 0x00, 0x00, 
    0x28, 0x02, 0xCA, 0x01, 0x00, 0x00, 0x25, 0x16, 0x17, 0x67, 0xB5, 0x3B, 
    0x16, 0xBA, 0x46, 0xAA, 0xAF, 0x02, 0xCB, 0x01, 0x00, 0x00, 0x16, 0x5C, 
    0x8D, 0x2E, 0xF3, 0x16, 0xB0, 0x0B, 0x15, 0xC2, 0x80, 0x81, 0xCC, 0x88, 
    0xA5, 0x28, 0x02, 0xCD, 0x01, 0x00, 0x00, 0x24, 0x02, 0xCE, 0x01, 0x80, 
    0x19, 0x82, 0x00, 0x23, 0x16, 0x35, 0x3B, 0xF9, 0x68, 0x02, 0xD0, 0x01, 
    0x00, 0x00, 0x25, 0x16, 0x7B, 0x71, 0x66, 0xCF, 0x16, 0xF0, 0x1A, 0x02, 
    0xA1, 0x02, 0xD1, 0x01, 0x00, 0x00, 0x26, 0x02, 0xD2, 0x01, 0x00, 0x00, 
    0x16, 0x51, 0x32, 0x81, 0xD5, 0x02, 0xD3, 0x01, 0x00, 0x00, 0x28, 0x02, 
    0xD4, 0x01, 0x00, 0x00, 0x25, 0x16, 0x10, 0x8F, 0xEA, 0xBA, 0x16, 0x08, 
    0xD0, 0xE3, 0xC2, 0x07, 0x16, 0xEA, 0x0E, 0xAE, 0x48, 0x02, 0xD5, 0x01, 
    0x00, 0x00, 0x26, 0x02, 0xD6, 0x01, 0x00, 0x00, 0x16, 0x84, 0xD0, 0x8F, 
    0xE4, 0x16, 0xCA, 0xDB, 0xB3, 0x62, 0x02, 0xD7, 0x01, 0x00, 0x00, 0x16, 
    0x28, 0xC1, 0xD0, 0x07, 0x16, 0x30, 0x46, 0xE0, 0xD5, 0x80, 0x81, 0xD8, 
    0x88, 0xA5, 0x28, 0x02, 0xD9, 0x01, 0x00, 0x00, 0x24, 0x02, 0xDC, 0x01, 
    0x80, 0x05, 0x80, 0x00, 0x23, 0x16, 0xBA, 0x46, 0xAA, 0xAF, 0x02, 0xDF, 
    0x01, 0x00, 0x00, 0x16, 0x51, 0x32, 0x81, 0xD5, 0x02, 0xE0, 0x01, 0x00, 
    0x00, 0x16, 0x0A, 0x5F, 0x8A, 0xDF, 0x16, 0x31, 0xC1, 0x4F, 0x11, 0x07, 
    0x17, 0x88, 0x55, 0x81, 0x00, 0x16, 0xC6, 0x7F, 0x49, 0x9E, 0x07, 0x17, 
    0x00, 0x00, 0x00, 0x00, 0x02, 0xE1, 0x01, 0x00, 0x00, 0x16, 0x96, 0xBF, 
    0x8E, 0x94, 0x16, 0x04, 0x47, 0x9F, 0x43, 0x02, 0xE2, 0x01, 0x00, 0x00, 
    0x16, 0xCF, 0xEF, 0x1F, 0x90, 0x16, 0xEC, 0x8B, 0x72, 0xF8, 0x07, 0x16, 
    0xEF, 0x16, 0x2B, 0x53, 0x16, 0x90, 0xD8, 0xD2, 0xA6, 0x07, 0x16, 0x27, 
    0x2A, 0xFF, 0x57, 0x02, 0xE3, 0x01, 0x00, 0x00, 0x16, 0xCF, 0xEF, 0x1F, 
    0x90, 0x16, 0xEC, 0x8B, 0x72, 0xF8, 0x07, 0x16, 0x83, 0x9C, 0xE1, 0x5D, 
    0x16, 0x90, 0xD8, 0xD2, 0xA6, 0x07, 0x80, 0x2D, 0x80, 0xEF, 0x09, 0x04, 
    0x88, 0x16, 0x0C, 0xF1, 0x31, 0x70, 0x07, 0x03, 0x16, 0x97, 0x18, 0x98, 
    0x85, 0x04, 0x02, 0xE4, 0x01, 0x00, 0x00, 0x16, 0xCF, 0xEF, 0x1F, 0x90, 
    0x16, 0xEC, 0x8B, 0x72, 0xF8, 0x07, 0x16, 0x12, 0x27, 0x37, 0x51, 0x16, 
    0x90, 0xD8, 0xD2, 0xA6, 0x07, 0x80, 0x3D, 0x80, 0xEF, 0x09, 0x04, 0x88, 
    0x16, 0x0C, 0xF1, 0x31, 0x70, 0x07, 0x03, 0x16, 0xEB, 0x8A, 0x35, 0x4B, 
    0x04, 0x02, 0xE5, 0x01, 0x00, 0x00, 0x16, 0x25, 0x8F, 0xD5, 0x09, 0x02, 
    0xE6, 0x01, 0x00, 0x00, 0x25, 0x16, 0x7B, 0x71, 0x66, 0xCF, 0x16, 0x03, 
    0xA4, 0xA3, 0x65, 0x02, 0xE7, 0x01, 0x00, 0x00, 0x80, 0x8D, 0x91, 0x72, 
    0x1E, 0x0B, 0x80, 0x8D, 0xA4, 0x9B, 0x54, 0x98, 0x80, 0x01, 0x81, 0x2D, 
    0x16, 0x03, 0xA4, 0xA3, 0x65, 0x16, 0xED, 0x24, 0x0D, 0x8F, 0x07, 0x1A, 
    0xCD, 0xCC, 0xCC, 0x3D, 0x16, 0x15, 0xD5, 0xCF, 0xF8, 0x02, 0xE8, 0x01, 
    0x00, 0x00, 0x26, 0x02, 0xE9, 0x01, 0x00, 0x00, 0x25, 0x16, 0x7B, 0x71, 
    0x66, 0xCF, 0x16, 0xB7, 0x7D, 0x3F, 0x0E, 0x02, 0xEA, 0x01, 0x00, 0x00, 
    0x25, 0x16, 0x7B, 0x71, 0x66, 0xCF, 0x16, 0x9A, 0xA3, 0x48, 0x9E, 0x02, 
    0xEB, 0x01, 0x00, 0x00, 0x80, 0x8D, 0x91, 0x72, 0x1E, 0x0B, 0x80, 0x15, 
    0x80, 0xA4, 0x9B, 0x54, 0x98, 0x07, 0x2D, 0x16, 0xB7, 0x7D, 0x3F, 0x0E, 
    0x16, 0x15, 0xD5, 0xCF, 0xF8, 0x16, 0xED, 0x24, 0x0D, 0x8F, 0x07, 0x1A, 
    0xCD, 0xCC, 0xCC, 0x3D, 0x02, 0xEC, 0x01, 0x00, 0x00, 0x26, 0x02, 0xED, 
    0x01, 0x00, 0x00, 0x80, 0x8D, 0x91, 0x72, 0x1E, 0x0B, 0x80, 0x8D, 0xA4, 
    0x9B, 0x54, 0x98, 0x80, 0xC1, 0x2D, 0x16, 0xB7, 0x7D, 0x3F, 0x0E, 0x16, 
    0xED, 0x24, 0x0D, 0x8F, 0x07, 0x1A, 0xCD, 0xCC, 0xCC, 0x3D, 0x80, 0x81, 
    0xEE, 0x88, 0xAD, 0x28, 0x02, 0xEF, 0x01, 0x00, 0x00, 0x26, 0x02, 0xF0, 
    0x01, 0x00, 0x00, 0x80, 0x8D, 0x91, 0x72, 0x1E, 0x0B, 0x80, 0x8D, 0xA4, 
    0x9B, 0x54, 0x98, 0x80, 0xD5, 0x2D, 0x16, 0x64, 0x0F, 0xB6, 0xEB, 0x16, 
    0xED, 0x24, 0x0D, 0x8F, 0x07, 0x1A, 0xCD, 0xCC, 0xCC, 0x3D, 0x16, 0x15, 
    0xD5, 0xCF, 0xF8, 0x80, 0x81, 0xF1, 0x88, 0x71, 0x81, 0x28, 0x02, 0xF2, 
    0x01, 0x00, 0x00, 0x28, 0x02, 0xF3, 0x01, 0x00, 0x00, 0x25, 0x16, 0x7B, 
    0x71, 0x66, 0xCF, 0x16, 0x44, 0xA6, 0xF3, 0xE0, 0x02, 0xF4, 0x01, 0x00, 
    0x00, 0x16, 0xEC, 0x6A, 0xC8, 0x68, 0x17, 0x00, 0x00, 0x00, 0x00, 0x02, 
    0xF5, 0x01, 0x00, 0x00, 0x16, 0x69, 0x3F, 0xE9, 0x63, 0x02, 0xF6, 0x01, 
    0x00, 0x00, 0x28, 0x02, 0xF7, 0x01, 0x00, 0x00, 0x25, 0x16, 0x7B, 0x71, 
    0x66, 0xCF, 0x16, 0x20, 0x1B, 0xA1, 0xEB, 0x02, 0xF8, 0x01, 0x00, 0x00, 
    0x16, 0x0E, 0xC6, 0xE8, 0x2D, 0x1B, 0x1B, 0x00, 0x00, 0x00, 0x66, 0x6C, 
    0x69, 0x70, 0x70, 0x69, 0x6E, 0x67, 0x94, 0x15, 0x82, 0x2E, 0x2E, 0x2E, 
    0x2E, 0x2E, 0x2E, 0x2E, 0x2E, 0x2E, 0x2E, 0x2E, 0x2E, 0x00, 0x02, 0xF9, 
    0x01, 0x00, 0x00, 0x16, 0x20, 0x1B, 0xA1, 0xEB, 0x02, 0xFA, 0x01, 0x00, 
    0x00, 0x28, 0x02, 0xFB, 0x01, 0x00, 0x00, 0x16, 0xF3, 0xA7, 0x3E, 0x60, 
    0x02, 0xFC, 0x01, 0x00, 0x00, 0x16, 0x7F, 0xA3, 0x9F, 0xAD, 0x16, 0xF7, 
    0x89, 0x3C, 0xCF, 0x02, 0xFD, 0x01, 0x00, 0x00, 0x24, 0x02, 0xFE, 0x01, 
    0x00, 0x00, 0x23, 0x16, 0xF8, 0x5B, 0x22, 0x9F, 0x16, 0xF9, 0x81, 0xDC, 
    0xA1, 0x07, 0x1C, 0x09, 0x00, 0x00, 0x00, 0x42, 0x53, 0x20, 0x35, 0x30, 
    0x2D, 0x35, 0x30, 0x00, 0x02, 0x0B, 0x02, 0x00, 0x00, 0x16, 0x6F, 0xD8, 
    0x5E, 0x25, 0x03, 0x80, 0x8D, 0xF9, 0x81, 0xDC, 0xA1, 0x80, 0x31, 0x80, 
    0x2D, 0x16, 0xF9, 0x81, 0xDC, 0xA1, 0x16, 0xAE, 0xC8, 0x66, 0xCD, 0x07, 
    0x17, 0x64, 0x00, 0x00, 0x00, 0x16, 0x64, 0x0F, 0xB6, 0xEB, 0x07, 0x16, 
    0xBB, 0x8D, 0x71, 0x6E, 0x16, 0xA4, 0x9B, 0x54, 0x98, 0x07, 0x16, 0xA6, 
    0xFD, 0x14, 0xB9, 0x16, 0xD6, 0xA8, 0x21, 0x73, 0x07, 0x80, 0xB5, 0x6F, 
    0xD8, 0x5E, 0x25, 0x16, 0x83, 0x2C, 0x07, 0x2D, 0x07, 0x2D, 0x16, 0x83, 
    0x2C, 0x80, 0xD9, 0x2D, 0x02, 0x0C, 0x02, 0x00, 0x00, 0x16, 0x42, 0x44, 
    0xE2, 0xA7, 0x07, 0x16, 0xC2, 0x23, 0x2B, 0xE6, 0x16, 0x02, 0x51, 0x85, 
    0x6E, 0x07, 0x80, 0x01, 0x81, 0x42, 0x25, 0xA4, 0x24, 0x16, 0xA0, 0xAC, 
    0x16, 0x7A, 0x07, 0x2D, 0x16, 0xA0, 0xAC, 0x16, 0x7A, 0x04, 0x02, 0x0D, 
    0x02, 0x00, 0x00, 0x24, 0x02, 0x0E, 0x02, 0x00, 0x00, 0x23, 0x16, 0xFC, 
    0x9E, 0x4E, 0xFB, 0x16, 0xF9, 0x81, 0xDC, 0xA1, 0x07, 0x1C, 0x09, 0x00, 
    0x00, 0x00, 0x46, 0x53, 0x20, 0x35, 0x30, 0x2D, 0x35, 0x30, 0x00, 0x02, 
    0x10, 0x02, 0x00, 0x00, 0x16, 0x6F, 0xD8, 0x5E, 0x25, 0x03, 0x80, 0x8D, 
    0xF9, 0x81, 0xDC, 0xA1, 0x80, 0x31, 0x80, 0x2D, 0x16, 0xF9, 0x81, 0xDC, 
    0xA1, 0x16, 0xAE, 0xC8, 0x66, 0xCD, 0x07, 0x17, 0x64, 0x00, 0x00, 0x00, 
    0x16, 0x64, 0x0F, 0xB6, 0xEB, 0x07, 0x16, 0xBB, 0x8D, 0x71, 0x6E, 0x16, 
    0xA4, 0x9B, 0x54, 0x98, 0x07, 0x16, 0xA6, 0xFD, 0x14, 0xB9, 0x16, 0xD6, 
    0xA8, 0x21, 0x73, 0x07, 0x80, 0xB5, 0x6F, 0xD8, 0x5E, 0x25, 0x16, 0x83, 
    0x2C, 0x07, 0x2D, 0x07, 0x2D, 0x16, 0x83, 0x2C, 0x80, 0xD9, 0x2D, 0x02, 
    0x11, 0x02, 0x00, 0x00, 0x16, 0x42, 0x44, 0xE2, 0xA7, 0x07, 0x16, 0xC2, 
    0x23, 0x2B, 0xE6, 0x16, 0x02, 0x51, 0x85, 0x6E, 0x07, 0x80, 0xE5, 0x46, 
    0xE0, 0xC8, 0x40, 0x16, 0xA0, 0xAC, 0x16, 0x7A, 0x07, 0x2D, 0x16, 0xA0, 
    0xAC, 0x16, 0x7A, 0x04, 0x02, 0x12, 0x02, 0x00, 0x00, 0x24, 0x02, 0x13, 
    0x02, 0x80, 0x99, 0x00, 0x23, 0x16, 0xE8, 0x2B, 0xB8, 0x63, 0x80, 0xA1, 
    0x15, 0x02, 0x00, 0x00, 0x16, 0x65, 0x0C, 0xDE, 0xD9, 0x80, 0xC9, 0x16, 
    0x02, 0x00, 0x00, 0x16, 0x69, 0x3F, 0xE9, 0x63, 0x02, 0x17, 0x02, 0x00, 
    0x00, 0x16, 0x7F, 0xA3, 0x9F, 0xAD, 0x80, 0xFD, 0xF8, 0x5B, 0x22, 0x9F, 
    0x16, 0x0C, 0xF1, 0x31, 0x70, 0x07, 0x03, 0x16, 0x83, 0x2C, 0x07, 0x2D, 
    0x07, 0x16, 0x56, 0xCA, 0x18, 0x8A, 0x04, 0x02, 0x18, 0x02, 0x00, 0x00, 
    0x24, 0x02, 0x19, 0x02, 0x80, 0x99, 0x00, 0x23, 0x16, 0xFE, 0x69, 0x29, 
    0xF8, 0x80, 0xA1, 0x1B, 0x02, 0x00, 0x00, 0x16, 0x65, 0x0C, 0xDE, 0xD9, 
    0x80, 0xC9, 0x1C, 0x02, 0x00, 0x00, 0x16, 0x69, 0x3F, 0xE9, 0x63, 0x02, 
    0x1D, 0x02, 0x00, 0x00, 0x16, 0x7F, 0xA3, 0x9F, 0xAD, 0x80, 0x01, 0x81, 
    0xFC, 0x9E, 0x4E, 0xFB, 0x16, 0x0C, 0xF1, 0x31, 0x70, 0x07, 0x03, 0x16, 
    0x83, 0x2C, 0x07, 0x2D, 0x07, 0x16, 0x56, 0xCA, 0x18, 0x8A, 0x04, 0x02, 
    0x1E, 0x02, 0x00, 0x00, 0x24, 0x02, 0x1F, 0x02, 0x00, 0x00, 0x23, 0x16, 
    0x20, 0xFE, 0x51, 0x7D, 0x16, 0xF9, 0x81, 0xDC, 0xA1, 0x07, 0x1C, 0x0E, 
    0x00, 0x00, 0x00, 0x46, 0x53, 0x20, 0x42, 0x6F, 0x61, 0x72, 0x64, 0x73, 
    0x6C, 0x69, 0x64, 0x65, 0x00, 0x80, 0xCD, 0x22, 0x02, 0x00, 0x00, 0x16, 
    0xF3, 0xAD, 0x76, 0xC8, 0x02, 0x23, 0x02, 0x00, 0x00, 0x16, 0x6F, 0xD8, 
    0x5E, 0x25, 0x03, 0x80, 0x8D, 0xF9, 0x81, 0xDC, 0xA1, 0x80, 0xB5, 0x2D, 
    0x16, 0xF9, 0x81, 0xDC, 0xA1, 0x16, 0xAE, 0xC8, 0x66, 0xCD, 0x07, 0x17, 
    0xC8, 0x84, 0x61, 0x81, 0x00, 0x16, 0x60, 0x97, 0x73, 0x64, 0x07, 0x17, 
    0x0E, 0x00, 0x00, 0x00, 0x16, 0x64, 0x0F, 0xB6, 0xEB, 0x07, 0x16, 0x1D, 
    0x78, 0x8C, 0x62, 0x16, 0xA4, 0x9B, 0x54, 0x98, 0x07, 0x16, 0x6B, 0x32, 
    0x8D, 0x77, 0x16, 0xB7, 0x7D, 0x3F, 0x0E, 0x07, 0x16, 0x70, 0x96, 0x06, 
    0xA0, 0x16, 0xD6, 0xA8, 0x21, 0x73, 0x07, 0x16, 0x9D, 0x11, 0x10, 0x8D, 
    0x16, 0x83, 0x2C, 0x07, 0x2D, 0x07, 0x16, 0x56, 0xCA, 0x18, 0x8A, 0x02, 
    0x24, 0x02, 0x00, 0x00, 0x16, 0x42, 0x44, 0xE2, 0xA7, 0x07, 0x16, 0x7C, 
    0x27, 0xD5, 0x5C, 0x16, 0x02, 0x51, 0x85, 0x6E, 0x07, 0x80, 0x15, 0x81, 
    0x8F, 0x9C, 0xF8, 0x69, 0x16, 0xA0, 0xAC, 0x16, 0x7A, 0x07, 0x2D, 0x16, 
    0xA0, 0xAC, 0x16, 0x7A, 0x04, 0x02, 0x25, 0x02, 0x00, 0x00, 0x24, 0x02, 
    0x26, 0x02, 0x00, 0x00, 0x23, 0x16, 0x24, 0x3B, 0x3D, 0x19, 0x16, 0xF9, 
    0x81, 0xDC, 0xA1, 0x07, 0x1C, 0x0E, 0x00, 0x00, 0x00, 0x42, 0x53, 0x20, 
    0x42, 0x6F, 0x61, 0x72, 0x64, 0x73, 0x6C, 0x69, 0x64, 0x65, 0x00, 0x02, 
    0x28, 0x02, 0x00, 0x00, 0x16, 0x6F, 0xD8, 0x5E, 0x25, 0x03, 0x80, 0x8D, 
    0xF9, 0x81, 0xDC, 0xA1, 0x80, 0xB5, 0x2D, 0x16, 0xF9, 0x81, 0xDC, 0xA1, 
    0x16, 0xAE, 0xC8, 0x66, 0xCD, 0x07, 0x17, 0xC8, 0x84, 0x61, 0x81, 0x00, 
    0x16, 0x60, 0x97, 0x73, 0x64, 0x07, 0x17, 0x0E, 0x00, 0x00, 0x00, 0x16, 
    0x64, 0x0F, 0xB6, 0xEB, 0x07, 0x16, 0x62, 0x43, 0x8A, 0x61, 0x16, 0xA4, 
    0x9B, 0x54, 0x98, 0x07, 0x16, 0x6D, 0xE5, 0x25, 0x7C, 0x16, 0xB7, 0x7D, 
    0x3F, 0x0E, 0x07, 0x16, 0xF7, 0xDA, 0x37, 0x74, 0x16, 0xD6, 0xA8, 0x21, 
    0x73, 0x07, 0x16, 0x9D, 0x11, 0x10, 0x8D, 0x16, 0x83, 0x2C, 0x07, 0x2D, 
    0x07, 0x16, 0x56, 0xCA, 0x18, 0x8A, 0x02, 0x29, 0x02, 0x00, 0x00, 0x16, 
    0x42, 0x44, 0xE2, 0xA7, 0x07, 0x16, 0x7C, 0x27, 0xD5, 0x5C, 0x16, 0x02, 
    0x51, 0x85, 0x6E, 0x07, 0x80, 0x2D, 0x80, 0x83, 0xCD, 0x14, 0x34, 0x16, 
    0xA0, 0xAC, 0x16, 0x7A, 0x07, 0x2D, 0x16, 0xA0, 0xAC, 0x16, 0x7A, 0x04, 
    0x02, 0x2A, 0x02, 0x00, 0x00, 0x24, 0x02, 0x2B, 0x02, 0x00, 0x00, 0x23, 
    0x16, 0x0C, 0x7C, 0xE3, 0x21, 0x16, 0xF9, 0x81, 0xDC, 0xA1, 0x07, 0x1C, 
    0x0C, 0x00, 0x00, 0x80, 0xD9, 0x46, 0x53, 0x20, 0x4C, 0x69, 0x70, 0x73, 
    0x6C, 0x69, 0x64, 0x65, 0x00, 0x02, 0x2D, 0x02, 0x00, 0x00, 0x16, 0x6F, 
    0xD8, 0x5E, 0x25, 0x03, 0x80, 0x8D, 0xF9, 0x81, 0xDC, 0xA1, 0x80, 0xB5, 
    0x2D, 0x16, 0xF9, 0x81, 0xDC, 0xA1, 0x16, 0xAE, 0xC8, 0x66, 0xCD, 0x07, 
    0x17, 0xC8, 0x84, 0x61, 0x81, 0x00, 0x16, 0x60, 0x97, 0x73, 0x64, 0x07, 
    0x17, 0x0E, 0x00, 0x00, 0x00, 0x16, 0x64, 0x0F, 0xB6, 0xEB, 0x07, 0x16, 
    0xB9, 0x14, 0x18, 0x2D, 0x16, 0xA4, 0x9B, 0x54, 0x98, 0x07, 0x16, 0x6D, 
    0xE5, 0x25, 0x7C, 0x16, 0xB7, 0x7D, 0x3F, 0x0E, 0x07, 0x16, 0xF7, 0xDA, 
    0x37, 0x74, 0x16, 0xD6, 0xA8, 0x21, 0x73, 0x07, 0x16, 0x9D, 0x11, 0x10, 
    0x8D, 0x16, 0x83, 0x2C, 0x07, 0x2D, 0x07, 0x16, 0x56, 0xCA, 0x18, 0x8A, 
    0x02, 0x2E, 0x02, 0x00, 0x00, 0x16, 0x42, 0x44, 0xE2, 0xA7, 0x07, 0x16, 
    0x7C, 0x27, 0xD5, 0x5C, 0x16, 0x02, 0x51, 0x85, 0x6E, 0x07, 0x80, 0x2D, 
    0x80, 0x8F, 0x9C, 0xF8, 0x69, 0x16, 0xA0, 0xAC, 0x16, 0x7A, 0x07, 0x2D, 
    0x16, 0xA0, 0xAC, 0x16, 0x7A, 0x04, 0x02, 0x2F, 0x02, 0x00, 0x00, 0x24, 
    0x02, 0x30, 0x02, 0x00, 0x00, 0x23, 0x16, 0x08, 0xB9, 0x8F, 0x45, 0x16, 
    0xF9, 0x81, 0xDC, 0xA1, 0x07, 0x1C, 0x0C, 0x00, 0x00, 0x80, 0xAD, 0x42, 
    0x53, 0x20, 0x4C, 0x69, 0x70, 0x73, 0x6C, 0x69, 0x64, 0x65, 0x00, 0x80, 
    0xCD, 0x32, 0x02, 0x00, 0x00, 0x16, 0xF3, 0xAD, 0x76, 0xC8, 0x02, 0x33, 
    0x02, 0x00, 0x00, 0x16, 0x6F, 0xD8, 0x5E, 0x25, 0x03, 0x80, 0x8D, 0xF9, 
    0x81, 0xDC, 0xA1, 0x80, 0xB5, 0x2D, 0x16, 0xF9, 0x81, 0xDC, 0xA1, 0x16, 
    0xAE, 0xC8, 0x66, 0xCD, 0x07, 0x17, 0xC8, 0x84, 0x61, 0x81, 0x00, 0x16, 
    0x60, 0x97, 0x73, 0x64, 0x07, 0x17, 0x0E, 0x00, 0x00, 0x00, 0x16, 0x64, 
    0x0F, 0xB6, 0xEB, 0x07, 0x16, 0xC3, 0xB4, 0xF3, 0x24, 0x16, 0xA4, 0x9B, 
    0x54, 0x98, 0x07, 0x16, 0x6B, 0x32, 0x8D, 0x77, 0x16, 0xB7, 0x7D, 0x3F, 
    0x0E, 0x07, 0x16, 0x70, 0x96, 0x06, 0xA0, 0x16, 0xD6, 0xA8, 0x21, 0x73, 
    0x07, 0x16, 0x9D, 0x11, 0x10, 0x8D, 0x16, 0x83, 0x2C, 0x07, 0x2D, 0x07, 
    0x16, 0x56, 0xCA, 0x18, 0x8A, 0x02, 0x34, 0x02, 0x00, 0x00, 0x16, 0x42, 
    0x44, 0xE2, 0xA7, 0x07, 0x16, 0x7C, 0x27, 0xD5, 0x5C, 0x16, 0x02, 0x51, 
    0x85, 0x6E, 0x07, 0x80, 0xE5, 0x83, 0xCD, 0x14, 0x34, 0x16, 0xA0, 0xAC, 
    0x16, 0x7A, 0x07, 0x2D, 0x16, 0xA0, 0xAC, 0x16, 0x7A, 0x04, 0x02, 0x35, 
    0x02, 0x00, 0x00, 0x24, 0x02, 0x36, 0x02, 0x80, 0xA5, 0x00, 0x23, 0x16, 
    0x94, 0xC4, 0x4A, 0x2D, 0x02, 0x39, 0x02, 0x80, 0xC1, 0x00, 0x25, 0x16, 
    0x7B, 0x1B, 0x37, 0xBE, 0x02, 0x3A, 0x02, 0x00, 0x00, 0x16, 0x7F, 0xA3, 
    0x9F, 0xAD, 0x80, 0x1D, 0x80, 0x84, 0xE7, 0xE7, 0x92, 0x16, 0x0C, 0xF1, 
    0x31, 0x70, 0x07, 0x03, 0x16, 0xA0, 0xAC, 0x16, 0x7A, 0x07, 0x2D, 0x16, 
    0xA0, 0xAC, 0x16, 0x7A, 0x04, 0x02, 0x3B, 0x02, 0x00, 0x00, 0x26, 0x02, 
    0x3C, 0x02, 0x00, 0x00, 0x16, 0x7F, 0xA3, 0x9F, 0xAD, 0x80, 0xDD, 0xF0, 
    0x0C, 0x60, 0x9C, 0x16, 0x0C, 0xF1, 0x31, 0x70, 0x07, 0x03, 0x16, 0xA0, 
    0xAC, 0x16, 0x7A, 0x07, 0x2D, 0x16, 0xA0, 0xAC, 0x16, 0x7A, 0x04, 0x80, 
    0x81, 0x3D, 0x88, 0x51, 0x80, 0x28, 0x02, 0x3E, 0x02, 0x00, 0x00, 0x24, 
    0x02, 0x3F, 0x02, 0x00, 0x00, 0x23, 0x16, 0xF0, 0x0C, 0x60, 0x9C, 0x16, 
    0xF9, 0x81, 0xDC, 0xA1, 0x07, 0x1C, 0x0D, 0x00, 0x00, 0x00, 0x46, 0x53, 
    0x20, 0x54, 0x61, 0x69, 0x6C, 0x73, 0x6C, 0x69, 0x64, 0x65, 0x00, 0x02, 
    0x41, 0x02, 0x00, 0x00, 0x16, 0x6F, 0xD8, 0x5E, 0x25, 0x03, 0x80, 0x8D, 
    0xF9, 0x81, 0xDC, 0xA1, 0x80, 0xB5, 0x2D, 0x16, 0xF9, 0x81, 0xDC, 0xA1, 
    0x16, 0xAE, 0xC8, 0x66, 0xCD, 0x07, 0x17, 0x96, 0x84, 0x99, 0x00, 0x16, 
    0x60, 0x97, 0x73, 0x64, 0x07, 0x80, 0x29, 0x80, 0x0B, 0x00, 0x00, 0x00, 
    0x16, 0x64, 0x0F, 0xB6, 0xEB, 0x07, 0x16, 0x17, 0x46, 0xDE, 0x8F, 0x16, 
    0xA4, 0x9B, 0x54, 0x98, 0x07, 0x16, 0x86, 0xF4, 0x2A, 0x54, 0x16, 0xB7, 
    0x7D, 0x3F, 0x0E, 0x07, 0x16, 0x7D, 0xDC, 0x28, 0xB0, 0x16, 0xD6, 0xA8, 
    0x21, 0x73, 0x07, 0x80, 0xB5, 0x9D, 0x11, 0x10, 0x8D, 0x16, 0x83, 0x2C, 
    0x07, 0x2D, 0x07, 0x2D, 0x16, 0x83, 0x2C, 0x80, 0xD9, 0x2D, 0x02, 0x42, 
    0x02, 0x00, 0x00, 0x16, 0x42, 0x44, 0xE2, 0xA7, 0x07, 0x16, 0xC2, 0x23, 
    0x2B, 0xE6, 0x16, 0x02, 0x51, 0x85, 0x6E, 0x07, 0x80, 0xE5, 0x8B, 0xB9, 
    0xC4, 0x30, 0x16, 0xA0, 0xAC, 0x16, 0x7A, 0x07, 0x2D, 0x16, 0xA0, 0xAC, 
    0x16, 0x7A, 0x04, 0x02, 0x43, 0x02, 0x00, 0x00, 0x24, 0x02, 0x44, 0x02, 
    0x80, 0xA5, 0x00, 0x23, 0x16, 0x90, 0x01, 0x26, 0x49, 0x02, 0x46, 0x02, 
    0x80, 0xC1, 0x00, 0x25, 0x16, 0x7B, 0x1B, 0x37, 0xBE, 0x02, 0x47, 0x02, 
    0x00, 0x00, 0x16, 0x7F, 0xA3, 0x9F, 0xAD, 0x80, 0x1D, 0x80, 0x44, 0x41, 
    0x67, 0x67, 0x16, 0x0C, 0xF1, 0x31, 0x70, 0x07, 0x03, 0x16, 0xA0, 0xAC, 
    0x16, 0x7A, 0x07, 0x2D, 0x16, 0xA0, 0xAC, 0x16, 0x7A, 0x04, 0x02, 0x48, 
    0x02, 0x00, 0x00, 0x26, 0x02, 0x49, 0x02, 0x00, 0x00, 0x16, 0x7F, 0xA3, 
    0x9F, 0xAD, 0x80, 0xDD, 0x30, 0xAA, 0xE0, 0x69, 0x16, 0x0C, 0xF1, 0x31, 
    0x70, 0x07, 0x03, 0x16, 0xA0, 0xAC, 0x16, 0x7A, 0x07, 0x2D, 0x16, 0xA0, 
    0xAC, 0x16, 0x7A, 0x04, 0x80, 0x81, 0x4A, 0x88, 0x51, 0x80, 0x28, 0x02, 
    0x4B, 0x02, 0x00, 0x00, 0x24, 0x02, 0x4C, 0x02, 0x00, 0x00, 0x23, 0x16, 
    0x30, 0xAA, 0xE0, 0x69, 0x16, 0xF9, 0x81, 0xDC, 0xA1, 0x07, 0x1C, 0x0D, 
    0x00, 0x00, 0x00, 0x42, 0x53, 0x20, 0x54, 0x61, 0x69, 0x6C, 0x73, 0x6C, 
    0x69, 0x64, 0x65, 0x00, 0x02, 0x4E, 0x02, 0x00, 0x00, 0x16, 0x6F, 0xD8, 
    0x5E, 0x25, 0x03, 0x80, 0x8D, 0xF9, 0x81, 0xDC, 0xA1, 0x80, 0xB5, 0x2D, 
    0x16, 0xF9, 0x81, 0xDC, 0xA1, 0x16, 0xAE, 0xC8, 0x66, 0xCD, 0x07, 0x17, 
    0x96, 0x84, 0x49, 0x80, 0x00, 0x16, 0x60, 0x97, 0x73, 0x64, 0x07, 0x17, 
    0x0B, 0x00, 0x00, 0x00, 0x16, 0x64, 0x0F, 0xB6, 0xEB, 0x07, 0x16, 0x06, 
    0x67, 0x1E, 0x2F, 0x16, 0xA4, 0x9B, 0x54, 0x98, 0x07, 0x16, 0x31, 0xE1, 
    0x69, 0x68, 0x16, 0xB7, 0x7D, 0x3F, 0x0E, 0x07, 0x16, 0x1E, 0xB9, 0x54, 
    0x3A, 0x16, 0xD6, 0xA8, 0x21, 0x73, 0x07, 0x80, 0xB5, 0x9D, 0x11, 0x10, 
    0x8D, 0x16, 0x83, 0x2C, 0x07, 0x2D, 0x07, 0x2D, 0x16, 0x83, 0x2C, 0x80, 
    0xD9, 0x2D, 0x02, 0x4F, 0x02, 0x00, 0x00, 0x16, 0x42, 0x44, 0xE2, 0xA7, 
    0x07, 0x16, 0x08, 0x1A, 0x0C, 0x26, 0x16, 0x02, 0x51, 0x85, 0x6E, 0x07, 
    0x80, 0xE5, 0x8F, 0x7C, 0xA8, 0x54, 0x16, 0xA0, 0xAC, 0x16, 0x7A, 0x07, 
    0x2D, 0x16, 0xA0, 0xAC, 0x16, 0x7A, 0x04, 0x02, 0x50, 0x02, 0x00, 0x00, 
    0x24, 0x02, 0x51, 0x02, 0x80, 0x99, 0x00, 0x23, 0x16, 0x91, 0xAF, 0x4C, 
    0x6C, 0x80, 0xA1, 0x53, 0x02, 0x00, 0x00, 0x16, 0x65, 0x0C, 0xDE, 0xD9, 
    0x80, 0xC9, 0x54, 0x02, 0x00, 0x00, 0x16, 0x69, 0x3F, 0xE9, 0x63, 0x02, 
    0x55, 0x02, 0x00, 0x00, 0x16, 0x7F, 0xA3, 0x9F, 0xAD, 0x80, 0xFD, 0x90, 
    0x01, 0x26, 0x49, 0x16, 0x0C, 0xF1, 0x31, 0x70, 0x07, 0x03, 0x16, 0x83, 
    0x2C, 0x07, 0x2D, 0x07, 0x16, 0x56, 0xCA, 0x18, 0x8A, 0x04, 0x02, 0x56, 
    0x02, 0x00, 0x00, 0x24, 0x02, 0x57, 0x02, 0x80, 0x99, 0x00, 0x23, 0x16, 
    0x87, 0xED, 0xDD, 0xF7, 0x80, 0xA1, 0x59, 0x02, 0x00, 0x00, 0x16, 0x65, 
    0x0C, 0xDE, 0xD9, 0x80, 0xC9, 0x5A, 0x02, 0x00, 0x00, 0x16, 0x69, 0x3F, 
    0xE9, 0x63, 0x02, 0x5B, 0x02, 0x00, 0x00, 0x16, 0x7F, 0xA3, 0x9F, 0xAD, 
    0x80, 0x89, 0x94, 0xC4, 0x4A, 0x80, 0xED, 0x16, 0x0C, 0xF1, 0x31, 0x70, 
    0x07, 0x03, 0x16, 0x83, 0x2C, 0x07, 0x2D, 0x07, 0x16, 0x56, 0xCA, 0x18, 
    0x8A, 0x04, 0x02, 0x5C, 0x02, 0x00, 0x00, 0x24, 0x02, 0x5D, 0x02, 0x80, 
    0xA5, 0x00, 0x23, 0x16, 0x75, 0x4D, 0x3C, 0x05, 0x02, 0x5F, 0x02, 0x80, 
    0xC1, 0x00, 0x25, 0x16, 0x7B, 0x1B, 0x37, 0xBE, 0x02, 0x60, 0x02, 0x00, 
    0x00, 0x16, 0x7F, 0xA3, 0x9F, 0xAD, 0x80, 0x1D, 0x80, 0x30, 0xAA, 0xE0, 
    0x69, 0x16, 0x0C, 0xF1, 0x31, 0x70, 0x07, 0x03, 0x16, 0xA0, 0xAC, 0x16, 
    0x7A, 0x07, 0x2D, 0x16, 0xA0, 0xAC, 0x16, 0x7A, 0x04, 0x02, 0x61, 0x02, 
    0x00, 0x00, 0x26, 0x02, 0x62, 0x02, 0x00, 0x00, 0x16, 0x7F, 0xA3, 0x9F, 
    0xAD, 0x80, 0xDD, 0x44, 0x41, 0x67, 0x67, 0x16, 0x0C, 0xF1, 0x31, 0x70, 
    0x07, 0x03, 0x16, 0xA0, 0xAC, 0x16, 0x7A, 0x07, 0x2D, 0x16, 0xA0, 0xAC, 
    0x16, 0x7A, 0x04, 0x80, 0x81, 0x63, 0x88, 0x51, 0x80, 0x28, 0x02, 0x64, 
    0x02, 0x00, 0x00, 0x24, 0x02, 0x65, 0x02, 0x00, 0x00, 0x23, 0x16, 0x44, 
    0x41, 0x67, 0x67, 0x16, 0xF9, 0x81, 0xDC, 0xA1, 0x07, 0x1C, 0x0D, 0x00, 
    0x00, 0x00, 0x46, 0x53, 0x20, 0x4E, 0x6F, 0x73, 0x65, 0x73, 0x6C, 0x69, 
    0x64, 0x65, 0x00, 0x02, 0x67, 0x02, 0x00, 0x00, 0x16, 0x6F, 0xD8, 0x5E, 
    0x25, 0x03, 0x80, 0x8D, 0xF9, 0x81, 0xDC, 0xA1, 0x80, 0xB5, 0x2D, 0x16, 
    0xF9, 0x81, 0xDC, 0xA1, 0x16, 0xAE, 0xC8, 0x66, 0xCD, 0x07, 0x17, 0x96, 
    0x84, 0x75, 0x80, 0x00, 0x16, 0x60, 0x97, 0x73, 0x64, 0x07, 0x17, 0x0B, 
    0x00, 0x00, 0x00, 0x16, 0x64, 0x0F, 0xB6, 0xEB, 0x07, 0x16, 0x82, 0x0E, 
    0x1B, 0x47, 0x16, 0xA4, 0x9B, 0x54, 0x98, 0x07, 0x16, 0x32, 0xB9, 0x2D, 
    0xAF, 0x16, 0xD6, 0xA8, 0x21, 0x73, 0x07, 0x16, 0x9D, 0x11, 0x10, 0x8D, 
    0x16, 0x2C, 0xEF, 0x7B, 0xDE, 0x07, 0x16, 0x56, 0xCA, 0x18, 0x8A, 0x16, 
    0xB7, 0x7D, 0x3F, 0x0E, 0x07, 0x80, 0xB5, 0x1A, 0x78, 0x0D, 0x67, 0x16, 
    0x83, 0x2C, 0x07, 0x2D, 0x07, 0x2D, 0x16, 0x83, 0x2C, 0x80, 0xD9, 0x2D, 
    0x02, 0x68, 0x02, 0x00, 0x00, 0x16, 0x42, 0x44, 0xE2, 0xA7, 0x07, 0x16, 
    0x08, 0x1A, 0x0C, 0x26, 0x16, 0x02, 0x51, 0x85, 0x6E, 0x07, 0x80, 0xE5, 
    0xEC, 0x1D, 0xE1, 0xE7, 0x16, 0xA0, 0xAC, 0x16, 0x7A, 0x07, 0x2D, 0x16, 
    0xA0, 0xAC, 0x16, 0x7A, 0x04, 0x02, 0x69, 0x02, 0x00, 0x00, 0x24, 0x02, 
    0x6A, 0x02, 0x80, 0xA5, 0x00, 0x23, 0x16, 0x71, 0x88, 0x50, 0x61, 0x02, 
    0x6C, 0x02, 0x80, 0xC1, 0x00, 0x25, 0x16, 0x7B, 0x1B, 0x37, 0xBE, 0x02, 
    0x6D, 0x02, 0x00, 0x00, 0x16, 0x7F, 0xA3, 0x9F, 0xAD, 0x80, 0x1D, 0x80, 
    0xF0, 0x0C, 0x60, 0x9C, 0x16, 0x0C, 0xF1, 0x31, 0x70, 0x07, 0x03, 0x16, 
    0xA0, 0xAC, 0x16, 0x7A, 0x07, 0x2D, 0x16, 0xA0, 0xAC, 0x16, 0x7A, 0x04, 
    0x02, 0x6E, 0x02, 0x00, 0x00, 0x26, 0x02, 0x6F, 0x02, 0x00, 0x00, 0x16, 
    0x7F, 0xA3, 0x9F, 0xAD, 0x80, 0xDD, 0x84, 0xE7, 0xE7, 0x92, 0x16, 0x0C, 
    0xF1, 0x31, 0x70, 0x07, 0x03, 0x16, 0xA0, 0xAC, 0x16, 0x7A, 0x07, 0x2D, 
    0x16, 0xA0, 0xAC, 0x16, 0x7A, 0x04, 0x80, 0x81, 0x70, 0x88, 0x51, 0x80, 
    0x28, 0x02, 0x71, 0x02, 0x00, 0x00, 0x24, 0x02, 0x72, 0x02, 0x00, 0x00, 
    0x23, 0x16, 0x84, 0xE7, 0xE7, 0x92, 0x16, 0xF9, 0x81, 0xDC, 0xA1, 0x07, 
    0x1C, 0x0D, 0x00, 0x00, 0x00, 0x42, 0x53, 0x20, 0x4E, 0x6F, 0x73, 0x65, 
    0x73, 0x6C, 0x69, 0x64, 0x65, 0x00, 0x02, 0x74, 0x02, 0x00, 0x00, 0x16, 
    0x6F, 0xD8, 0x5E, 0x25, 0x03, 0x80, 0x8D, 0xF9, 0x81, 0xDC, 0xA1, 0x80, 
    0xB5, 0x2D, 0x16, 0xF9, 0x81, 0xDC, 0xA1, 0x16, 0xAE, 0xC8, 0x66, 0xCD, 
    0x07, 0x17, 0x96, 0x84, 0x61, 0x80, 0x00, 0x16, 0x60, 0x97, 0x73, 0x64, 
    0x07, 0x17, 0x0B, 0x00, 0x00, 0x00, 0x16, 0x64, 0x0F, 0xB6, 0xEB, 0x07, 
    0x16, 0x93, 0x2F, 0xDB, 0xE7, 0x16, 0xA4, 0x9B, 0x54, 0x98, 0x07, 0x16, 
    0x85, 0xAC, 0x6E, 0x93, 0x16, 0xB7, 0x7D, 0x3F, 0x0E, 0x07, 0x16, 0x79, 
    0x1D, 0x71, 0xED, 0x16, 0xD6, 0xA8, 0x21, 0x73, 0x07, 0x16, 0x9D, 0x11, 
    0x10, 0x8D, 0x16, 0x80, 0x8D, 0xEF, 0x7B, 0xDE, 0x07, 0x80, 0xB5, 0x56, 
    0xCA, 0x18, 0x8A, 0x16, 0x83, 0x2C, 0x07, 0x2D, 0x07, 0x2D, 0x16, 0x83, 
    0x2C, 0x80, 0xD9, 0x2D, 0x02, 0x75, 0x02, 0x00, 0x00, 0x16, 0x42, 0x44, 
    0xE2, 0xA7, 0x07, 0x16, 0xC2, 0x23, 0x2B, 0xE6, 0x16, 0x02, 0x51, 0x85, 
    0x6E, 0x07, 0x80, 0xE5, 0xE8, 0xD8, 0x8D, 0x83, 0x16, 0xA0, 0xAC, 0x16, 
    0x7A, 0x07, 0x2D, 0x16, 0xA0, 0xAC, 0x16, 0x7A, 0x04, 0x02, 0x76, 0x02, 
    0x00, 0x00, 0x24, 0x02, 0x77, 0x02, 0x80, 0x99, 0x00, 0x23, 0x16, 0x49, 
    0xDF, 0xBB, 0xA0, 0x80, 0xA1, 0x79, 0x02, 0x00, 0x00, 0x16, 0x65, 0x0C, 
    0xDE, 0xD9, 0x80, 0xC9, 0x7A, 0x02, 0x00, 0x00, 0x16, 0x69, 0x3F, 0xE9, 
    0x63, 0x02, 0x7B, 0x02, 0x00, 0x00, 0x16, 0x7F, 0xA3, 0x9F, 0xAD, 0x80, 
    0xFD, 0x71, 0x88, 0x50, 0x61, 0x16, 0x0C, 0xF1, 0x31, 0x70, 0x07, 0x03, 
    0x16, 0x83, 0x2C, 0x07, 0x2D, 0x07, 0x16, 0x56, 0xCA, 0x18, 0x8A, 0x04, 
    0x02, 0x7C, 0x02, 0x00, 0x00, 0x24, 0x02, 0x7D, 0x02, 0x80, 0x99, 0x00, 
    0x23, 0x16, 0x5F, 0x9D, 0x2A, 0x3B, 0x80, 0xA1, 0x7F, 0x02, 0x00, 0x00, 
    0x16, 0x65, 0x0C, 0xDE, 0xD9, 0x80, 0xC9, 0x80, 0x02, 0x00, 0x00, 0x16, 
    0x69, 0x3F, 0xE9, 0x63, 0x02, 0x81, 0x02, 0x00, 0x00, 0x16, 0x7F, 0xA3, 
    0x9F, 0xAD, 0x80, 0x29, 0x81, 0x75, 0x4D, 0x3C, 0x05, 0x16, 0x0C, 0xF1, 
    0x31, 0x70, 0x07, 0x03, 0x16, 0x83, 0x2C, 0x07, 0x2D, 0x07, 0x16, 0x56, 
    0xCA, 0x18, 0x8A, 0x04, 0x02, 0x82, 0x02, 0x00, 0x00, 0x24, 0x02, 0x83, 
    0x02, 0x00, 0x00, 0x23, 0x16, 0xF3, 0xEA, 0x20, 0x38, 0x16, 0xF9, 0x81, 
    0xDC, 0xA1, 0x07, 0x1C, 0x0D, 0x00, 0x00, 0x00, 0x46, 0x53, 0x20, 0x4E, 
    0x6F, 0x73, 0x65, 0x67, 0x72, 0x69, 0x6E, 0x64, 0x00, 0x02, 0x86, 0x02, 
    0x00, 0x00, 0x16, 0x6F, 0xD8, 0x5E, 0x25, 0x03, 0x80, 0x8D, 0xF9, 0x81, 
    0xDC, 0xA1, 0x80, 0x49, 0x80, 0x2D, 0x16, 0xF9, 0x81, 0xDC, 0xA1, 0x16, 
    0xAE, 0xC8, 0x66, 0xCD, 0x07, 0x17, 0x64, 0x00, 0x00, 0x00, 0x16, 0x64, 
    0x0F, 0xB6, 0xEB, 0x07, 0x16, 0x61, 0xE6, 0x95, 0x4F, 0x16, 0xA4, 0x9B, 
    0x54, 0x98, 0x07, 0x16, 0xEB, 0xBD, 0x91, 0x83, 0x16, 0xD6, 0xA8, 0x21, 
    0x73, 0x07, 0x16, 0x6F, 0xD8, 0x5E, 0x25, 0x16, 0x80, 0x8D, 0xEF, 0x7B, 
    0xDE, 0x07, 0x80, 0xB5, 0x56, 0xCA, 0x18, 0x8A, 0x16, 0x83, 0x2C, 0x07, 
    0x2D, 0x07, 0x2D, 0x16, 0x83, 0x2C, 0x80, 0xD9, 0x2D, 0x02, 0x87, 0x02, 
    0x00, 0x00, 0x16, 0x42, 0x44, 0xE2, 0xA7, 0x07, 0x16, 0xC2, 0x23, 0x2B, 
    0xE6, 0x16, 0x02, 0x51, 0x85, 0x6E, 0x07, 0x80, 0x11, 0x81, 0xEC, 0x1D, 
    0xE1, 0xE7, 0x16, 0xA0, 0xAC, 0x16, 0x7A, 0x07, 0x2D, 0x16, 0xA0, 0xAC, 
    0x16, 0x7A, 0x04, 0x02, 0x88, 0x02, 0x00, 0x00, 0x24, 0x02, 0x89, 0x02, 
    0x00, 0x00, 0x23, 0x16, 0xF7, 0x2F, 0x4C, 0x5C, 0x16, 0xF9, 0x81, 0xDC, 
    0xA1, 0x07, 0x1C, 0x0D, 0x00, 0x00, 0x00, 0x42, 0x53, 0x20, 0x4E, 0x6F, 
    0x73, 0x65, 0x67, 0x72, 0x69, 0x6E, 0x64, 0x00, 0x02, 0x8B, 0x02, 0x00, 
    0x00, 0x16, 0x6F, 0xD8, 0x5E, 0x25, 0x03, 0x80, 0x8D, 0xF9, 0x81, 0xDC, 
    0xA1, 0x80, 0x49, 0x80, 0x2D, 0x16, 0xF9, 0x81, 0xDC, 0xA1, 0x16, 0xAE, 
    0xC8, 0x66, 0xCD, 0x07, 0x17, 0x64, 0x00, 0x00, 0x00, 0x16, 0x64, 0x0F, 
    0xB6, 0xEB, 0x07, 0x16, 0x61, 0xE6, 0x95, 0x4F, 0x16, 0xA4, 0x9B, 0x54, 
    0x98, 0x07, 0x16, 0xEB, 0xBD, 0x91, 0x83, 0x16, 0xD6, 0xA8, 0x21, 0x73, 
    0x07, 0x16, 0x6F, 0xD8, 0x5E, 0x25, 0x16, 0x80, 0x8D, 0xEF, 0x7B, 0xDE, 
    0x07, 0x80, 0xB5, 0x56, 0xCA, 0x18, 0x8A, 0x16, 0x83, 0x2C, 0x07, 0x2D, 
    0x07, 0x2D, 0x16, 0x83, 0x2C, 0x80, 0xD9, 0x2D, 0x02, 0x8C, 0x02, 0x00, 
    0x00, 0x16, 0x42, 0x44, 0xE2, 0xA7, 0x07, 0x16, 0xC2, 0x23, 0x2B, 0xE6, 
    0x16, 0x02, 0x51, 0x85, 0x6E, 0x07, 0x80, 0xE5, 0xE8, 0xD8, 0x8D, 0x83, 
    0x16, 0xA0, 0xAC, 0x16, 0x7A, 0x07, 0x2D, 0x16, 0xA0, 0xAC, 0x16, 0x7A, 
    0x04, 0x02, 0x8D, 0x02, 0x00, 0x00, 0x24, 0x02, 0x8E, 0x02, 0x80, 0x99, 
    0x00, 0x23, 0x16, 0x11, 0x2E, 0x30, 0x91, 0x80, 0xA1, 0x90, 0x02, 0x00, 
    0x00, 0x16, 0x65, 0x0C, 0xDE, 0xD9, 0x80, 0xC9, 0x92, 0x02, 0x00, 0x00, 
    0x16, 0x69, 0x3F, 0xE9, 0x63, 0x02, 0x93, 0x02, 0x00, 0x00, 0x16, 0x7F, 
    0xA3, 0x9F, 0xAD, 0x80, 0xFD, 0xCE, 0x6C, 0xBC, 0x96, 0x16, 0x0C, 0xF1, 
    0x31, 0x70, 0x07, 0x03, 0x16, 0x83, 0x2C, 0x07, 0x2D, 0x07, 0x16, 0x56, 
    0xCA, 0x18, 0x8A, 0x04, 0x02, 0x94, 0x02, 0x00, 0x00, 0x24, 0x02, 0x95, 
    0x02, 0x80, 0x99, 0x00, 0x23, 0x16, 0x07, 0x6C, 0xA1, 0x0A, 0x80, 0xA1, 
    0x97, 0x02, 0x00, 0x00, 0x16, 0x65, 0x0C, 0xDE, 0xD9, 0x80, 0xC9, 0x99, 
    0x02, 0x00, 0x00, 0x16, 0x69, 0x3F, 0xE9, 0x63, 0x02, 0x9A, 0x02, 0x00, 
    0x00, 0x16, 0x7F, 0xA3, 0x9F, 0xAD, 0x80, 0x41, 0x80, 0xCA, 0xA9, 0xD0, 
    0xF2, 0x16, 0x0C, 0xF1, 0x31, 0x70, 0x07, 0x03, 0x16, 0x83, 0x2C, 0x07, 
    0x2D, 0x07, 0x16, 0x56, 0xCA, 0x18, 0x8A, 0x04, 0x02, 0x9B, 0x02, 0x00, 
    0x00, 0x24, 0x02, 0x9C, 0x02, 0x00, 0x00, 0x23, 0x16, 0xCE, 0x6C, 0xBC, 
    0x96, 0x16, 0xF9, 0x81, 0xDC, 0xA1, 0x07, 0x1C, 0x07, 0x00, 0x84, 0xC5, 
    0x46, 0x53, 0x20, 0x35, 0x2D, 0x30, 0x00, 0x02, 0x9F, 0x02, 0x00, 0x00, 
    0x16, 0x6F, 0xD8, 0x5E, 0x25, 0x03, 0x80, 0x8D, 0xF9, 0x81, 0xDC, 0xA1, 
    0x80, 0x31, 0x80, 0x2D, 0x16, 0xF9, 0x81, 0xDC, 0xA1, 0x16, 0xAE, 0xC8, 
    0x66, 0xCD, 0x07, 0x17, 0x64, 0x00, 0x00, 0x00, 0x16, 0x64, 0x0F, 0xB6, 
    0xEB, 0x07, 0x16, 0xF4, 0xAE, 0x50, 0x87, 0x16, 0xA4, 0x9B, 0x54, 0x98, 
    0x07, 0x16, 0x5F, 0xF0, 0x96, 0x78, 0x16, 0xD6, 0xA8, 0x21, 0x73, 0x07, 
    0x80, 0xB5, 0x6F, 0xD8, 0x5E, 0x25, 0x16, 0x83, 0x2C, 0x07, 0x2D, 0x07, 
    0x2D, 0x16, 0x83, 0x2C, 0x80, 0xD9, 0x2D, 0x02, 0xA0, 0x02, 0x00, 0x00, 
    0x16, 0x42, 0x44, 0xE2, 0xA7, 0x07, 0x16, 0xC2, 0x23, 0x2B, 0xE6, 0x16, 
    0x02, 0x51, 0x85, 0x6E, 0x07, 0x80, 0x29, 0x80, 0x8B, 0xB9, 0xC4, 0x30, 
    0x16, 0xA0, 0xAC, 0x16, 0x7A, 0x07, 0x2D, 0x16, 0xA0, 0xAC, 0x16, 0x7A, 
    0x04, 0x02, 0xA1, 0x02, 0x00, 0x00, 0x24, 0x02, 0xA2, 0x02, 0x00, 0x00, 
    0x23, 0x16, 0xCA, 0xA9, 0xD0, 0xF2, 0x16, 0xF9, 0x81, 0xDC, 0xA1, 0x07, 
    0x1C, 0x07, 0x00, 0x84, 0xC5, 0x42, 0x53, 0x20, 0x35, 0x2D, 0x30, 0x00, 
    0x02, 0xA4, 0x02, 0x00, 0x00, 0x16, 0x6F, 0xD8, 0x5E, 0x25, 0x03, 0x80, 
    0x8D, 0xF9, 0x81, 0xDC, 0xA1, 0x80, 0x31, 0x80, 0x2D, 0x16, 0xF9, 0x81, 
    0xDC, 0xA1, 0x16, 0xAE, 0xC8, 0x66, 0xCD, 0x07, 0x17, 0x64, 0x00, 0x00, 
    0x00, 0x16, 0x64, 0x0F, 0xB6, 0xEB, 0x07, 0x16, 0xF4, 0xAE, 0x50, 0x87, 
    0x16, 0xA4, 0x9B, 0x54, 0x98, 0x07, 0x16, 0x5F, 0xF0, 0x96, 0x78, 0x16, 
    0xD6, 0xA8, 0x21, 0x73, 0x07, 0x80, 0xB5, 0x6F, 0xD8, 0x5E, 0x25, 0x16, 
    0x83, 0x2C, 0x07, 0x2D, 0x07, 0x2D, 0x16, 0x83, 0x2C, 0x80, 0xD9, 0x2D, 
    0x02, 0xA5, 0x02, 0x00, 0x00, 0x16, 0x42, 0x44, 0xE2, 0xA7, 0x07, 0x16, 
    0xC2, 0x23, 0x2B, 0xE6, 0x16, 0x02, 0x51, 0x85, 0x6E, 0x07, 0x80, 0xE5, 
    0x8F, 0x7C, 0xA8, 0x54, 0x16, 0xA0, 0xAC, 0x16, 0x7A, 0x07, 0x2D, 0x16, 
    0xA0, 0xAC, 0x16, 0x7A, 0x04, 0x02, 0xA6, 0x02, 0x00, 0x00, 0x24, 0x02, 
    0xA7, 0x02, 0x80, 0x99, 0x00, 0x23, 0x16, 0xB0, 0x60, 0xC2, 0x01, 0x80, 
    0xA1, 0xA9, 0x02, 0x00, 0x00, 0x16, 0x65, 0x0C, 0xDE, 0xD9, 0x80, 0xC9, 
    0xAB, 0x02, 0x00, 0x00, 0x16, 0x69, 0x3F, 0xE9, 0x63, 0x02, 0xAC, 0x02, 
    0x00, 0x00, 0x16, 0x7F, 0xA3, 0x9F, 0xAD, 0x80, 0xFD, 0xF7, 0x2F, 0x4C, 
    0x5C, 0x16, 0x0C, 0xF1, 0x31, 0x70, 0x07, 0x03, 0x16, 0x83, 0x2C, 0x07, 
    0x2D, 0x07, 0x16, 0x56, 0xCA, 0x18, 0x8A, 0x04, 0x02, 0xAD, 0x02, 0x00, 
    0x00, 0x24, 0x02, 0xAE, 0x02, 0x80, 0x99, 0x00, 0x23, 0x16, 0xA6, 0x22, 
    0x53, 0x9A, 0x80, 0xA1, 0xB0, 0x02, 0x00, 0x00, 0x16, 0x65, 0x0C, 0xDE, 
    0xD9, 0x80, 0xC9, 0xB2, 0x02, 0x00, 0x00, 0x16, 0x69, 0x3F, 0xE9, 0x63, 
    0x02, 0xB3, 0x02, 0x00, 0x00, 0x16, 0x7F, 0xA3, 0x9F, 0xAD, 0x80, 0x41, 
    0x80, 0xF7, 0x2F, 0x4C, 0x5C, 0x16, 0x0C, 0xF1, 0x31, 0x70, 0x07, 0x03, 
    0x16, 0x83, 0x2C, 0x07, 0x2D, 0x07, 0x16, 0x56, 0xCA, 0x18, 0x8A, 0x04, 
    0x02, 0xB4, 0x02, 0x00, 0x00, 0x24, 0x02, 0xB5, 0x02, 0x00, 0x00, 0x23, 
    0x16, 0xF5, 0x3F, 0xA3, 0x1F, 0x16, 0xF9, 0x81, 0xDC, 0xA1, 0x07, 0x1C, 
    0x0B, 0x00, 0x80, 0x95, 0x00, 0x46, 0x53, 0x20, 0x43, 0x72, 0x80, 0xBD, 
    0x6F, 0x6B, 0x65, 0x64, 0x00, 0x02, 0xB9, 0x02, 0x00, 0x00, 0x16, 0x6F, 
    0xD8, 0x5E, 0x25, 0x03, 0x80, 0x8D, 0xF9, 0x81, 0xDC, 0xA1, 0x80, 0xB5, 
    0x2D, 0x16, 0xF9, 0x81, 0xDC, 0xA1, 0x16, 0xAE, 0xC8, 0x66, 0xCD, 0x07, 
    0x17, 0x7D, 0x84, 0x35, 0x80, 0x00, 0x16, 0x60, 0x97, 0x73, 0x64, 0x07, 
    0x17, 0x09, 0x00, 0x00, 0x00, 0x16, 0x64, 0x0F, 0xB6, 0xEB, 0x07, 0x16, 
    0xD6, 0x07, 0x27, 0xD4, 0x16, 0xA4, 0x9B, 0x54, 0x98, 0x07, 0x16, 0x49, 
    0xA1, 0xD7, 0xD7, 0x16, 0xD6, 0xA8, 0x21, 0x73, 0x07, 0x16, 0x6F, 0xD8, 
    0x5E, 0x25, 0x16, 0x80, 0x8D, 0xEF, 0x7B, 0xDE, 0x07, 0x80, 0xB5, 0x56, 
    0xCA, 0x18, 0x8A, 0x16, 0x83, 0x2C, 0x07, 0x2D, 0x07, 0x2D, 0x16, 0x83, 
    0x2C, 0x80, 0xD9, 0x2D, 0x02, 0xBA, 0x02, 0x00, 0x00, 0x16, 0x42, 0x44, 
    0xE2, 0xA7, 0x07, 0x16, 0xC2, 0x23, 0x2B, 0xE6, 0x16, 0x02, 0x51, 0x85, 
    0x6E, 0x07, 0x80, 0xE5, 0xEC, 0x1D, 0xE1, 0xE7, 0x16, 0xA0, 0xAC, 0x16, 
    0x7A, 0x07, 0x2D, 0x16, 0xA0, 0xAC, 0x16, 0x7A, 0x04, 0x02, 0xBB, 0x02, 
    0x00, 0x00, 0x24, 0x02, 0xBC, 0x02, 0x80, 0x99, 0x00, 0x23, 0x16, 0x60, 
    0xC7, 0xBB, 0xE7, 0x80, 0x95, 0xBE, 0x02, 0x00, 0x00, 0x16, 0xF3, 0x80, 
    0x29, 0x80, 0x76, 0xC8, 0x02, 0xBF, 0x02, 0x00, 0x00, 0x16, 0x7F, 0xA3, 
    0x9F, 0xAD, 0x16, 0xF5, 0x3F, 0xA3, 0x1F, 0x02, 0xC0, 0x02, 0x00, 0x00, 
    0x24, 0x02, 0xC1, 0x02, 0x00, 0x00, 0x23, 0x16, 0xF1, 0xFA, 0xCF, 0x7B, 
    0x16, 0xF9, 0x81, 0xDC, 0xA1, 0x07, 0x1C, 0x0B, 0x00, 0x80, 0x95, 0x00, 
    0x42, 0x53, 0x20, 0x43, 0x72, 0x80, 0xBD, 0x6F, 0x6B, 0x65, 0x64, 0x00, 
    0x02, 0xC3, 0x02, 0x00, 0x00, 0x16, 0x6F, 0xD8, 0x5E, 0x25, 0x03, 0x80, 
    0x8D, 0xF9, 0x81, 0xDC, 0xA1, 0x80, 0xB5, 0x2D, 0x16, 0xF9, 0x81, 0xDC, 
    0xA1, 0x16, 0xAE, 0xC8, 0x66, 0xCD, 0x07, 0x17, 0x7D, 0x84, 0x35, 0x80, 
    0x00, 0x16, 0x60, 0x97, 0x73, 0x64, 0x07, 0x17, 0x09, 0x00, 0x00, 0x00, 
    0x16, 0x64, 0x0F, 0xB6, 0xEB, 0x07, 0x16, 0xDA, 0x56, 0xCB, 0x89, 0x16, 
    0xA4, 0x9B, 0x54, 0x98, 0x07, 0x16, 0x2A, 0xC4, 0xAB, 0x5D, 0x16, 0xD6, 
    0xA8, 0x21, 0x73, 0x07, 0x16, 0x6F, 0xD8, 0x5E, 0x25, 0x16, 0x80, 0x8D, 
    0xEF, 0x7B, 0xDE, 0x07, 0x80, 0xB5, 0x56, 0xCA, 0x18, 0x8A, 0x16, 0x83, 
    0x2C, 0x07, 0x2D, 0x07, 0x2D, 0x16, 0x83, 0x2C, 0x80, 0xD9, 0x2D, 0x02, 
    0xC4, 0x02, 0x00, 0x00, 0x16, 0x42, 0x44, 0xE2, 0xA7, 0x07, 0x16, 0xC2, 
    0x23, 0x2B, 0xE6, 0x16, 0x02, 0x51, 0x85, 0x6E, 0x07, 0x80, 0xE5, 0xE8, 
    0xD8, 0x8D, 0x83, 0x16, 0xA0, 0xAC, 0x16, 0x7A, 0x07, 0x2D, 0x16, 0xA0, 
    0xAC, 0x16, 0x7A, 0x04, 0x02, 0xC5, 0x02, 0x00, 0x00, 0x24, 0x02, 0xC6, 
    0x02, 0x80, 0xA5, 0x00, 0x23, 0x16, 0xE3, 0xBA, 0x2C, 0x11, 0x02, 0xC8, 
    0x02, 0x80, 0x55, 0x80, 0x00, 0x25, 0x16, 0x15, 0xD5, 0xCF, 0xF8, 0x02, 
    0xC9, 0x02, 0x00, 0x00, 0x16, 0x0E, 0xC6, 0xE8, 0x2D, 0x1B, 0x1A, 0x00, 
    0x00, 0x00, 0x49, 0x27, 0x6D, 0x20, 0x62, 0x61, 0x63, 0x6B, 0x77, 0x61, 
    0x72, 0x64, 0x73, 0x2E, 0x2E, 0x2E, 0x2E, 0x2E, 0x2E, 0x2E, 0x2E, 0x2E, 
    0x2E, 0x2E, 0x2E, 0x00, 0x02, 0xCA, 0x02, 0x00, 0x00, 0x28, 0x80, 0xA1, 
    0xCB, 0x02, 0x00, 0x00, 0x16, 0x65, 0x0C, 0xDE, 0xD9, 0x80, 0xC9, 0xCD, 
    0x02, 0x00, 0x00, 0x16, 0x69, 0x3F, 0xE9, 0x63, 0x02, 0xCE, 0x02, 0x00, 
    0x00, 0x16, 0x7F, 0xA3, 0x9F, 0xAD, 0x80, 0xFD, 0xF1, 0xFA, 0xCF, 0x7B, 
    0x16, 0x0C, 0xF1, 0x31, 0x70, 0x07, 0x03, 0x16, 0x83, 0x2C, 0x07, 0x2D, 
    0x07, 0x16, 0x56, 0xCA, 0x18, 0x8A, 0x04, 0x02, 0xD0, 0x02, 0x00, 0x00, 
    0x24, 0x02, 0xD1, 0x02, 0x80, 0x99, 0x00, 0x23, 0x16, 0xF5, 0xF8, 0xBD, 
    0x8A, 0x80, 0xA1, 0xD3, 0x02, 0x00, 0x00, 0x16, 0x65, 0x0C, 0xDE, 0xD9, 
    0x80, 0xC9, 0xD4, 0x02, 0x00, 0x00, 0x16, 0x69, 0x3F, 0xE9, 0x63, 0x02, 
    0xD5, 0x02, 0x00, 0x00, 0x16, 0x7F, 0xA3, 0x9F, 0xAD, 0x80, 0xFD, 0xF5, 
    0x3F, 0xA3, 0x1F, 0x16, 0x0C, 0xF1, 0x31, 0x70, 0x07, 0x03, 0x16, 0x83, 
    0x2C, 0x07, 0x2D, 0x07, 0x16, 0x56, 0xCA, 0x18, 0x8A, 0x04, 0x02, 0xD7, 
    0x02, 0x00, 0x00, 0x24, 0x02, 0xD8, 0x02, 0x80, 0x99, 0x00, 0x23, 0x16, 
    0xF7, 0x5E, 0xE4, 0xDC, 0x80, 0x1D, 0x80, 0xDA, 0x02, 0x00, 0x00, 0x16, 
    0xF3, 0xAD, 0x76, 0xC8, 0x02, 0xDB, 0x02, 0x00, 0x00, 0x16, 0x0E, 0xC6, 
    0xE8, 0x2D, 0x1B, 0x31, 0x00, 0x00, 0x00, 0x66, 0x69, 0x78, 0x65, 0x64, 
    0x20, 0x69, 0x74, 0x20, 0x62, 0x69, 0x74, 0x63, 0x68, 0x65, 0x73, 0xCC, 
    0x3D, 0x81, 0x2E, 0x2E, 0x2E, 0x2E, 0x2E, 0x2E, 0x2E, 0x2E, 0x2E, 0x2E, 
    0x2E, 0x2E, 0x00, 0x02, 0xDC, 0x02, 0x00, 0x00, 0x16, 0x7F, 0xA3, 0x9F, 
    0xAD, 0x16, 0xDB, 0x11, 0xEE, 0xD4, 0x02, 0xDD, 0x02, 0x00, 0x00, 0x24, 
    0x02, 0xDE, 0x02, 0x00, 0x00, 0x23, 0x16, 0xDB, 0x11, 0xEE, 0xD4, 0x16, 
    0xF9, 0x81, 0xDC, 0xA1, 0x07, 0x1C, 0x0D, 0x00, 0x00, 0x00, 0x46, 0x53, 
    0x20, 0x4F, 0x76, 0x65, 0x72, 0x63, 0x72, 0x6F, 0x6F, 0x6B, 0x00, 0x02, 
    0xE0, 0x02, 0x00, 0x00, 0x16, 0x6F, 0xD8, 0x5E, 0x25, 0x03, 0x80, 0x8D, 
    0xF9, 0x81, 0xDC, 0xA1, 0x80, 0xB5, 0x2D, 0x16, 0xF9, 0x81, 0xDC, 0xA1, 
    0x16, 0xAE, 0xC8, 0x66, 0xCD, 0x07, 0x17, 0x7D, 0x84, 0x35, 0x80, 0x00, 
    0x16, 0x60, 0x97, 0x73, 0x64, 0x07, 0x17, 0x09, 0x00, 0x00, 0x00, 0x16, 
    0x64, 0x0F, 0xB6, 0xEB, 0x07, 0x16, 0x46, 0x94, 0xAE, 0xF9, 0x16, 0xA4, 
    0x9B, 0x54, 0x98, 0x07, 0x16, 0x93, 0xB7, 0x8E, 0x5B, 0x16, 0xD6, 0xA8, 
    0x21, 0x73, 0x07, 0x16, 0x6F, 0xD8, 0x5E, 0x25, 0x16, 0x80, 0x8D, 0xEF, 
    0x7B, 0xDE, 0x07, 0x80, 0xB5, 0x56, 0xCA, 0x18, 0x8A, 0x16, 0x83, 0x2C, 
    0x07, 0x2D, 0x07, 0x2D, 0x16, 0x83, 0x2C, 0x80, 0xD9, 0x2D, 0x02, 0xE1, 
    0x02, 0x00, 0x00, 0x16, 0x42, 0x44, 0xE2, 0xA7, 0x07, 0x16, 0xC2, 0x23, 
    0x2B, 0xE6, 0x16, 0x02, 0x51, 0x85, 0x6E, 0x07, 0x80, 0x11, 0x81, 0xEC, 
    0x1D, 0xE1, 0xE7, 0x16, 0xA0, 0xAC, 0x16, 0x7A, 0x07, 0x2D, 0x16, 0xA0, 
    0xAC, 0x16, 0x7A, 0x04, 0x02, 0xE2, 0x02, 0x00, 0x00, 0x24, 0x02, 0xE3, 
    0x02, 0x00, 0x00, 0x23, 0x16, 0xDF, 0xD4, 0x82, 0xB0, 0x16, 0xF9, 0x81, 
    0xDC, 0xA1, 0x07, 0x1C, 0x0D, 0x00, 0x00, 0x00, 0x42, 0x53, 0x20, 0x4F, 
    0x76, 0x65, 0x72, 0x63, 0x72, 0x6F, 0x6F, 0x6B, 0x00, 0x02, 0xE5, 0x02, 
    0x00, 0x00, 0x16, 0x6F, 0xD8, 0x5E, 0x25, 0x03, 0x80, 0x8D, 0xF9, 0x81, 
    0xDC, 0xA1, 0x80, 0xB5, 0x2D, 0x16, 0xF9, 0x81, 0xDC, 0xA1, 0x16, 0xAE, 
    0xC8, 0x66, 0xCD, 0x07, 0x17, 0x7D, 0x84, 0x35, 0x80, 0x00, 0x16, 0x60, 
    0x97, 0x73, 0x64, 0x07, 0x17, 0x09, 0x00, 0x00, 0x00, 0x16, 0x64, 0x0F, 
    0xB6, 0xEB, 0x07, 0x16, 0xC4, 0xE7, 0x77, 0x49, 0x16, 0xA4, 0x9B, 0x54, 
    0x98, 0x07, 0x16, 0x5C, 0x90, 0x86, 0x28, 0x16, 0xD6, 0xA8, 0x21, 0x73, 
    0x07, 0x16, 0x6F, 0xD8, 0x5E, 0x25, 0x16, 0x80, 0x8D, 0xEF, 0x7B, 0xDE, 
    0x07, 0x80, 0xB5, 0x56, 0xCA, 0x18, 0x8A, 0x16, 0x83, 0x2C, 0x07, 0x2D, 
    0x07, 0x2D, 0x16, 0x83, 0x2C, 0x80, 0xD9, 0x2D, 0x02, 0xE6, 0x02, 0x00, 
    0x00, 0x16, 0x42, 0x44, 0xE2, 0xA7, 0x07, 0x16, 0xC2, 0x23, 0x2B, 0xE6, 
    0x16, 0x02, 0x51, 0x85, 0x6E, 0x07, 0x80, 0xE5, 0xE8, 0xD8, 0x8D, 0x83, 
    0x16, 0xA0, 0xAC, 0x16, 0x7A, 0x07, 0x2D, 0x16, 0xA0, 0xAC, 0x16, 0x7A, 
    0x04, 0x02, 0xE7, 0x02, 0x00, 0x00, 0x24, 0x02, 0xE8, 0x02, 0x80, 0x99, 
    0x00, 0x23, 0x16, 0x74, 0x23, 0x73, 0x2A, 0x80, 0xC9, 0xEA, 0x02, 0x00, 
    0x00, 0x16, 0x65, 0x0C, 0xDE, 0xD9, 0x02, 0xEC, 0x02, 0x00, 0x00, 0x16, 
    0x7F, 0xA3, 0x9F, 0xAD, 0x80, 0xFD, 0xDF, 0xD4, 0x82, 0xB0, 0x16, 0x0C, 
    0xF1, 0x31, 0x70, 0x07, 0x03, 0x16, 0x83, 0x2C, 0x07, 0x2D, 0x07, 0x16, 
    0x56, 0xCA, 0x18, 0x8A, 0x04, 0x02, 0xED, 0x02, 0x00, 0x00, 0x24, 0x02, 
    0xEE, 0x02, 0x80, 0x99, 0x00, 0x23, 0x16, 0x62, 0x61, 0xE2, 0xB1, 0x80, 
    0xC9, 0xF0, 0x02, 0x00, 0x00, 0x16, 0x65, 0x0C, 0xDE, 0xD9, 0x02, 0xF2, 
    0x02, 0x00, 0x00, 0x16, 0x7F, 0xA3, 0x9F, 0xAD, 0x80, 0x19, 0x81, 0xDB, 
    0x11, 0xEE, 0xD4, 0x16, 0x0C, 0xF1, 0x31, 0x70, 0x07, 0x03, 0x16, 0x83, 
    0x2C, 0x07, 0x2D, 0x07, 0x16, 0x56, 0xCA, 0x18, 0x8A, 0x04, 0x02, 0xF3, 
    0x02, 0x00, 0x00, 0x24, 0x02, 0xF4, 0x02, 0x00, 0x00, 0x23, 0x16, 0x24, 
    0x5D, 0xC0, 0x77, 0x16, 0xF9, 0x81, 0xDC, 0xA1, 0x07, 0x1C, 0x09, 0x00, 
    0x00, 0x00, 0x46, 0x53, 0x20, 0x53, 0x6D, 0x69, 0x74, 0x68, 0x00, 0x02, 
    0xF7, 0x02, 0x00, 0x00, 0x16, 0x6F, 0xD8, 0x5E, 0x25, 0x03, 0x80, 0x8D, 
    0xF9, 0x81, 0xDC, 0xA1, 0x80, 0xB5, 0x2D, 0x16, 0xF9, 0x81, 0xDC, 0xA1, 
    0x16, 0xAE, 0xC8, 0x66, 0xCD, 0x07, 0x17, 0x7D, 0x84, 0x1D, 0x80, 0x00, 
    0x16, 0x60, 0x97, 0x73, 0x64, 0x07, 0x17, 0x09, 0x00, 0x00, 0x00, 0x16, 
    0x64, 0x0F, 0xB6, 0xEB, 0x07, 0x16, 0x78, 0x98, 0x1A, 0x62, 0x16, 0xA4, 
    0x9B, 0x54, 0x98, 0x07, 0x16, 0xA9, 0xE9, 0x6E, 0x86, 0x16, 0xD6, 0xA8, 
    0x21, 0x73, 0x07, 0x80, 0xB5, 0x6F, 0xD8, 0x5E, 0x25, 0x16, 0x83, 0x2C, 
    0x07, 0x2D, 0x07, 0x2D, 0x16, 0x83, 0x2C, 0x80, 0xD9, 0x2D, 0x02, 0xF8, 
    0x02, 0x00, 0x00, 0x16, 0x42, 0x44, 0xE2, 0xA7, 0x07, 0x16, 0x7C, 0x27, 
    0xD5, 0x5C, 0x16, 0x02, 0x51, 0x85, 0x6E, 0x07, 0x80, 0xE5, 0x8B, 0xB9, 
    0xC4, 0x30, 0x16, 0xA0, 0xAC, 0x16, 0x7A, 0x07, 0x2D, 0x16, 0xA0, 0xAC, 
    0x16, 0x7A, 0x04, 0x02, 0xF9, 0x02, 0x00, 0x00, 0x24, 0x02, 0xFA, 0x02, 
    0x80, 0x99, 0x00, 0x23, 0x16, 0xDC, 0xD7, 0xB9, 0x3F, 0x80, 0x95, 0xFC, 
    0x02, 0x00, 0x00, 0x16, 0xF3, 0x80, 0x01, 0x81, 0x76, 0xC8, 0x02, 0xFD, 
    0x02, 0x00, 0x00, 0x16, 0x7F, 0xA3, 0x9F, 0xAD, 0x16, 0x24, 0x5D, 0xC0, 
    0x77, 0x02, 0xFE, 0x02, 0x00, 0x00, 0x24, 0x02, 0xFF, 0x02, 0x00, 0x00, 
    0x23, 0x16, 0x20, 0x98, 0xAC, 0x13, 0x16, 0xF9, 0x81, 0xDC, 0xA1, 0x07, 
    0x1C, 0x09, 0x00, 0x00, 0x00, 0x42, 0x53, 0x20, 0x53, 0x6D, 0x69, 0x74, 
    0x68, 0x00, 0x02, 0x01, 0x03, 0x00, 0x00, 0x16, 0x6F, 0xD8, 0x5E, 0x25, 
    0x03, 0x80, 0x8D, 0xF9, 0x81, 0xDC, 0xA1, 0x80, 0xB5, 0x2D, 0x16, 0xF9, 
    0x81, 0xDC, 0xA1, 0x16, 0xAE, 0xC8, 0x66, 0xCD, 0x07, 0x17, 0x7D, 0x84, 
    0x1D, 0x80, 0x00, 0x16, 0x60, 0x97, 0x73, 0x64, 0x07, 0x17, 0x09, 0x00, 
    0x00, 0x00, 0x16, 0x64, 0x0F, 0xB6, 0xEB, 0x07, 0x16, 0x6B, 0xBC, 0x55, 
    0x96, 0x16, 0xA4, 0x9B, 0x54, 0x98, 0x07, 0x16, 0x3F, 0x83, 0xD7, 0x46, 
    0x16, 0xD6, 0xA8, 0x21, 0x73, 0x07, 0x80, 0xB5, 0x6F, 0xD8, 0x5E, 0x25, 
    0x16, 0x83, 0x2C, 0x07, 0x2D, 0x07, 0x2D, 0x16, 0x83, 0x2C, 0x80, 0xB1, 
    0x2D, 0x02, 0x02, 0x03, 0x00, 0x00, 0x16, 0x42, 0x44, 0xE2, 0xA7, 0x07, 
    0x16, 0x80, 0xA1, 0x27, 0xD5, 0x5C, 0x16, 0x02, 0x51, 0x85, 0x6E, 0x07, 
    0x80, 0xE5, 0x8F, 0x7C, 0xA8, 0x54, 0x16, 0xA0, 0xAC, 0x16, 0x7A, 0x07, 
    0x2D, 0x16, 0xA0, 0xAC, 0x16, 0x7A, 0x04, 0x02, 0x03, 0x03, 0x00, 0x00, 
    0x24, 0x02, 0x04, 0x03, 0x80, 0xE9, 0x00, 0x23, 0x16, 0x5F, 0xAA, 0x2E, 
    0xC9, 0x02, 0x06, 0x03, 0x00, 0x00, 0x16, 0x65, 0x0C, 0xDE, 0xD9, 0x02, 
    0x08, 0x03, 0x00, 0x00, 0x16, 0x7F, 0xA3, 0x9F, 0xAD, 0x80, 0xFD, 0x20, 
    0x98, 0xAC, 0x13, 0x16, 0x0C, 0xF1, 0x31, 0x70, 0x07, 0x03, 0x16, 0x83, 
    0x2C, 0x07, 0x2D, 0x07, 0x16, 0x56, 0xCA, 0x18, 0x8A, 0x04, 0x02, 0x09, 
    0x03, 0x00, 0x00, 0x24, 0x02, 0x0A, 0x03, 0x80, 0xE9, 0x00, 0x23, 0x16, 
    0x49, 0xE8, 0xBF, 0x52, 0x02, 0x0C, 0x03, 0x00, 0x00, 0x16, 0x65, 0x0C, 
    0xDE, 0xD9, 0x02, 0x0E, 0x03, 0x00, 0x00, 0x16, 0x7F, 0xA3, 0x9F, 0xAD, 
    0x80, 0x3D, 0x80, 0x24, 0x5D, 0xC0, 0x77, 0x16, 0x0C, 0xF1, 0x31, 0x70, 
    0x07, 0x03, 0x16, 0x83, 0x2C, 0x07, 0x2D, 0x07, 0x16, 0x56, 0xCA, 0x18, 
    0x8A, 0x04, 0x02, 0x0F, 0x03, 0x00, 0x00, 0x24, 0x02, 0x10, 0x03, 0x00, 
    0x00, 0x23, 0x16, 0x7D, 0x15, 0xFC, 0xA4, 0x16, 0xF9, 0x81, 0xDC, 0xA1, 
    0x07, 0x1C, 0x0A, 0x80, 0xD9, 0x00, 0x00, 0x46, 0x53, 0x20, 0x46, 0x65, 
    0x65, 0x62, 0x6C, 0x65, 0x00, 0x02, 0x12, 0x03, 0x00, 0x00, 0x16, 0x6F, 
    0xD8, 0x5E, 0x25, 0x03, 0x80, 0x8D, 0xF9, 0x81, 0xDC, 0xA1, 0x80, 0xB5, 
    0x2D, 0x16, 0xF9, 0x81, 0xDC, 0xA1, 0x16, 0xAE, 0xC8, 0x66, 0xCD, 0x07, 
    0x17, 0x7D, 0x84, 0x1D, 0x80, 0x00, 0x16, 0x60, 0x97, 0x73, 0x64, 0x07, 
    0x17, 0x09, 0x00, 0x00, 0x00, 0x16, 0x64, 0x0F, 0xB6, 0xEB, 0x07, 0x16, 
    0xD6, 0x0B, 0x1E, 0x36, 0x16, 0xA4, 0x9B, 0x54, 0x98, 0x07, 0x16, 0xA9, 
    0x06, 0x65, 0x08, 0x16, 0xD6, 0xA8, 0x21, 0x73, 0x07, 0x80, 0xB5, 0x6F, 
    0xD8, 0x5E, 0x25, 0x16, 0x83, 0x2C, 0x07, 0x2D, 0x07, 0x2D, 0x16, 0x83, 
    0x2C, 0x80, 0xD9, 0x2D, 0x02, 0x13, 0x03, 0x00, 0x00, 0x16, 0x42, 0x44, 
    0xE2, 0xA7, 0x07, 0x16, 0x7C, 0x27, 0xD5, 0x5C, 0x16, 0x02, 0x51, 0x85, 
    0x6E, 0x07, 0x80, 0xE5, 0x8B, 0xB9, 0xC4, 0x30, 0x16, 0xA0, 0xAC, 0x16, 
    0x7A, 0x07, 0x2D, 0x16, 0xA0, 0xAC, 0x16, 0x7A, 0x04, 0x02, 0x14, 0x03, 
    0x00, 0x00, 0x24, 0x02, 0x15, 0x03, 0x80, 0xB5, 0x00, 0x23, 0x16, 0x1D, 
    0xB1, 0x1C, 0x9B, 0x02, 0x17, 0x03, 0x00, 0x00, 0x16, 0xF3, 0x80, 0x25, 
    0x80, 0x76, 0xC8, 0x02, 0x18, 0x03, 0x00, 0x00, 0x16, 0x7F, 0xA3, 0x9F, 
    0xAD, 0x16, 0x7D, 0x15, 0xFC, 0xA4, 0x02, 0x19, 0x03, 0x00, 0x00, 0x24, 
    0x02, 0x1A, 0x03, 0x00, 0x00, 0x23, 0x16, 0x79, 0xD0, 0x90, 0xC0, 0x16, 
    0xF9, 0x81, 0xDC, 0xA1, 0x07, 0x1C, 0x0A, 0x80, 0xD9, 0x00, 0x00, 0x42, 
    0x53, 0x20, 0x46, 0x65, 0x65, 0x62, 0x6C, 0x65, 0x00, 0x02, 0x1C, 0x03, 
    0x00, 0x00, 0x16, 0x6F, 0xD8, 0x5E, 0x25, 0x03, 0x80, 0x8D, 0xF9, 0x81, 
    0xDC, 0xA1, 0x80, 0xB5, 0x2D, 0x16, 0xF9, 0x81, 0xDC, 0xA1, 0x16, 0xAE, 
    0xC8, 0x66, 0xCD, 0x07, 0x17, 0x7D, 0x84, 0x1D, 0x80, 0x00, 0x16, 0x60, 
    0x97, 0x73, 0x64, 0x07, 0x17, 0x09, 0x00, 0x00, 0x00, 0x16, 0x64, 0x0F, 
    0xB6, 0xEB, 0x07, 0x16, 0x2C, 0x05, 0x54, 0xB2, 0x16, 0xA4, 0x9B, 0x54, 
    0x98, 0x07, 0x16, 0xB2, 0x89, 0xC9, 0x11, 0x16, 0xD6, 0xA8, 0x21, 0x73, 
    0x07, 0x80, 0xB5, 0x6F, 0xD8, 0x5E, 0x25, 0x16, 0x83, 0x2C, 0x07, 0x2D, 
    0x07, 0x2D, 0x16, 0x83, 0x2C, 0x80, 0xB1, 0x2D, 0x02, 0x1D, 0x03, 0x00, 
    0x00, 0x16, 0x42, 0x44, 0xE2, 0xA7, 0x07, 0x16, 0x80, 0xA1, 0x27, 0xD5, 
    0x5C, 0x16, 0x02, 0x51, 0x85, 0x6E, 0x07, 0x80, 0xE5, 0x8F, 0x7C, 0xA8, 
    0x54, 0x16, 0xA0, 0xAC, 0x16, 0x7A, 0x07, 0x2D, 0x16, 0xA0, 0xAC, 0x16, 
    0x7A, 0x04, 0x02, 0x1E, 0x03, 0x00, 0x00, 0x24, 0x02, 0x1F, 0x03, 0x80, 
    0xE9, 0x00, 0x23, 0x16, 0x9E, 0xCC, 0x8B, 0x6D, 0x02, 0x21, 0x03, 0x00, 
    0x00, 0x16, 0x65, 0x0C, 0xDE, 0xD9, 0x02, 0x23, 0x03, 0x00, 0x00, 0x16, 
    0x7F, 0xA3, 0x9F, 0xAD, 0x80, 0xFD, 0x79, 0xD0, 0x90, 0xC0, 0x16, 0x0C, 
    0xF1, 0x31, 0x70, 0x07, 0x03, 0x16, 0x83, 0x2C, 0x07, 0x2D, 0x07, 0x16, 
    0x56, 0xCA, 0x18, 0x8A, 0x04, 0x02, 0x24, 0x03, 0x00, 0x00, 0x24, 0x02, 
    0x25, 0x03, 0x80, 0xE9, 0x00, 0x23, 0x16, 0x88, 0x8E, 0x1A, 0xF6, 0x02, 
    0x27, 0x03, 0x00, 0x00, 0x16, 0x65, 0x0C, 0xDE, 0xD9, 0x02, 0x29, 0x03, 
    0x00, 0x00, 0x16, 0x7F, 0xA3, 0x9F, 0xAD, 0x80, 0x2D, 0x81, 0x7D, 0x15, 
    0xFC, 0xA4, 0x16, 0x0C, 0xF1, 0x31, 0x70, 0x07, 0x03, 0x16, 0x83, 0x2C, 
    0x07, 0x2D, 0x07, 0x16, 0x56, 0xCA, 0x18, 0x8A, 0x04, 0x02, 0x2A, 0x03, 
    0x00, 0x00, 0x24, 0x02, 0x2B, 0x03, 0x00, 0x00, 0x23, 0x16, 0x8A, 0x7D, 
    0xDE, 0xE1, 0x16, 0xF9, 0x81, 0xDC, 0xA1, 0x07, 0x1C, 0x0E, 0x00, 0x00, 
    0x00, 0x42, 0x53, 0x20, 0x42, 0x6C, 0x75, 0x6E, 0x74, 0x73, 0x6C, 0x69, 
    0x64, 0x65, 0x00, 0x02, 0x2E, 0x03, 0x00, 0x00, 0x16, 0x6F, 0xD8, 0x5E, 
    0x25, 0x03, 0x80, 0x8D, 0xF9, 0x81, 0xDC, 0xA1, 0x80, 0xB5, 0x2D, 0x16, 
    0xF9, 0x81, 0xDC, 0xA1, 0x16, 0xAE, 0xC8, 0x66, 0xCD, 0x07, 0x17, 0xFA, 
    0x84, 0x1D, 0x80, 0x00, 0x16, 0x60, 0x97, 0x73, 0x64, 0x07, 0x17, 0x12, 
    0x00, 0x00, 0x00, 0x16, 0x64, 0x0F, 0xB6, 0xEB, 0x07, 0x16, 0x57, 0xB4, 
    0x5E, 0x03, 0x16, 0xA4, 0x9B, 0x54, 0x98, 0x07, 0x16, 0xBE, 0xCE, 0xE3, 
    0x30, 0x16, 0xD6, 0xA8, 0x21, 0x73, 0x07, 0x80, 0xB5, 0x9D, 0x11, 0x10, 
    0x8D, 0x16, 0x83, 0x2C, 0x07, 0x2D, 0x07, 0x2D, 0x16, 0x83, 0x2C, 0x80, 
    0xD9, 0x2D, 0x02, 0x2F, 0x03, 0x00, 0x00, 0x16, 0x42, 0x44, 0xE2, 0xA7, 
    0x07, 0x16, 0xC2, 0x23, 0x2B, 0xE6, 0x16, 0x02, 0x51, 0x85, 0x6E, 0x07, 
    0x80, 0x15, 0x81, 0x8F, 0x7C, 0xA8, 0x54, 0x16, 0xA0, 0xAC, 0x16, 0x7A, 
    0x07, 0x2D, 0x16, 0xA0, 0xAC, 0x16, 0x7A, 0x04, 0x02, 0x30, 0x03, 0x00, 
    0x00, 0x24, 0x02, 0x31, 0x03, 0x00, 0x00, 0x23, 0x16, 0x8E, 0xB8, 0xB2, 
    0x85, 0x16, 0xF9, 0x81, 0xDC, 0xA1, 0x07, 0x1C, 0x0E, 0x00, 0x00, 0x00, 
    0x46, 0x53, 0x20, 0x42, 0x6C, 0x75, 0x6E, 0x74, 0x73, 0x6C, 0x69, 0x64, 
    0x65, 0x00, 0x02, 0x33, 0x03, 0x00, 0x00, 0x16, 0x6F, 0xD8, 0x5E, 0x25, 
    0x03, 0x80, 0x8D, 0xF9, 0x81, 0xDC, 0xA1, 0x80, 0xB5, 0x2D, 0x16, 0xF9, 
    0x81, 0xDC, 0xA1, 0x16, 0xAE, 0xC8, 0x66, 0xCD, 0x07, 0x17, 0xFA, 0x84, 
    0xA5, 0x00, 0x16, 0x60, 0x97, 0x73, 0x64, 0x07, 0x17, 0x12, 0x00, 0x80, 
    0xF1, 0x00, 0x16, 0x64, 0x0F, 0xB6, 0xEB, 0x07, 0x16, 0x28, 0x8F, 0x58, 
    0x00, 0x16, 0xA4, 0x9B, 0x54, 0x98, 0x07, 0x16, 0xB8, 0x19, 0x4B, 0x3B, 
    0x16, 0xD6, 0xA8, 0x21, 0x73, 0x07, 0x80, 0xB5, 0x9D, 0x11, 0x10, 0x8D, 
    0x16, 0x83, 0x2C, 0x07, 0x2D, 0x07, 0x2D, 0x16, 0x83, 0x2C, 0x80, 0xD9, 
    0x2D, 0x02, 0x34, 0x03, 0x00, 0x00, 0x16, 0x42, 0x44, 0xE2, 0xA7, 0x07, 
    0x16, 0x08, 0x1A, 0x0C, 0x26, 0x16, 0x02, 0x51, 0x85, 0x6E, 0x07, 0x80, 
    0x25, 0x81, 0x8B, 0xB9, 0xC4, 0x30, 0x16, 0xA0, 0xAC, 0x16, 0x7A, 0x07, 
    0x2D, 0x16, 0xA0, 0xAC, 0x16, 0x7A, 0x04, 0x02, 0x35, 0x03, 0x00, 0x00, 
    0x24, 0x02, 0x36, 0x03, 0x00, 0x00, 0x23, 0x16, 0x7E, 0x77, 0x27, 0x58, 
    0x16, 0xF9, 0x81, 0xDC, 0xA1, 0x07, 0x1C, 0x12, 0x00, 0x00, 0x00, 0x42, 
    0x53, 0x20, 0x4E, 0x6F, 0x73, 0x65, 0x62, 0x6C, 0x75, 0x6E, 0x74, 0x73, 
    0x6C, 0x69, 0x64, 0x65, 0x00, 0x02, 0x38, 0x03, 0x00, 0x00, 0x16, 0x6F, 
    0xD8, 0x5E, 0x25, 0x03, 0x80, 0x8D, 0xF9, 0x81, 0xDC, 0xA1, 0x80, 0xB5, 
    0x2D, 0x16, 0xF9, 0x81, 0xDC, 0xA1, 0x16, 0xAE, 0xC8, 0x66, 0xCD, 0x07, 
    0x17, 0xFA, 0x84, 0x1D, 0x80, 0x00, 0x16, 0x60, 0x97, 0x73, 0x64, 0x07, 
    0x17, 0x12, 0x00, 0x00, 0x00, 0x16, 0x64, 0x0F, 0xB6, 0xEB, 0x07, 0x16, 
    0x5E, 0x51, 0x21, 0x2F, 0x16, 0xA4, 0x9B, 0x54, 0x98, 0x07, 0x16, 0x21, 
    0xBF, 0xC0, 0xA9, 0x16, 0xD6, 0xA8, 0x21, 0x73, 0x07, 0x80, 0xB5, 0x9D, 
    0x11, 0x10, 0x8D, 0x16, 0x83, 0x2C, 0x07, 0x2D, 0x07, 0x2D, 0x16, 0x83, 
    0x2C, 0x80, 0xD9, 0x2D, 0x02, 0x39, 0x03, 0x00, 0x00, 0x16, 0x42, 0x44, 
    0xE2, 0xA7, 0x07, 0x16, 0x08, 0x1A, 0x0C, 0x26, 0x16, 0x02, 0x51, 0x85, 
    0x6E, 0x07, 0x80, 0x8D, 0xE8, 0xD8, 0x8D, 0x83, 0x80, 0x8D, 0xA0, 0xAC, 
    0x16, 0x7A, 0x80, 0x29, 0x81, 0x2D, 0x16, 0xA0, 0xAC, 0x16, 0x7A, 0x16, 
    0x2C, 0xEF, 0x7B, 0xDE, 0x07, 0x16, 0x56, 0xCA, 0x18, 0x8A, 0x04, 0x02, 
    0x3A, 0x03, 0x00, 0x00, 0x24, 0x02, 0x3B, 0x03, 0x00, 0x00, 0x23, 0x16, 
    0x7A, 0xB2, 0x4B, 0x3C, 0x16, 0xF9, 0x81, 0xDC, 0xA1, 0x07, 0x1C, 0x12, 
    0x00, 0x00, 0x00, 0x46, 0x53, 0x20, 0x4E, 0x6F, 0x73, 0x65, 0x62, 0x6C, 
    0x75, 0x6E, 0x74, 0x73, 0x6C, 0x69, 0x64, 0x65, 0x00, 0x02, 0x3D, 0x03, 
    0x00, 0x00, 0x16, 0x6F, 0xD8, 0x5E, 0x25, 0x03, 0x80, 0x8D, 0xF9, 0x81, 
    0xDC, 0xA1, 0x80, 0xB5, 0x2D, 0x16, 0xF9, 0x81, 0xDC, 0xA1, 0x16, 0xAE, 
    0xC8, 0x66, 0xCD, 0x07, 0x17, 0xFA, 0x84, 0x1D, 0x80, 0x00, 0x16, 0x60, 
    0x97, 0x73, 0x64, 0x07, 0x17, 0x12, 0x00, 0x00, 0x00, 0x16, 0x64, 0x0F, 
    0xB6, 0xEB, 0x07, 0x16, 0xDC, 0x22, 0xF8, 0x9F, 0x16, 0xA4, 0x9B, 0x54, 
    0x98, 0x07, 0x16, 0xEE, 0x98, 0xC8, 0xDA, 0x16, 0xD6, 0xA8, 0x21, 0x73, 
    0x07, 0x80, 0xB5, 0x9D, 0x11, 0x10, 0x8D, 0x16, 0x83, 0x2C, 0x07, 0x2D, 
    0x07, 0x2D, 0x16, 0x83, 0x2C, 0x80, 0xD9, 0x2D, 0x02, 0x3E, 0x03, 0x00, 
    0x00, 0x16, 0x42, 0x44, 0xE2, 0xA7, 0x07, 0x16, 0xC2, 0x23, 0x2B, 0xE6, 
    0x16, 0x2C, 0xEF, 0x7B, 0xDE, 0x07, 0x80, 0x8D, 0x56, 0xCA, 0x18, 0x8A, 
    0x80, 0x8D, 0xA0, 0xAC, 0x16, 0x7A, 0x80, 0xE9, 0x2D, 0x16, 0xA0, 0xAC, 
    0x16, 0x7A, 0x16, 0x02, 0x51, 0x85, 0x6E, 0x07, 0x16, 0xEC, 0x1D, 0xE1, 
    0xE7, 0x04, 0x02, 0x3F, 0x03, 0x00, 0x00, 0x24, 0x02, 0x40, 0x03, 0x80, 
    0x11, 0x80, 0x00, 0x23, 0x16, 0x27, 0x8B, 0xFA, 0x91, 0x02, 0x43, 0x03, 
    0x00, 0x00, 0x16, 0x65, 0x0C, 0xDE, 0xD9, 0x02, 0x44, 0x03, 0x00, 0x00, 
    0x16, 0x69, 0x3F, 0xE9, 0x63, 0x02, 0x45, 0x03, 0x00, 0x00, 0x16, 0x7F, 
    0xA3, 0x9F, 0xAD, 0x80, 0xFD, 0x8A, 0x7D, 0xDE, 0xE1, 0x16, 0x0C, 0xF1, 
    0x31, 0x70, 0x07, 0x03, 0x16, 0x83, 0x2C, 0x07, 0x2D, 0x07, 0x16, 0x56, 
    0xCA, 0x18, 0x8A, 0x04, 0x02, 0x46, 0x03, 0x00, 0x00, 0x24, 0x02, 0x47, 
    0x03, 0x80, 0x11, 0x80, 0x00, 0x23, 0x16, 0x31, 0xC9, 0x6B, 0x0A, 0x02, 
    0x49, 0x03, 0x00, 0x00, 0x16, 0xF3, 0xAD, 0x76, 0xC8, 0x02, 0x4A, 0x03, 
    0x00, 0x00, 0x16, 0x69, 0x3F, 0xE9, 0x63, 0x02, 0x4B, 0x03, 0x00, 0x00, 
    0x16, 0x7F, 0xA3, 0x9F, 0xAD, 0x80, 0xFD, 0x8E, 0xB8, 0xB2, 0x85, 0x16, 
    0x0C, 0xF1, 0x31, 0x70, 0x07, 0x03, 0x16, 0x83, 0x2C, 0x07, 0x2D, 0x07, 
    0x16, 0x56, 0xCA, 0x18, 0x8A, 0x04, 0x02, 0x4C, 0x03, 0x00, 0x00, 0x24, 
    0x02, 0x4D, 0x03, 0x80, 0x11, 0x80, 0x00, 0x23, 0x16, 0xDD, 0xDE, 0xAA, 
    0xE2, 0x02, 0x4F, 0x03, 0x00, 0x00, 0x16, 0xF3, 0xAD, 0x76, 0xC8, 0x02, 
    0x50, 0x03, 0x00, 0x00, 0x16, 0x69, 0x3F, 0xE9, 0x63, 0x02, 0x51, 0x03, 
    0x00, 0x00, 0x16, 0x7F, 0xA3, 0x9F, 0xAD, 0x80, 0xFD, 0x7E, 0x77, 0x27, 
    0x58, 0x16, 0x0C, 0xF1, 0x31, 0x70, 0x07, 0x03, 0x16, 0x83, 0x2C, 0x07, 
    0x2D, 0x07, 0x16, 0x56, 0xCA, 0x18, 0x8A, 0x04, 0x02, 0x52, 0x03, 0x00, 
    0x00, 0x24, 0x02, 0x53, 0x03, 0x80, 0x11, 0x80, 0x00, 0x23, 0x16, 0xCB, 
    0x9C, 0x3B, 0x79, 0x02, 0x55, 0x03, 0x00, 0x00, 0x16, 0xF3, 0xAD, 0x76, 
    0xC8, 0x02, 0x56, 0x03, 0x00, 0x00, 0x16, 0x69, 0x3F, 0xE9, 0x63, 0x02, 
    0x57, 0x03, 0x00, 0x00, 0x16, 0x7F, 0xA3, 0x9F, 0xAD, 0x80, 0xFD, 0x7A, 
    0xB2, 0x4B, 0x3C, 0x16, 0x0C, 0xF1, 0x31, 0x70, 0x07, 0x03, 0x16, 0x83, 
    0x2C, 0x07, 0x2D, 0x07, 0x16, 0x56, 0xCA, 0x18, 0x8A, 0x04, 0x02, 0x58, 
    0x03, 0x00, 0x00, 0x24, 0x02, 0x59, 0x03, 0x80, 0x6D, 0x81, 0x00, 0x23, 
    0x16, 0x9E, 0x32, 0x87, 0x58, 0x02, 0x5F, 0x03, 0x00, 0x00, 0x16, 0x6F, 
    0xD8, 0x5E, 0x25, 0x03, 0x16, 0xF9, 0x81, 0xDC, 0xA1, 0x07, 0x1C, 0x0D, 
    0x00, 0x00, 0x00, 0x42, 0x53, 0x20, 0x48, 0x75, 0x72, 0x72, 0x69, 0x63, 
    0x61, 0x6E, 0x65, 0x00, 0x16, 0xAE, 0xC8, 0x66, 0xCD, 0x07, 0x17, 0x90, 
    0x01, 0x00, 0x00, 0x16, 0x64, 0x0F, 0xB6, 0xEB, 0x07, 0x16, 0x8F, 0xD7, 
    0xAC, 0x3E, 0x16, 0xA4, 0x9B, 0x54, 0x98, 0x07, 0x16, 0x63, 0x46, 0x12, 
    0x6B, 0x16, 0xB7, 0x7D, 0x3F, 0x0E, 0x07, 0x16, 0x62, 0x8F, 0x1D, 0x0C, 
    0x16, 0xD6, 0xA8, 0x21, 0x73, 0x07, 0x80, 0xB5, 0x6F, 0xD8, 0x5E, 0x25, 
    0x16, 0x83, 0x2C, 0x07, 0x2D, 0x07, 0x2D, 0x16, 0x83, 0x2C, 0x80, 0x3D, 
    0x80, 0x2D, 0x02, 0x60, 0x03, 0x00, 0x00, 0x16, 0x42, 0x44, 0xE2, 0xA7, 
    0x07, 0x16, 0x08, 0x1A, 0x0C, 0x26, 0x16, 0x2C, 0xEF, 0x7B, 0xDE, 0x07, 
    0x16, 0x56, 0xCA, 0x18, 0x8A, 0x16, 0x40, 0xAA, 0xEE, 0x1A, 0x16, 0x29, 
    0xBA, 0x78, 0x7C, 0x04, 0x02, 0x61, 0x03, 0x00, 0x00, 0x24, 0x02, 0x62, 
    0x03, 0x80, 0x6D, 0x81, 0x00, 0x23, 0x16, 0x9A, 0xF7, 0xEB, 0x3C, 0x02, 
    0x64, 0x03, 0x00, 0x00, 0x16, 0x6F, 0xD8, 0x5E, 0x25, 0x03, 0x16, 0xF9, 
    0x81, 0xDC, 0xA1, 0x07, 0x1C, 0x0D, 0x00, 0x00, 0x00, 0x46, 0x53, 0x20, 
    0x48, 0x75, 0x72, 0x72, 0x69, 0x63, 0x61, 0x6E, 0x65, 0x00, 0x16, 0xAE, 
    0xC8, 0x66, 0xCD, 0x07, 0x17, 0x90, 0x01, 0x00, 0x00, 0x16, 0x64, 0x0F, 
    0xB6, 0xEB, 0x07, 0x16, 0x34, 0xD3, 0x55, 0x2C, 0x16, 0xA4, 0x9B, 0x54, 
    0x98, 0x07, 0x16, 0x63, 0xD5, 0xB3, 0x37, 0x16, 0xB7, 0x7D, 0x3F, 0x0E, 
    0x07, 0x16, 0x3B, 0x64, 0xF0, 0x42, 0x16, 0xD6, 0xA8, 0x21, 0x73, 0x07, 
    0x80, 0xB5, 0x6F, 0xD8, 0x5E, 0x25, 0x16, 0x83, 0x2C, 0x07, 0x2D, 0x07, 
    0x2D, 0x16, 0x83, 0x2C, 0x80, 0x11, 0x80, 0x2D, 0x02, 0x65, 0x03, 0x00, 
    0x00, 0x16, 0x42, 0x44, 0xE2, 0xA7, 0x07, 0x16, 0xC2, 0x23, 0x2B, 0xE6, 
    0x16, 0x40, 0xAA, 0xEE, 0x1A, 0x16, 0x29, 0xBA, 0x78, 0x7C, 0x04, 0x02, 
    0x66, 0x03, 0x00, 0x00, 0x24, 0x02, 0x67, 0x03, 0x80, 0x11, 0x80, 0x00, 
    0x23, 0x16, 0x27, 0x6C, 0x83, 0xEC, 0x02, 0x69, 0x03, 0x00, 0x00, 0x16, 
    0xF3, 0xAD, 0x76, 0xC8, 0x02, 0x6A, 0x03, 0x00, 0x00, 0x16, 0x69, 0x3F, 
    0xE9, 0x63, 0x02, 0x6B, 0x03, 0x00, 0x00, 0x16, 0x7F, 0xA3, 0x9F, 0xAD, 
    0x80, 0xFD, 0x9E, 0x32, 0x87, 0x58, 0x16, 0x0C, 0xF1, 0x31, 0x70, 0x07, 
    0x03, 0x16, 0x83, 0x2C, 0x07, 0x2D, 0x07, 0x16, 0x56, 0xCA, 0x18, 0x8A, 
    0x04, 0x02, 0x6C, 0x03, 0x00, 0x00, 0x24, 0x02, 0x6D, 0x03, 0x80, 0x11, 
    0x80, 0x00, 0x23, 0x16, 0x31, 0x2E, 0x12, 0x77, 0x02, 0x6F, 0x03, 0x00, 
    0x00, 0x16, 0xF3, 0xAD, 0x76, 0xC8, 0x02, 0x70, 0x03, 0x00, 0x00, 0x16, 
    0x69, 0x3F, 0xE9, 0x63, 0x02, 0x71, 0x03, 0x00, 0x00, 0x16, 0x7F, 0xA3, 
    0x9F, 0xAD, 0x80, 0xFD, 0x9A, 0xF7, 0xEB, 0x3C, 0x16, 0x0C, 0xF1, 0x31, 
    0x70, 0x07, 0x03, 0x16, 0x83, 0x2C, 0x07, 0x2D, 0x07, 0x16, 0x56, 0xCA, 
    0x18, 0x8A, 0x04, 0x02, 0x72, 0x03, 0x00, 0x00, 0x24, 0x02, 0x73, 0x03, 
    0x80, 0x6D, 0x81, 0x00, 0x23, 0x16, 0xBA, 0xFB, 0x11, 0xFE, 0x02, 0x76, 
    0x03, 0x00, 0x00, 0x16, 0x6F, 0xD8, 0x5E, 0x25, 0x03, 0x16, 0xF9, 0x81, 
    0xDC, 0xA1, 0x07, 0x1C, 0x0D, 0x00, 0x00, 0x00, 0x42, 0x53, 0x20, 0x44, 
    0x61, 0x72, 0x6B, 0x73, 0x6C, 0x69, 0x64, 0x65, 0x00, 0x16, 0xAE, 0xC8, 
    0x66, 0xCD, 0x07, 0x17, 0x90, 0x01, 0x00, 0x00, 0x16, 0x64, 0x0F, 0xB6, 
    0xEB, 0x07, 0x16, 0x10, 0xE9, 0xEA, 0xC1, 0x16, 0xA4, 0x9B, 0x54, 0x98, 
    0x07, 0x16, 0x88, 0x8E, 0x5D, 0x0B, 0x16, 0xB7, 0x7D, 0x3F, 0x0E, 0x07, 
    0x16, 0xBB, 0x60, 0x49, 0x45, 0x16, 0xD6, 0xA8, 0x21, 0x73, 0x07, 0x80, 
    0xB5, 0x9D, 0x11, 0x10, 0x8D, 0x16, 0x83, 0x2C, 0x07, 0x2D, 0x07, 0x2D, 
    0x16, 0x83, 0x2C, 0x80, 0x3D, 0x80, 0x2D, 0x02, 0x77, 0x03, 0x00, 0x00, 
    0x16, 0x42, 0x44, 0xE2, 0xA7, 0x07, 0x16, 0x08, 0x1A, 0x0C, 0x26, 0x16, 
    0x40, 0xAA, 0xEE, 0x1A, 0x16, 0x29, 0xBA, 0x78, 0x7C, 0x16, 0x44, 0xA6, 
    0xF3, 0xE0, 0x07, 0x16, 0x56, 0xCA, 0x18, 0x8A, 0x04, 0x02, 0x78, 0x03, 
    0x00, 0x00, 0x24, 0x02, 0x79, 0x03, 0x80, 0x6D, 0x81, 0x00, 0x23, 0x16, 
    0xBE, 0x3E, 0x7D, 0x9A, 0x02, 0x7B, 0x03, 0x00, 0x00, 0x16, 0x6F, 0xD8, 
    0x5E, 0x25, 0x03, 0x16, 0xF9, 0x81, 0xDC, 0xA1, 0x07, 0x1C, 0x0D, 0x00, 
    0x00, 0x00, 0x46, 0x53, 0x20, 0x44, 0x61, 0x72, 0x6B, 0x73, 0x6C, 0x69, 
    0x64, 0x65, 0x00, 0x16, 0xAE, 0xC8, 0x66, 0xCD, 0x07, 0x17, 0x90, 0x01, 
    0x00, 0x00, 0x16, 0x64, 0x0F, 0xB6, 0xEB, 0x07, 0x16, 0x10, 0xE9, 0xEA, 
    0xC1, 0x16, 0xA4, 0x9B, 0x54, 0x98, 0x07, 0x16, 0x88, 0x8E, 0x5D, 0x0B, 
    0x16, 0xB7, 0x7D, 0x3F, 0x0E, 0x07, 0x16, 0xBB, 0x60, 0x49, 0x45, 0x16, 
    0xD6, 0xA8, 0x21, 0x73, 0x07, 0x80, 0xB5, 0x9D, 0x11, 0x10, 0x8D, 0x16, 
    0x83, 0x2C, 0x07, 0x2D, 0x07, 0x2D, 0x16, 0x83, 0x2C, 0x80, 0x3D, 0x80, 
    0x2D, 0x02, 0x7C, 0x03, 0x00, 0x00, 0x16, 0x42, 0x44, 0xE2, 0xA7, 0x07, 
    0x16, 0xC2, 0x23, 0x2B, 0xE6, 0x16, 0x40, 0xAA, 0xEE, 0x1A, 0x16, 0x29, 
    0xBA, 0x78, 0x7C, 0x16, 0x44, 0xA6, 0xF3, 0xE0, 0x07, 0x16, 0x56, 0xCA, 
    0x18, 0x8A, 0x04, 0x02, 0x7D, 0x03, 0x00, 0x00, 0x24, 0x02, 0x7E, 0x03, 
    0x80, 0x11, 0x80, 0x00, 0x23, 0x16, 0xC0, 0xD2, 0x03, 0x45, 0x02, 0x80, 
    0x03, 0x00, 0x00, 0x16, 0xF3, 0xAD, 0x76, 0xC8, 0x02, 0x81, 0x03, 0x00, 
    0x00, 0x16, 0x69, 0x3F, 0xE9, 0x63, 0x02, 0x82, 0x03, 0x00, 0x00, 0x16, 
    0x7F, 0xA3, 0x9F, 0xAD, 0x80, 0xAD, 0xBA, 0xFB, 0x11, 0xFE, 0x16, 0x0C, 
    0xF1, 0x31, 0x70, 0x07, 0x03, 0x16, 0x80, 0xC9, 0x2C, 0x07, 0x2D, 0x07, 
    0x16, 0x56, 0xCA, 0x18, 0x8A, 0x04, 0x02, 0x83, 0x03, 0x00, 0x00, 0x24, 
    0x02, 0x84, 0x03, 0x80, 0x11, 0x80, 0x00, 0x23, 0x16, 0xD6, 0x90, 0x92, 
    0xDE, 0x02, 0x86, 0x03, 0x00, 0x00, 0x16, 0xF3, 0xAD, 0x76, 0xC8, 0x02, 
    0x87, 0x03, 0x00, 0x00, 0x16, 0x69, 0x3F, 0xE9, 0x63, 0x02, 0x88, 0x03, 
    0x00, 0x00, 0x16, 0x7F, 0xA3, 0x9F, 0xAD, 0x80, 0xFD, 0xBE, 0x3E, 0x7D, 
    0x9A, 0x16, 0x0C, 0xF1, 0x31, 0x70, 0x07, 0x03, 0x16, 0x83, 0x2C, 0x07, 
    0x2D, 0x07, 0x16, 0x56, 0xCA, 0x18, 0x8A, 0x04, 0x02, 0x89, 0x03, 0x00, 
    0x00, 0x24, 0x02, 0x8A, 0x03, 0x80, 0xE5, 0x00, 0x23, 0x16, 0x04, 0xD9, 
    0x5F, 0xAE, 0x02, 0x8C, 0x03, 0x00, 0x00, 0x16, 0x6F, 0xD8, 0x5E, 0x25, 
    0x03, 0x16, 0xF9, 0x81, 0xDC, 0xA1, 0x07, 0x1C, 0x0A, 0x80, 0x75, 0x80, 
    0x00, 0x00, 0x42, 0x53, 0x20, 0x43, 0x6F, 0x66, 0x66, 0x69, 0x6E, 0x00, 
    0x16, 0xAE, 0xC8, 0x66, 0xCD, 0x07, 0x17, 0xF4, 0x01, 0x00, 0x00, 0x16, 
    0x64, 0x0F, 0xB6, 0xEB, 0x07, 0x16, 0x56, 0x77, 0x7E, 0x4F, 0x16, 0xA4, 
    0x9B, 0x54, 0x98, 0x07, 0x16, 0xB3, 0xFE, 0x6C, 0x94, 0x16, 0xB7, 0x7D, 
    0x3F, 0x0E, 0x07, 0x16, 0x26, 0xDF, 0x38, 0x6F, 0x16, 0xD6, 0xA8, 0x21, 
    0x73, 0x07, 0x80, 0xB5, 0x6F, 0xD8, 0x5E, 0x25, 0x16, 0x83, 0x2C, 0x07, 
    0x2D, 0x07, 0x2D, 0x16, 0x83, 0x2C, 0x80, 0x11, 0x80, 0x2D, 0x02, 0x8D, 
    0x03, 0x00, 0x00, 0x16, 0x42, 0x44, 0xE2, 0xA7, 0x07, 0x16, 0xC2, 0x23, 
    0x2B, 0xE6, 0x16, 0x40, 0xAA, 0xEE, 0x1A, 0x16, 0x29, 0xBA, 0x78, 0x7C, 
    0x04, 0x02, 0x8E, 0x03, 0x00, 0x00, 0x24, 0x02, 0x8F, 0x03, 0x80, 0xE5, 
    0x00, 0x23, 0x16, 0x00, 0x1C, 0x33, 0xCA, 0x02, 0x91, 0x03, 0x00, 0x00, 
    0x16, 0x6F, 0xD8, 0x5E, 0x25, 0x03, 0x16, 0xF9, 0x81, 0xDC, 0xA1, 0x07, 
    0x1C, 0x0A, 0x80, 0x75, 0x80, 0x00, 0x00, 0x46, 0x53, 0x20, 0x43, 0x6F, 
    0x66, 0x66, 0x69, 0x6E, 0x00, 0x16, 0xAE, 0xC8, 0x66, 0xCD, 0x07, 0x17, 
    0xF4, 0x01, 0x00, 0x00, 0x16, 0x64, 0x0F, 0xB6, 0xEB, 0x07, 0x16, 0x56, 
    0x77, 0x7E, 0x4F, 0x16, 0xA4, 0x9B, 0x54, 0x98, 0x07, 0x16, 0xB3, 0xFE, 
    0x6C, 0x94, 0x16, 0xB7, 0x7D, 0x3F, 0x0E, 0x07, 0x16, 0x26, 0xDF, 0x38, 
    0x6F, 0x16, 0xD6, 0xA8, 0x21, 0x73, 0x07, 0x80, 0xB5, 0x6F, 0xD8, 0x5E, 
    0x25, 0x16, 0x83, 0x2C, 0x07, 0x2D, 0x07, 0x2D, 0x16, 0x83, 0x2C, 0x80, 
    0x11, 0x80, 0x2D, 0x02, 0x92, 0x03, 0x00, 0x00, 0x16, 0x42, 0x44, 0xE2, 
    0xA7, 0x07, 0x16, 0xC2, 0x23, 0x2B, 0xE6, 0x16, 0x40, 0xAA, 0xEE, 0x1A, 
    0x16, 0x29, 0xBA, 0x78, 0x7C, 0x04, 0x02, 0x93, 0x03, 0x00, 0x00, 0x24, 
    0x02, 0x94, 0x03, 0x80, 0x11, 0x80, 0x00, 0x23, 0x16, 0x98, 0x4A, 0xF6, 
    0x86, 0x02, 0x96, 0x03, 0x00, 0x00, 0x16, 0xF3, 0xAD, 0x76, 0xC8, 0x02, 
    0x97, 0x03, 0x00, 0x00, 0x16, 0x69, 0x3F, 0xE9, 0x63, 0x02, 0x98, 0x03, 
    0x00, 0x00, 0x16, 0x7F, 0xA3, 0x9F, 0xAD, 0x80, 0xFD, 0x04, 0xD9, 0x5F, 
    0xAE, 0x16, 0x0C, 0xF1, 0x31, 0x70, 0x07, 0x03, 0x16, 0x83, 0x2C, 0x07, 
    0x2D, 0x07, 0x16, 0x56, 0xCA, 0x18, 0x8A, 0x04, 0x02, 0x99, 0x03, 0x00, 
    0x00, 0x24, 0x02, 0x9A, 0x03, 0x80, 0x11, 0x80, 0x00, 0x23, 0x16, 0x8E, 
    0x08, 0x67, 0x1D, 0x02, 0x9C, 0x03, 0x00, 0x00, 0x16, 0xF3, 0xAD, 0x76, 
    0xC8, 0x02, 0x9D, 0x03, 0x00, 0x00, 0x16, 0x69, 0x3F, 0xE9, 0x63, 0x02, 
    0x9E, 0x03, 0x00, 0x00, 0x16, 0x7F, 0xA3, 0x9F, 0xAD, 0x80, 0xFD, 0x00, 
    0x1C, 0x33, 0xCA, 0x16, 0x0C, 0xF1, 0x31, 0x70, 0x07, 0x03, 0x16, 0x83, 
    0x2C, 0x07, 0x2D, 0x07, 0x16, 0x56, 0xCA, 0x18, 0x8A, 0x04, 0x02, 0x9F, 
    0x03, 0x00, 0x00, 0x24, 0x02, 0xA0, 0x03, 0x80, 0x25, 0x81, 0x00, 0x23, 
    0x16, 0x5C, 0xC6, 0x7A, 0x53, 0x02, 0xA2, 0x03, 0x00, 0x00, 0x16, 0x6F, 
    0xD8, 0x5E, 0x25, 0x03, 0x16, 0xF9, 0x81, 0xDC, 0xA1, 0x07, 0x1C, 0x0D, 
    0x00, 0x00, 0x00, 0x42, 0x53, 0x20, 0x46, 0x61, 0x6E, 0x64, 0x61, 0x6E, 
    0x67, 0x6C, 0x65, 0x00, 0x16, 0xAE, 0xC8, 0x66, 0xCD, 0x07, 0x17, 0xF4, 
    0x01, 0x00, 0x00, 0x16, 0x64, 0x0F, 0xB6, 0xEB, 0x07, 0x16, 0x00, 0x5C, 
    0xA6, 0x91, 0x16, 0xA4, 0x9B, 0x54, 0x98, 0x07, 0x16, 0x59, 0xD2, 0xBA, 
    0x80, 0xC1, 0x16, 0xB7, 0x7D, 0x3F, 0x0E, 0x07, 0x16, 0xCB, 0x4C, 0x8D, 
    0x0C, 0x16, 0xD6, 0xA8, 0x21, 0x73, 0x07, 0x80, 0xB5, 0x6F, 0xD8, 0x5E, 
    0x25, 0x16, 0x83, 0x2C, 0x07, 0x2D, 0x07, 0x2D, 0x16, 0x83, 0x2C, 0x80, 
    0x4D, 0x80, 0x2D, 0x02, 0xA3, 0x03, 0x00, 0x00, 0x16, 0x42, 0x44, 0xE2, 
    0xA7, 0x07, 0x16, 0xC2, 0x23, 0x2B, 0xE6, 0x16, 0x40, 0xAA, 0xEE, 0x1A, 
    0x16, 0x02, 0x51, 0x85, 0x6E, 0x07, 0x16, 0xE8, 0xD8, 0x8D, 0x83, 0x16, 
    0x29, 0xBA, 0x78, 0x7C, 0x16, 0x44, 0xA6, 0xF3, 0xE0, 0x07, 0x16, 0x56, 
    0xCA, 0x18, 0x8A, 0x04, 0x02, 0xA4, 0x80, 0x95, 0x00, 0x00, 0x24, 0x02, 
    0xA5, 0x03, 0x80, 0x25, 0x81, 0x00, 0x23, 0x16, 0x58, 0x03, 0x16, 0x37, 
    0x02, 0xA7, 0x03, 0x00, 0x00, 0x16, 0x6F, 0xD8, 0x5E, 0x25, 0x03, 0x16, 
    0xF9, 0x81, 0xDC, 0xA1, 0x07, 0x1C, 0x0D, 0x00, 0x00, 0x00, 0x46, 0x53, 
    0x20, 0x46, 0x61, 0x6E, 0x64, 0x61, 0x6E, 0x67, 0x6C, 0x65, 0x00, 0x16, 
    0xAE, 0xC8, 0x66, 0xCD, 0x07, 0x17, 0xF4, 0x01, 0x00, 0x00, 0x16, 0x64, 
    0x0F, 0xB6, 0xEB, 0x07, 0x16, 0x00, 0x5C, 0xA6, 0x91, 0x16, 0xA4, 0x9B, 
    0x54, 0x98, 0x07, 0x16, 0x59, 0xD2, 0xBA, 0x80, 0xC1, 0x16, 0xB7, 0x7D, 
    0x3F, 0x0E, 0x07, 0x16, 0xCB, 0x4C, 0x8D, 0x0C, 0x16, 0xD6, 0xA8, 0x21, 
    0x73, 0x07, 0x80, 0xB5, 0x6F, 0xD8, 0x5E, 0x25, 0x16, 0x83, 0x2C, 0x07, 
    0x2D, 0x07, 0x2D, 0x16, 0x83, 0x2C, 0x80, 0x69, 0x80, 0x2D, 0x02, 0xA8, 
    0x03, 0x00, 0x00, 0x16, 0x42, 0x44, 0xE2, 0xA7, 0x07, 0x16, 0xC2, 0x23, 
    0x2B, 0xE6, 0x16, 0x40, 0xAA, 0xEE, 0x1A, 0x16, 0x02, 0x51, 0x85, 0x6E, 
    0x07, 0x16, 0xEC, 0x1D, 0xE1, 0xE7, 0x16, 0x29, 0xBA, 0x78, 0x7C, 0x16, 
    0x44, 0xA6, 0xF3, 0xE0, 0x07, 0x16, 0x56, 0xCA, 0x18, 0x8A, 0x04, 0x02, 
    0xA9, 0x03, 0x00, 0x00, 0x24, 0x02, 0xAA, 0x03, 0x80, 0x11, 0x80, 0x00, 
    0x23, 0x16, 0xDE, 0xD7, 0xCA, 0xB4, 0x02, 0xAC, 0x03, 0x00, 0x00, 0x16, 
    0xF3, 0xAD, 0x76, 0xC8, 0x02, 0xAD, 0x03, 0x00, 0x00, 0x16, 0x69, 0x3F, 
    0xE9, 0x63, 0x02, 0xAE, 0x03, 0x00, 0x00, 0x16, 0x7F, 0xA3, 0x9F, 0xAD, 
    0x80, 0xFD, 0x5C, 0xC6, 0x7A, 0x53, 0x16, 0x0C, 0xF1, 0x31, 0x70, 0x07, 
    0x03, 0x16, 0x83, 0x2C, 0x07, 0x2D, 0x07, 0x16, 0x56, 0xCA, 0x18, 0x8A, 
    0x04, 0x02, 0xAF, 0x03, 0x00, 0x00, 0x24, 0x02, 0xB0, 0x03, 0x80, 0x11, 
    0x80, 0x00, 0x23, 0x16, 0xC8, 0x95, 0x5B, 0x2F, 0x02, 0xB2, 0x03, 0x00, 
    0x00, 0x16, 0xF3, 0xAD, 0x76, 0xC8, 0x02, 0xB3, 0x03, 0x00, 0x00, 0x16, 
    0x69, 0x3F, 0xE9, 0x63, 0x02, 0xB4, 0x03, 0x00, 0x00, 0x16, 0x7F, 0xA3, 
    0x9F, 0xAD, 0x80, 0xFD, 0x58, 0x03, 0x16, 0x37, 0x16, 0x0C, 0xF1, 0x31, 
    0x70, 0x07, 0x03, 0x16, 0x83, 0x2C, 0x07, 0x2D, 0x07, 0x16, 0x56, 0xCA, 
    0x18, 0x8A, 0x04, 0x02, 0xB5, 0x03, 0x00, 0x00, 0x24, 0x02, 0xB6, 0x03, 
    0x80, 0x75, 0x81, 0x00, 0x23, 0x16, 0xB4, 0xD6, 0x8A, 0x32, 0x02, 0xB8, 
    0x03, 0x00, 0x00, 0x16, 0x6F, 0xD8, 0x5E, 0x25, 0x03, 0x16, 0xF9, 0x81, 
    0xDC, 0xA1, 0x07, 0x1C, 0x0F, 0x00, 0x00, 0x00, 0x42, 0x53, 0x20, 0x43, 
    0x72, 0x61, 0x69, 0x6C, 0x20, 0x53, 0x6C, 0x69, 0x64, 0x65, 0x00, 0x16, 
    0xAE, 0xC8, 0x66, 0xCD, 0x07, 0x17, 0xF4, 0x01, 0x00, 0x00, 0x16, 0x64, 
    0x0F, 0xB6, 0xEB, 0x07, 0x16, 0x01, 0x97, 0x00, 0x5E, 0x16, 0xA4, 0x9B, 
    0x54, 0x98, 0x07, 0x16, 0x04, 0x44, 0x72, 0x61, 0x16, 0xB7, 0x7D, 0x3F, 
    0x0E, 0x07, 0x16, 0xFD, 0xD4, 0xD3, 0x10, 0x16, 0xD6, 0xA8, 0x21, 0x73, 
    0x07, 0x80, 0xB5, 0x6F, 0xD8, 0x5E, 0x25, 0x16, 0x83, 0x2C, 0x07, 0x2D, 
    0x07, 0x2D, 0x16, 0x83, 0x2C, 0x80, 0x3D, 0x80, 0x2D, 0x02, 0xB9, 0x03, 
    0x00, 0x00, 0x16, 0x42, 0x44, 0xE2, 0xA7, 0x07, 0x16, 0xC2, 0x23, 0x2B, 
    0xE6, 0x16, 0x40, 0xAA, 0xEE, 0x1A, 0x16, 0x02, 0x51, 0x85, 0x6E, 0x07, 
    0x16, 0x8F, 0x7C, 0xA8, 0x54, 0x16, 0x29, 0xBA, 0x78, 0x7C, 0x04, 0x02, 
    0xBA, 0x03, 0x00, 0x00, 0x24, 0x02, 0xBB, 0x03, 0x80, 0x75, 0x81, 0x00, 
    0x23, 0x16, 0xB0, 0x13, 0xE6, 0x56, 0x02, 0xBD, 0x03, 0x00, 0x00, 0x16, 
    0x6F, 0xD8, 0x5E, 0x25, 0x03, 0x16, 0xF9, 0x81, 0xDC, 0xA1, 0x07, 0x1C, 
    0x0F, 0x00, 0x00, 0x00, 0x46, 0x53, 0x20, 0x43, 0x72, 0x61, 0x69, 0x6C, 
    0x20, 0x53, 0x6C, 0x69, 0x64, 0x65, 0x00, 0x16, 0xAE, 0xC8, 0x66, 0xCD, 
    0x07, 0x17, 0xF4, 0x01, 0x00, 0x00, 0x16, 0x64, 0x0F, 0xB6, 0xEB, 0x07, 
    0x16, 0x01, 0x97, 0x00, 0x5E, 0x16, 0xA4, 0x9B, 0x54, 0x98, 0x07, 0x16, 
    0x04, 0x44, 0x72, 0x61, 0x16, 0xB7, 0x7D, 0x3F, 0x0E, 0x07, 0x16, 0xFD, 
    0xD4, 0xD3, 0x10, 0x16, 0xD6, 0xA8, 0x21, 0x73, 0x07, 0x80, 0xB5, 0x6F, 
    0xD8, 0x5E, 0x25, 0x16, 0x83, 0x2C, 0x07, 0x2D, 0x07, 0x2D, 0x16, 0x83, 
    0x2C, 0x80, 0x3D, 0x80, 0x2D, 0x02, 0xBE, 0x03, 0x00, 0x00, 0x16, 0x42, 
    0x44, 0xE2, 0xA7, 0x07, 0x16, 0xC2, 0x23, 0x2B, 0xE6, 0x16, 0x40, 0xAA, 
    0xEE, 0x1A, 0x16, 0x02, 0x51, 0x85, 0x6E, 0x07, 0x16, 0x8B, 0xB9, 0xC4, 
    0x30, 0x16, 0x29, 0xBA, 0x78, 0x7C, 0x04, 0x02, 0xBF, 0x03, 0x00, 0x00, 
    0x24, 0x02, 0xC0, 0x03, 0x80, 0x11, 0x80, 0x00, 0x23, 0x16, 0x0A, 0xAD, 
    0x2E, 0x95, 0x02, 0xC2, 0x03, 0x00, 0x00, 0x16, 0xF3, 0xAD, 0x76, 0xC8, 
    0x02, 0xC3, 0x03, 0x00, 0x00, 0x16, 0x69, 0x3F, 0xE9, 0x63, 0x02, 0xC4, 
    0x03, 0x00, 0x00, 0x16, 0x7F, 0xA3, 0x9F, 0xAD, 0x80, 0xFD, 0xB4, 0xD6, 
    0x8A, 0x32, 0x16, 0x0C, 0xF1, 0x31, 0x70, 0x07, 0x03, 0x16, 0x83, 0x2C, 
    0x07, 0x2D, 0x07, 0x16, 0x56, 0xCA, 0x18, 0x8A, 0x04, 0x02, 0xC5, 0x03, 
    0x00, 0x00, 0x24, 0x02, 0xC6, 0x03, 0x80, 0x11, 0x80, 0x00, 0x23, 0x16, 
    0x1C, 0xEF, 0xBF, 0x0E, 0x02, 0xC8, 0x03, 0x00, 0x00, 0x16, 0xF3, 0xAD, 
    0x76, 0xC8, 0x02, 0xC9, 0x03, 0x00, 0x00, 0x16, 0x69, 0x3F, 0xE9, 0x63, 
    0x02, 0xCA, 0x03, 0x00, 0x00, 0x16, 0x7F, 0xA3, 0x9F, 0xAD, 0x80, 0xFD, 
    0xB0, 0x13, 0xE6, 0x56, 0x16, 0x0C, 0xF1, 0x31, 0x70, 0x07, 0x03, 0x16, 
    0x83, 0x2C, 0x07, 0x2D, 0x07, 0x16, 0x56, 0xCA, 0x18, 0x8A, 0x04, 0x02, 
    0xCB, 0x03, 0x00, 0x00, 0x24, 0x02, 0xCC, 0x03, 0x80, 0x79, 0x81, 0x00, 
    0x23, 0x16, 0x1F, 0x19, 0xE5, 0x10, 0x02, 0xCE, 0x03, 0x00, 0x00, 0x16, 
    0x6F, 0xD8, 0x5E, 0x25, 0x03, 0x16, 0xF9, 0x81, 0xDC, 0xA1, 0x07, 0x1C, 
    0x10, 0x00, 0x00, 0x00, 0x42, 0x53, 0x20, 0x35, 0x2D, 0x30, 0x20, 0x4F, 
    0x76, 0x65, 0x72, 0x74, 0x75, 0x72, 0x6E, 0x00, 0x16, 0xAE, 0xC8, 0x66, 
    0xCD, 0x07, 0x17, 0xF4, 0x01, 0x00, 0x00, 0x16, 0x64, 0x0F, 0xB6, 0xEB, 
    0x07, 0x16, 0x18, 0xF7, 0xC1, 0x9C, 0x16, 0xA4, 0x9B, 0x54, 0x98, 0x07, 
    0x16, 0xA4, 0x2D, 0xDB, 0x05, 0x16, 0xB7, 0x7D, 0x3F, 0x0E, 0x07, 0x16, 
    0x41, 0x6A, 0x4C, 0x06, 0x16, 0xD6, 0xA8, 0x21, 0x73, 0x07, 0x80, 0xB5, 
    0x6F, 0xD8, 0x5E, 0x25, 0x16, 0x83, 0x2C, 0x07, 0x2D, 0x07, 0x2D, 0x16, 
    0x83, 0x2C, 0x80, 0x3D, 0x80, 0x2D, 0x02, 0xCF, 0x03, 0x00, 0x00, 0x16, 
    0x42, 0x44, 0xE2, 0xA7, 0x07, 0x16, 0xC2, 0x23, 0x2B, 0xE6, 0x16, 0x40, 
    0xAA, 0xEE, 0x1A, 0x16, 0x02, 0x51, 0x85, 0x6E, 0x07, 0x16, 0x8F, 0x7C, 
    0xA8, 0x54, 0x16, 0x29, 0xBA, 0x78, 0x7C, 0x04, 0x02, 0xD0, 0x03, 0x00, 
    0x00, 0x24, 0x02, 0xD1, 0x03, 0x80, 0x79, 0x81, 0x00, 0x23, 0x16, 0x1B, 
    0xDC, 0x89, 0x74, 0x02, 0xD3, 0x03, 0x00, 0x00, 0x16, 0x6F, 0xD8, 0x5E, 
    0x25, 0x03, 0x16, 0xF9, 0x81, 0xDC, 0xA1, 0x07, 0x1C, 0x10, 0x00, 0x00, 
    0x00, 0x46, 0x53, 0x20, 0x35, 0x2D, 0x30, 0x20, 0x4F, 0x76, 0x65, 0x72, 
    0x74, 0x75, 0x72, 0x6E, 0x00, 0x16, 0xAE, 0xC8, 0x66, 0xCD, 0x07, 0x17, 
    0xF4, 0x01, 0x00, 0x00, 0x16, 0x64, 0x0F, 0xB6, 0xEB, 0x07, 0x16, 0x18, 
    0xF7, 0xC1, 0x9C, 0x16, 0xA4, 0x9B, 0x54, 0x98, 0x07, 0x16, 0xA4, 0x2D, 
    0xDB, 0x05, 0x16, 0xB7, 0x7D, 0x3F, 0x0E, 0x07, 0x16, 0x41, 0x6A, 0x4C, 
    0x06, 0x16, 0xD6, 0xA8, 0x21, 0x73, 0x07, 0x80, 0xB5, 0x6F, 0xD8, 0x5E, 
    0x25, 0x16, 0x83, 0x2C, 0x07, 0x2D, 0x07, 0x2D, 0x16, 0x83, 0x2C, 0x80, 
    0x3D, 0x80, 0x2D, 0x02, 0xD4, 0x03, 0x00, 0x00, 0x16, 0x42, 0x44, 0xE2, 
    0xA7, 0x07, 0x16, 0xC2, 0x23, 0x2B, 0xE6, 0x16, 0x40, 0xAA, 0xEE, 0x1A, 
    0x16, 0x02, 0x51, 0x85, 0x6E, 0x07, 0x16, 0x8B, 0xB9, 0xC4, 0x30, 0x16, 
    0x29, 0xBA, 0x78, 0x7C, 0x04, 0x02, 0xD5, 0x03, 0x00, 0x00, 0x24, 0x02, 
    0xD6, 0x03, 0x80, 0x11, 0x80, 0x00, 0x23, 0x16, 0xFF, 0xD4, 0xB2, 0xA2, 
    0x02, 0xD8, 0x03, 0x00, 0x00, 0x16, 0xF3, 0xAD, 0x76, 0xC8, 0x02, 0xD9, 
    0x03, 0x00, 0x00, 0x16, 0x69, 0x3F, 0xE9, 0x63, 0x02, 0xDA, 0x03, 0x00, 
    0x00, 0x16, 0x7F, 0xA3, 0x9F, 0xAD, 0x80, 0xFD, 0x1F, 0x19, 0xE5, 0x10, 
    0x16, 0x0C, 0xF1, 0x31, 0x70, 0x07, 0x03, 0x16, 0x83, 0x2C, 0x07, 0x2D, 
    0x07, 0x16, 0x56, 0xCA, 0x18, 0x8A, 0x04, 0x02, 0xDB, 0x03, 0x00, 0x00, 
    0x24, 0x02, 0xDC, 0x03, 0x80, 0x11, 0x80, 0x00, 0x23, 0x16, 0xE9, 0x96, 
    0x23, 0x39, 0x02, 0xDE, 0x03, 0x00, 0x00, 0x16, 0xF3, 0xAD, 0x76, 0xC8, 
    0x02, 0xDF, 0x03, 0x00, 0x00, 0x16, 0x69, 0x3F, 0xE9, 0x63, 0x02, 0xE0, 
    0x03, 0x00, 0x00, 0x16, 0x7F, 0xA3, 0x9F, 0xAD, 0x80, 0xFD, 0x1B, 0xDC, 
    0x89, 0x74, 0x16, 0x0C, 0xF1, 0x31, 0x70, 0x07, 0x03, 0x16, 0x83, 0x2C, 
    0x07, 0x2D, 0x07, 0x16, 0x56, 0xCA, 0x18, 0x8A, 0x04, 0x02, 0xE1, 0x03, 
    0x00, 0x00, 0x24, 0x02, 0xE2, 0x03, 0x80, 0x05, 0x82, 0x00, 0x23, 0x16, 
    0x76, 0x95, 0xEB, 0xB3, 0x02, 0xE5, 0x03, 0x00, 0x00, 0x16, 0x6F, 0xD8, 
    0x5E, 0x25, 0x03, 0x16, 0xF9, 0x81, 0xDC, 0xA1, 0x07, 0x1C, 0x13, 0x00, 
    0x00, 0x00, 0x48, 0x61, 0x6E, 0x67, 0x20, 0x54, 0x65, 0x6E, 0x20, 0x4E, 
    0x6F, 0x73, 0x65, 0x67, 0x72, 0x69, 0x6E, 0x64, 0x00, 0x16, 0xAE, 0xC8, 
    0x66, 0xCD, 0x07, 0x17, 0xF4, 0x01, 0x00, 0x00, 0x16, 0x64, 0x0F, 0xB6, 
    0xEB, 0x07, 0x16, 0xA5, 0xD0, 0x79, 0x9B, 0x16, 0xA4, 0x9B, 0x54, 0x98, 
    0x07, 0x16, 0xB2, 0x5A, 0x0C, 0xB0, 0x16, 0xB7, 0x7D, 0x3F, 0x0E, 0x07, 
    0x16, 0x45, 0xCE, 0xAF, 0xD3, 0x16, 0xD6, 0xA8, 0x21, 0x73, 0x07, 0x80, 
    0xB5, 0x6F, 0xD8, 0x5E, 0x25, 0x16, 0x83, 0x2C, 0x07, 0x2D, 0x07, 0x2D, 
    0x16, 0x83, 0x2C, 0x80, 0x3D, 0x80, 0x2D, 0x02, 0xE6, 0x03, 0x00, 0x00, 
    0x16, 0x42, 0x44, 0xE2, 0xA7, 0x07, 0x16, 0xC2, 0x23, 0x2B, 0xE6, 0x16, 
    0x02, 0x51, 0x85, 0x6E, 0x07, 0x16, 0xE8, 0xD8, 0x8D, 0x83, 0x16, 0x40, 
    0xAA, 0xEE, 0x1A, 0x16, 0x2C, 0xEF, 0x7B, 0xDE, 0x04, 0x02, 0xE7, 0x03, 
    0x00, 0x00, 0x24, 0x02, 0xE8, 0x03, 0x80, 0x05, 0x82, 0x00, 0x23, 0x16, 
    0x72, 0x50, 0x87, 0xD7, 0x02, 0xEA, 0x03, 0x00, 0x00, 0x16, 0x6F, 0xD8, 
    0x5E, 0x25, 0x03, 0x16, 0xF9, 0x81, 0xDC, 0xA1, 0x07, 0x1C, 0x13, 0x00, 
    0x00, 0x00, 0x48, 0x61, 0x6E, 0x67, 0x20, 0x54, 0x65, 0x6E, 0x20, 0x4E, 
    0x6F, 0x73, 0x65, 0x67, 0x72, 0x69, 0x6E, 0x64, 0x00, 0x16, 0xAE, 0xC8, 
    0x66, 0xCD, 0x07, 0x17, 0xF4, 0x01, 0x00, 0x00, 0x16, 0x64, 0x0F, 0xB6, 
    0xEB, 0x07, 0x16, 0xA5, 0xD0, 0x79, 0x9B, 0x16, 0xA4, 0x9B, 0x54, 0x98, 
    0x07, 0x16, 0xB2, 0x5A, 0x0C, 0xB0, 0x16, 0xB7, 0x7D, 0x3F, 0x0E, 0x07, 
    0x16, 0x45, 0xCE, 0xAF, 0xD3, 0x16, 0xD6, 0xA8, 0x21, 0x73, 0x07, 0x80, 
    0xB5, 0x6F, 0xD8, 0x5E, 0x25, 0x16, 0x83, 0x2C, 0x07, 0x2D, 0x07, 0x2D, 
    0x16, 0x83, 0x2C, 0x80, 0x3D, 0x80, 0x2D, 0x02, 0xEB, 0x03, 0x00, 0x00, 
    0x16, 0x42, 0x44, 0xE2, 0xA7, 0x07, 0x16, 0xC2, 0x23, 0x2B, 0xE6, 0x16, 
    0x02, 0x51, 0x85, 0x6E, 0x07, 0x16, 0xEC, 0x1D, 0xE1, 0xE7, 0x16, 0x40, 
    0xAA, 0xEE, 0x1A, 0x16, 0x2C, 0xEF, 0x7B, 0xDE, 0x04, 0x02, 0xEC, 0x03, 
    0x00, 0x00, 0x24, 0x02, 0xED, 0x03, 0x80, 0x11, 0x80, 0x00, 0x23, 0x16, 
    0x4E, 0x51, 0xEF, 0xDD, 0x02, 0xEF, 0x03, 0x00, 0x00, 0x16, 0xF3, 0xAD, 
    0x76, 0xC8, 0x02, 0xF0, 0x03, 0x00, 0x00, 0x16, 0x69, 0x3F, 0xE9, 0x63, 
    0x02, 0xF1, 0x03, 0x00, 0x00, 0x16, 0x7F, 0xA3, 0x9F, 0xAD, 0x80, 0xFD, 
    0x76, 0x95, 0xEB, 0xB3, 0x16, 0x0C, 0xF1, 0x31, 0x70, 0x07, 0x03, 0x16, 
    0x83, 0x2C, 0x07, 0x2D, 0x07, 0x16, 0x56, 0xCA, 0x18, 0x8A, 0x04, 0x02, 
    0xF2, 0x03, 0x00, 0x00, 0x24, 0x02, 0xF3, 0x03, 0x80, 0x11, 0x80, 0x00, 
    0x23, 0x16, 0x58, 0x13, 0x7E, 0x46, 0x02, 0xF5, 0x03, 0x00, 0x00, 0x16, 
    0xF3, 0xAD, 0x76, 0xC8, 0x02, 0xF6, 0x03, 0x00, 0x00, 0x16, 0x69, 0x3F, 
    0xE9, 0x63, 0x02, 0xF7, 0x03, 0x00, 0x00, 0x16, 0x7F, 0xA3, 0x9F, 0xAD, 
    0x80, 0xFD, 0x72, 0x50, 0x87, 0xD7, 0x16, 0x0C, 0xF1, 0x31, 0x70, 0x07, 
    0x03, 0x16, 0x83, 0x2C, 0x07, 0x2D, 0x07, 0x16, 0x56, 0xCA, 0x18, 0x8A, 
    0x04, 0x02, 0xF8, 0x03, 0x00, 0x00, 0x24, 0x02, 0xF9, 0x03, 0x80, 0x8D, 
    0x00, 0x23, 0x16, 0x33, 0x80, 0x65, 0x81, 0xCE, 0xE0, 0x02, 0xFB, 0x03, 
    0x00, 0x00, 0x16, 0x6F, 0xD8, 0x5E, 0x25, 0x03, 0x16, 0xF9, 0x81, 0xDC, 
    0xA1, 0x07, 0x1C, 0x10, 0x00, 0x00, 0x00, 0x48, 0x61, 0x6E, 0x64, 0x73, 
    0x74, 0x61, 0x6E, 0x64, 0x20, 0x35, 0x30, 0x2D, 0x35, 0x30, 0x00, 0x16, 
    0xAE, 0xC8, 0x66, 0xCD, 0x07, 0x17, 0xF4, 0x01, 0x00, 0x00, 0x16, 0x64, 
    0x0F, 0xB6, 0xEB, 0x07, 0x16, 0xAE, 0x1F, 0x1C, 0x89, 0x16, 0xA4, 0x9B, 
    0x54, 0x98, 0x07, 0x16, 0xF5, 0xE6, 0xCC, 0x27, 0x16, 0xB7, 0x7D, 0x3F, 
    0x0E, 0x07, 0x16, 0x1C, 0x95, 0x89, 0x01, 0x16, 0xD6, 0xA8, 0x21, 0x73, 
    0x07, 0x80, 0xB5, 0x6F, 0xD8, 0x5E, 0x25, 0x16, 0x83, 0x2C, 0x07, 0x2D, 
    0x07, 0x2D, 0x16, 0x83, 0x2C, 0x80, 0x11, 0x80, 0x2D, 0x02, 0xFC, 0x03, 
    0x00, 0x00, 0x16, 0x42, 0x44, 0xE2, 0xA7, 0x07, 0x16, 0x0F, 0x59, 0x95, 
    0x4B, 0x16, 0x40, 0xAA, 0xEE, 0x1A, 0x16, 0x29, 0xBA, 0x78, 0x7C, 0x04, 
    0x02, 0xFD, 0x03, 0x00, 0x00, 0x24, 0x02, 0xFE, 0x03, 0x80, 0xF9, 0x00, 
    0x23, 0x16, 0x37, 0xE0, 0xA2, 0x84, 0x02, 0x00, 0x04, 0x00, 0x00, 0x16, 
    0x7F, 0xA3, 0x9F, 0xAD, 0x16, 0x33, 0x25, 0xCE, 0xE0, 0x02, 0x01, 0x04, 
    0x00, 0x00, 0x24, 0x02, 0x02, 0x04, 0x80, 0x11, 0x80, 0x00, 0x23, 0x16, 
    0xF8, 0xD7, 0xEA, 0xAE, 0x02, 0x04, 0x04, 0x00, 0x00, 0x16, 0xF3, 0xAD, 
    0x76, 0xC8, 0x02, 0x05, 0x04, 0x00, 0x00, 0x16, 0x69, 0x3F, 0xE9, 0x63, 
    0x02, 0x06, 0x04, 0x00, 0x00, 0x16, 0x7F, 0xA3, 0x9F, 0xAD, 0x80, 0xFD, 
    0x33, 0x25, 0xCE, 0xE0, 0x16, 0x0C, 0xF1, 0x31, 0x70, 0x07, 0x03, 0x16, 
    0x83, 0x2C, 0x07, 0x2D, 0x07, 0x16, 0x56, 0xCA, 0x18, 0x8A, 0x04, 0x02, 
    0x07, 0x04, 0x00, 0x00, 0x24, 0x02, 0x08, 0x04, 0x80, 0xF9, 0x00, 0x23, 
    0x16, 0xEE, 0x95, 0x7B, 0x35, 0x02, 0x0A, 0x04, 0x00, 0x00, 0x16, 0x7F, 
    0xA3, 0x9F, 0xAD, 0x16, 0xF8, 0xD7, 0xEA, 0xAE, 0x02, 0x0B, 0x04, 0x00, 
    0x00, 0x24, 0x02, 0x0C, 0x04, 0x80, 0x7D, 0x81, 0x00, 0x23, 0x16, 0x1A, 
    0x24, 0xF7, 0xAA, 0x02, 0x0E, 0x04, 0x00, 0x00, 0x16, 0x6F, 0xD8, 0x5E, 
    0x25, 0x03, 0x16, 0xF9, 0x81, 0xDC, 0xA1, 0x07, 0x1C, 0x11, 0x00, 0x00, 
    0x00, 0x52, 0x6F, 0x77, 0x6C, 0x65, 0x79, 0x20, 0x44, 0x61, 0x72, 0x6B, 
    0x73, 0x6C, 0x69, 0x64, 0x65, 0x00, 0x16, 0xAE, 0xC8, 0x66, 0xCD, 0x07, 
    0x17, 0xF4, 0x01, 0x00, 0x00, 0x16, 0x64, 0x0F, 0xB6, 0xEB, 0x07, 0x16, 
    0x3D, 0x16, 0x16, 0xCF, 0x16, 0xA4, 0x9B, 0x54, 0x98, 0x07, 0x16, 0x02, 
    0x2E, 0x8C, 0x4E, 0x16, 0xB7, 0x7D, 0x3F, 0x0E, 0x07, 0x16, 0xB3, 0x7F, 
    0x3E, 0x62, 0x16, 0xD6, 0xA8, 0x21, 0x73, 0x07, 0x80, 0xB5, 0x9D, 0x11, 
    0x10, 0x8D, 0x16, 0x83, 0x2C, 0x07, 0x2D, 0x07, 0x2D, 0x16, 0x83, 0x2C, 
    0x80, 0x3D, 0x80, 0x2D, 0x02, 0x0F, 0x04, 0x00, 0x00, 0x16, 0x42, 0x44, 
    0xE2, 0xA7, 0x07, 0x16, 0x7C, 0x27, 0xD5, 0x5C, 0x16, 0x40, 0xAA, 0xEE, 
    0x1A, 0x16, 0x29, 0xBA, 0x78, 0x7C, 0x16, 0x44, 0xA6, 0xF3, 0xE0, 0x07, 
    0x16, 0x56, 0xCA, 0x18, 0x8A, 0x04, 0x02, 0x10, 0x04, 0x00, 0x00, 0x24, 
    0x02, 0x11, 0x04, 0x80, 0xF9, 0x00, 0x23, 0x16, 0x1E, 0xE1, 0x9B, 0xCE, 
    0x02, 0x13, 0x04, 0x00, 0x00, 0x16, 0x7F, 0xA3, 0x9F, 0xAD, 0x16, 0x1A, 
    0x24, 0xF7, 0xAA, 0x02, 0x14, 0x04, 0x00, 0x00, 0x24, 0x02, 0x15, 0x04, 
    0x80, 0x11, 0x80, 0x00, 0x23, 0x16, 0x4F, 0x78, 0x9F, 0xEA, 0x02, 0x17, 
    0x04, 0x00, 0x00, 0x16, 0xF3, 0xAD, 0x76, 0xC8, 0x02, 0x18, 0x04, 0x00, 
    0x00, 0x16, 0x69, 0x3F, 0xE9, 0x63, 0x02, 0x19, 0x04, 0x00, 0x00, 0x16, 
    0x7F, 0xA3, 0x9F, 0xAD, 0x80, 0xFD, 0x1A, 0x24, 0xF7, 0xAA, 0x16, 0x0C, 
    0xF1, 0x31, 0x70, 0x07, 0x03, 0x16, 0x83, 0x2C, 0x07, 0x2D, 0x07, 0x16, 
    0x56, 0xCA, 0x18, 0x8A, 0x04, 0x02, 0x1A, 0x04, 0x00, 0x00, 0x24, 0x02, 
    0x1B, 0x04, 0x80, 0xED, 0x00, 0x23, 0x16, 0x59, 0x3A, 0x0E, 0x71, 0x02, 
    0x1D, 0x04, 0x00, 0x00, 0x16, 0x7F, 0xA3, 0x9F, 0xAD, 0x16, 0x4F, 0x78, 
    0x9F, 0xEA, 0x02, 0x1E, 0x04, 0x00, 0x00, 0x24, 0x80, 0x35, 0x81, 0x1F, 
    0x04, 0x00, 0x00, 0x23, 0x16, 0xEF, 0x61, 0x49, 0xA5, 0x16, 0x02, 0x51, 
    0x85, 0x6E, 0x07, 0x16, 0x8F, 0x7C, 0xA8, 0x54, 0x02, 0x21, 0x04, 0x00, 
    0x00, 0x16, 0x6F, 0xD8, 0x5E, 0x25, 0x03, 0x16, 0xF9, 0x81, 0xDC, 0xA1, 
    0x07, 0x1C, 0x0E, 0x00, 0x00, 0x00, 0x42, 0x69, 0x67, 0x20, 0x48, 0x69, 
    0x74, 0x74, 0x65, 0x72, 0x20, 0x49, 0x49, 0x00, 0x16, 0xAE, 0xC8, 0x66, 
    0xCD, 0x07, 0x17, 0xF4, 0x01, 0x00, 0x00, 0x16, 0x64, 0x0F, 0xB6, 0xEB, 
    0x07, 0x16, 0x03, 0x61, 0xFC, 0x80, 0xED, 0x16, 0xA4, 0x9B, 0x54, 0x98, 
    0x07, 0x16, 0xDE, 0xD9, 0x34, 0x8F, 0x16, 0xB7, 0x7D, 0x3F, 0x0E, 0x07, 
    0x16, 0x5A, 0x9D, 0x13, 0x5E, 0x16, 0xD6, 0xA8, 0x21, 0x73, 0x07, 0x80, 
    0xB5, 0x9D, 0x11, 0x10, 0x8D, 0x16, 0x83, 0x2C, 0x07, 0x2D, 0x07, 0x2D, 
    0x16, 0x83, 0x2C, 0x80, 0xC1, 0x2D, 0x02, 0x22, 0x04, 0x00, 0x00, 0x16, 
    0x42, 0x44, 0xE2, 0xA7, 0x07, 0x16, 0x7C, 0x27, 0xD5, 0x5C, 0x80, 0x8D, 
    0x40, 0xAA, 0xEE, 0x1A, 0x80, 0xE5, 0x02, 0x51, 0x85, 0x6E, 0x07, 0x2D, 
    0x16, 0x02, 0x51, 0x85, 0x6E, 0x16, 0x29, 0xBA, 0x78, 0x7C, 0x04, 0x02, 
    0x23, 0x04, 0x00, 0x00, 0x24, 0x02, 0x24, 0x04, 0x80, 0xC1, 0x00, 0x23, 
    0x16, 0xEB, 0xA4, 0x25, 0xC1, 0x02, 0x26, 0x04, 0x00, 0x00, 0x16, 0x7F, 
    0xA3, 0x9F, 0xAD, 0x80, 0xFD, 0xEF, 0x61, 0x49, 0xA5, 0x16, 0x0C, 0xF1, 
    0x31, 0x70, 0x07, 0x03, 0x16, 0x02, 0x51, 0x85, 0x6E, 0x07, 0x16, 0x8B, 
    0xB9, 0xC4, 0x30, 0x04, 0x02, 0x27, 0x04, 0x00, 0x00, 0x24, 0x02, 0x28, 
    0x04, 0x80, 0x11, 0x80, 0x00, 0x23, 0x16, 0x56, 0x4F, 0x8F, 0xC7, 0x02, 
    0x2A, 0x04, 0x00, 0x00, 0x16, 0xF3, 0xAD, 0x76, 0xC8, 0x02, 0x2B, 0x04, 
    0x00, 0x00, 0x16, 0x69, 0x3F, 0xE9, 0x63, 0x02, 0x2C, 0x04, 0x00, 0x00, 
    0x16, 0x7F, 0xA3, 0x9F, 0xAD, 0x80, 0xFD, 0xEF, 0x61, 0x49, 0xA5, 0x16, 
    0x0C, 0xF1, 0x31, 0x70, 0x07, 0x03, 0x16, 0x83, 0x2C, 0x07, 0x2D, 0x07, 
    0x16, 0x56, 0xCA, 0x18, 0x8A, 0x04, 0x02, 0x2D, 0x04, 0x00, 0x00, 0x24, 
    0x02, 0x2E, 0x04, 0x80, 0xED, 0x00, 0x23, 0x16, 0x40, 0x0D, 0x1E, 0x5C, 
    0x02, 0x30, 0x04, 0x00, 0x00, 0x16, 0x7F, 0xA3, 0x9F, 0xAD, 0x16, 0x56, 
    0x4F, 0x8F, 0xC7, 0x02, 0x31, 0x04, 0x00, 0x00, 0x24, 0x80, 0x3D, 0x82, 
    0x32, 0x04, 0x00, 0x00, 0x23, 0x16, 0x13, 0x77, 0x4F, 0x19, 0x16, 0x02, 
    0x51, 0x85, 0x6E, 0x07, 0x16, 0x8B, 0xB9, 0xC4, 0x30, 0x02, 0x34, 0x04, 
    0x00, 0x00, 0x16, 0x6F, 0xD8, 0x5E, 0x25, 0x03, 0x16, 0xF9, 0x81, 0xDC, 
    0xA1, 0x07, 0x1C, 0x13, 0x00, 0x00, 0x00, 0x4E, 0x6F, 0x73, 0x65, 0x67, 
    0x72, 0x69, 0x6E, 0x64, 0x20, 0x74, 0x6F, 0x20, 0x50, 0x69, 0x76, 0x6F, 
    0x74, 0x00, 0x16, 0xAE, 0xC8, 0x66, 0xCD, 0x07, 0x17, 0xF4, 0x01, 0x00, 
    0x00, 0x16, 0x64, 0x0F, 0xB6, 0xEB, 0x07, 0x16, 0xB6, 0x9E, 0x3A, 0x19, 
    0x16, 0xA4, 0x9B, 0x54, 0x98, 0x07, 0x16, 0x22, 0x58, 0x30, 0x34, 0x16, 
    0xB7, 0x7D, 0x3F, 0x0E, 0x07, 0x16, 0x13, 0x1C, 0x15, 0x98, 0x16, 0xD6, 
    0xA8, 0x21, 0x73, 0x07, 0x80, 0xB5, 0x6F, 0xD8, 0x5E, 0x25, 0x16, 0x83, 
    0x2C, 0x07, 0x2D, 0x07, 0x2D, 0x16, 0x83, 0x2C, 0x80, 0x2D, 0x80, 0x2D, 
    0x02, 0x35, 0x04, 0x00, 0x00, 0x16, 0x42, 0x44, 0xE2, 0xA7, 0x07, 0x16, 
    0xC2, 0x23, 0x2B, 0xE6, 0x16, 0x40, 0xAA, 0xEE, 0x1A, 0x16, 0x44, 0xA6, 
    0xF3, 0xE0, 0x07, 0x16, 0x56, 0xCA, 0x18, 0x8A, 0x16, 0x20, 0x1B, 0xA1, 
    0xEB, 0x07, 0x17, 0x32, 0x00, 0x00, 0x00, 0x80, 0x8D, 0x02, 0x51, 0x85, 
    0x6E, 0x80, 0xFD, 0x2D, 0x16, 0x02, 0x51, 0x85, 0x6E, 0x16, 0x03, 0xA4, 
    0xA3, 0x65, 0x07, 0x16, 0xF4, 0xAE, 0x50, 0x87, 0x16, 0x29, 0xBA, 0x78, 
    0x7C, 0x04, 0x02, 0x36, 0x04, 0x00, 0x00, 0x24, 0x02, 0x37, 0x04, 0x80, 
    0xF9, 0x00, 0x23, 0x16, 0x17, 0xB2, 0x23, 0x7D, 0x02, 0x39, 0x04, 0x00, 
    0x00, 0x16, 0x7F, 0xA3, 0x9F, 0xAD, 0x16, 0x13, 0x77, 0x4F, 0x19, 0x02, 
    0x3A, 0x04, 0x00, 0x00, 0x24, 0x02, 0x3B, 0x04, 0x80, 0x11, 0x80, 0x00, 
    0x23, 0x16, 0xAA, 0x61, 0x19, 0x87, 0x02, 0x3D, 0x04, 0x00, 0x00, 0x16, 
    0xF3, 0xAD, 0x76, 0xC8, 0x02, 0x3E, 0x04, 0x00, 0x00, 0x16, 0x69, 0x3F, 
    0xE9, 0x63, 0x02, 0x3F, 0x04, 0x00, 0x00, 0x16, 0x7F, 0xA3, 0x9F, 0xAD, 
    0x80, 0xFD, 0x13, 0x77, 0x4F, 0x19, 0x16, 0x0C, 0xF1, 0x31, 0x70, 0x07, 
    0x03, 0x16, 0x83, 0x2C, 0x07, 0x2D, 0x07, 0x16, 0x56, 0xCA, 0x18, 0x8A, 
    0x04, 0x02, 0x40, 0x04, 0x00, 0x00, 0x24, 0x02, 0x41, 0x04, 0x80, 0xED, 
    0x00, 0x23, 0x16, 0xBC, 0x23, 0x88, 0x1C, 0x02, 0x43, 0x04, 0x00, 0x00, 
    0x16, 0x7F, 0xA3, 0x9F, 0xAD, 0x16, 0xAA, 0x61, 0x19, 0x87, 0x02, 0x44, 
    0x04, 0x00, 0x00, 0x24, 0x80, 0x35, 0x82, 0x45, 0x04, 0x00, 0x00, 0x23, 
    0x16, 0xF7, 0x67, 0xD6, 0xCE, 0x16, 0x02, 0x51, 0x85, 0x6E, 0x07, 0x16, 
    0x8F, 0x7C, 0xA8, 0x54, 0x02, 0x47, 0x04, 0x00, 0x00, 0x16, 0x6F, 0xD8, 
    0x5E, 0x25, 0x03, 0x16, 0xF9, 0x81, 0xDC, 0xA1, 0x07, 0x1C, 0x11, 0x00, 
    0x00, 0x00, 0x4C, 0x61, 0x79, 0x62, 0x61, 0x63, 0x6B, 0x20, 0x42, 0x53, 
    0x20, 0x53, 0x6D, 0x69, 0x74, 0x68, 0x00, 0x16, 0xAE, 0xC8, 0x66, 0xCD, 
    0x07, 0x17, 0xF4, 0x01, 0x00, 0x00, 0x16, 0x64, 0x0F, 0xB6, 0xEB, 0x07, 
    0x16, 0x6F, 0x37, 0xA9, 0xAF, 0x16, 0xA4, 0x9B, 0x54, 0x98, 0x07, 0x16, 
    0xFB, 0xA1, 0x89, 0xCB, 0x16, 0xB7, 0x7D, 0x3F, 0x0E, 0x07, 0x16, 0x2C, 
    0xF8, 0x91, 0x6D, 0x16, 0xD6, 0xA8, 0x21, 0x73, 0x07, 0x80, 0xB5, 0x6F, 
    0xD8, 0x5E, 0x25, 0x16, 0x83, 0x2C, 0x07, 0x2D, 0x07, 0x2D, 0x16, 0x83, 
    0x2C, 0x80, 0xC1, 0x2D, 0x02, 0x48, 0x04, 0x00, 0x00, 0x16, 0x42, 0x44, 
    0xE2, 0xA7, 0x07, 0x16, 0x7C, 0x27, 0xD5, 0x5C, 0x80, 0x8D, 0x40, 0xAA, 
    0xEE, 0x1A, 0x80, 0x05, 0x80, 0x02, 0x51, 0x85, 0x6E, 0x07, 0x2D, 0x16, 
    0x02, 0x51, 0x85, 0x6E, 0x16, 0x29, 0xBA, 0x78, 0x7C, 0x16, 0xF0, 0x55, 
    0xA8, 0x7E, 0x07, 0x16, 0x41, 0xE8, 0x6C, 0xE1, 0x04, 0x02, 0x49, 0x04, 
    0x00, 0x00, 0x24, 0x80, 0x39, 0x82, 0x4A, 0x04, 0x00, 0x00, 0x23, 0x16, 
    0xF3, 0xA2, 0xBA, 0xAA, 0x16, 0x02, 0x51, 0x85, 0x6E, 0x07, 0x16, 0x8B, 
    0xB9, 0xC4, 0x30, 0x02, 0x4C, 0x04, 0x00, 0x00, 0x16, 0x6F, 0xD8, 0x5E, 
    0x25, 0x03, 0x16, 0xF9, 0x81, 0xDC, 0xA1, 0x07, 0x1C, 0x12, 0x00, 0x00, 
    0x00, 0x4C, 0x61, 0x79, 0x62, 0x61, 0x63, 0x6B, 0x20, 0x46, 0x53, 0x20, 
    0x46, 0x65, 0x65, 0x62, 0x6C, 0x65, 0x00, 0x16, 0xAE, 0xC8, 0x66, 0xCD, 
    0x07, 0x17, 0xF4, 0x01, 0x00, 0x00, 0x16, 0x64, 0x0F, 0xB6, 0xEB, 0x07, 
    0x16, 0x6F, 0x37, 0xA9, 0xAF, 0x16, 0xA4, 0x9B, 0x54, 0x98, 0x07, 0x16, 
    0xFB, 0xA1, 0x89, 0xCB, 0x16, 0xB7, 0x7D, 0x3F, 0x0E, 0x07, 0x16, 0x2C, 
    0xF8, 0x91, 0x6D, 0x16, 0xD6, 0xA8, 0x21, 0x73, 0x07, 0x80, 0xB5, 0x6F, 
    0xD8, 0x5E, 0x25, 0x16, 0x83, 0x2C, 0x07, 0x2D, 0x07, 0x2D, 0x16, 0x83, 
    0x2C, 0x80, 0xC1, 0x2D, 0x02, 0x4D, 0x04, 0x00, 0x00, 0x16, 0x42, 0x44, 
    0xE2, 0xA7, 0x07, 0x16, 0x7C, 0x27, 0xD5, 0x5C, 0x80, 0x8D, 0x40, 0xAA, 
    0xEE, 0x1A, 0x80, 0x11, 0x80, 0x02, 0x51, 0x85, 0x6E, 0x07, 0x2D, 0x16, 
    0x02, 0x51, 0x85, 0x6E, 0x16, 0x29, 0xBA, 0x78, 0x7C, 0x16, 0xF0, 0x55, 
    0xA8, 0x7E, 0x07, 0x16, 0x41, 0xE8, 0x6C, 0xE1, 0x04, 0x02, 0x4E, 0x04, 
    0x00, 0x00, 0x24, 0x02, 0x4F, 0x04, 0x80, 0x11, 0x80, 0x00, 0x23, 0x16, 
    0x91, 0x62, 0x16, 0x7A, 0x02, 0x51, 0x04, 0x00, 0x00, 0x16, 0x65, 0x0C, 
    0xDE, 0xD9, 0x02, 0x52, 0x04, 0x00, 0x00, 0x16, 0x69, 0x3F, 0xE9, 0x63, 
    0x02, 0x53, 0x04, 0x00, 0x00, 0x16, 0x7F, 0xA3, 0x9F, 0xAD, 0x80, 0xFD, 
    0xF3, 0xA2, 0xBA, 0xAA, 0x16, 0x0C, 0xF1, 0x31, 0x70, 0x07, 0x03, 0x16, 
    0x83, 0x2C, 0x07, 0x2D, 0x07, 0x16, 0x56, 0xCA, 0x18, 0x8A, 0x04, 0x02, 
    0x54, 0x04, 0x00, 0x00, 0x24, 0x02, 0x55, 0x04, 0x80, 0x11, 0x80, 0x00, 
    0x23, 0x16, 0x87, 0x20, 0x87, 0xE1, 0x02, 0x57, 0x04, 0x00, 0x00, 0x16, 
    0x65, 0x0C, 0xDE, 0xD9, 0x02, 0x58, 0x04, 0x00, 0x00, 0x16, 0x69, 0x3F, 
    0xE9, 0x63, 0x02, 0x59, 0x04, 0x00, 0x00, 0x16, 0x7F, 0xA3, 0x9F, 0xAD, 
    0x80, 0xF1, 0xF7, 0x67, 0xD6, 0xCE, 0x16, 0x0C, 0xF1, 0x31, 0x70, 0x07, 
    0x03, 0x16, 0x83, 0x2C, 0x07, 0x2D, 0x07, 0x16, 0x56, 0xCA, 0x18, 0x8A, 
    0x04, 0x02, 0x5A, 0x04, 0x00, 0x00, 0x24, 0x80, 0x31, 0x82, 0x5B, 0x04, 
    0x00, 0x00, 0x23, 0x16, 0xB7, 0x40, 0x3D, 0x1A, 0x16, 0x02, 0x51, 0x85, 
    0x6E, 0x07, 0x16, 0x8F, 0x7C, 0xA8, 0x54, 0x02, 0x5D, 0x04, 0x00, 0x00, 
    0x16, 0x6F, 0xD8, 0x5E, 0x25, 0x03, 0x16, 0xF9, 0x81, 0xDC, 0xA1, 0x07, 
    0x1C, 0x10, 0x00, 0x00, 0x00, 0x54, 0x61, 0x69, 0x6C, 0x62, 0x6C, 0x6F, 
    0x63, 0x6B, 0x20, 0x53, 0x6C, 0x69, 0x64, 0x65, 0x00, 0x16, 0xAE, 0xC8, 
    0x66, 0xCD, 0x07, 0x17, 0xF4, 0x01, 0x00, 0x00, 0x16, 0x64, 0x0F, 0xB6, 
    0xEB, 0x07, 0x16, 0x26, 0x41, 0xEC, 0x6B, 0x16, 0xA4, 0x9B, 0x54, 0x98, 
    0x07, 0x16, 0xB9, 0x1D, 0x4D, 0xC4, 0x16, 0xB7, 0x7D, 0x3F, 0x0E, 0x07, 
    0x16, 0x26, 0x41, 0xEC, 0x6B, 0x16, 0xD6, 0xA8, 0x21, 0x73, 0x07, 0x80, 
    0xB5, 0x9D, 0x11, 0x10, 0x8D, 0x16, 0x83, 0x2C, 0x07, 0x2D, 0x07, 0x2D, 
    0x16, 0x83, 0x2C, 0x80, 0xAD, 0x2D, 0x02, 0x5E, 0x04, 0x00, 0x00, 0x16, 
    0x42, 0x44, 0xE2, 0xA7, 0x07, 0x80, 0x8D, 0x7C, 0x27, 0xD5, 0x5C, 0x80, 
    0xE5, 0x02, 0x51, 0x85, 0x6E, 0x07, 0x2D, 0x16, 0x02, 0x51, 0x85, 0x6E, 
    0x16, 0x40, 0xAA, 0xEE, 0x1A, 0x04, 0x02, 0x5F, 0x04, 0x00, 0x00, 0x24, 
    0x02, 0x60, 0x04, 0x80, 0xC1, 0x00, 0x23, 0x16, 0xB3, 0x85, 0x51, 0x7E, 
    0x02, 0x62, 0x04, 0x00, 0x00, 0x16, 0x7F, 0xA3, 0x9F, 0xAD, 0x80, 0xFD, 
    0xB7, 0x40, 0x3D, 0x1A, 0x16, 0x0C, 0xF1, 0x31, 0x70, 0x07, 0x03, 0x16, 
    0x02, 0x51, 0x85, 0x6E, 0x07, 0x16, 0x8B, 0xB9, 0xC4, 0x30, 0x04, 0x02, 
    0x63, 0x04, 0x00, 0x00, 0x24, 0x02, 0x64, 0x04, 0x80, 0x11, 0x80, 0x00, 
    0x23, 0x16, 0x23, 0x56, 0x34, 0xE0, 0x02, 0x66, 0x04, 0x00, 0x00, 0x16, 
    0xF3, 0xAD, 0x76, 0xC8, 0x02, 0x67, 0x04, 0x00, 0x00, 0x16, 0x69, 0x3F, 
    0xE9, 0x63, 0x02, 0x68, 0x04, 0x00, 0x00, 0x16, 0x7F, 0xA3, 0x9F, 0xAD, 
    0x80, 0xFD, 0xB7, 0x40, 0x3D, 0x1A, 0x16, 0x0C, 0xF1, 0x31, 0x70, 0x07, 
    0x03, 0x16, 0x83, 0x2C, 0x07, 0x2D, 0x07, 0x16, 0x56, 0xCA, 0x18, 0x8A, 
    0x04, 0x02, 0x69, 0x04, 0x00, 0x00, 0x24, 0x02, 0x6A, 0x04, 0x80, 0xF9, 
    0x00, 0x23, 0x16, 0x35, 0x14, 0xA5, 0x7B, 0x02, 0x6C, 0x04, 0x00, 0x00, 
    0x16, 0x7F, 0xA3, 0x9F, 0xAD, 0x16, 0x23, 0x56, 0x34, 0xE0, 0x02, 0x6D, 
    0x04, 0x00, 0x00, 0x24, 0x02, 0x6E, 0x04, 0x80, 0x75, 0x81, 0x00, 0x23, 
    0x16, 0xA1, 0xEB, 0xB8, 0x99, 0x02, 0x70, 0x04, 0x00, 0x00, 0x16, 0x6F, 
    0xD8, 0x5E, 0x25, 0x03, 0x16, 0xF9, 0x81, 0xDC, 0xA1, 0x07, 0x1C, 0x0F, 
    0x00, 0x00, 0x00, 0x54, 0x68, 0x65, 0x20, 0x48, 0x75, 0x6D, 0x61, 0x6E, 
    0x20, 0x44, 0x61, 0x72, 0x74, 0x00, 0x16, 0xAE, 0xC8, 0x66, 0xCD, 0x07, 
    0x17, 0xF4, 0x01, 0x00, 0x00, 0x16, 0x64, 0x0F, 0xB6, 0xEB, 0x07, 0x16, 
    0x47, 0x55, 0x6B, 0x75, 0x16, 0xA4, 0x9B, 0x54, 0x98, 0x07, 0x16, 0x63, 
    0xCB, 0xE6, 0xFE, 0x16, 0xB7, 0x7D, 0x3F, 0x0E, 0x07, 0x16, 0x47, 0x00, 
    0x4B, 0xCF, 0x16, 0xD6, 0xA8, 0x21, 0x73, 0x07, 0x80, 0xB5, 0x6F, 0xD8, 
    0x5E, 0x25, 0x16, 0x83, 0x2C, 0x07, 0x2D, 0x07, 0x2D, 0x16, 0x83, 0x2C, 
    0x80, 0x11, 0x80, 0x2D, 0x02, 0x71, 0x04, 0x00, 0x00, 0x16, 0x42, 0x44, 
    0xE2, 0xA7, 0x07, 0x16, 0x7C, 0x27, 0xD5, 0x5C, 0x16, 0x40, 0xAA, 0xEE, 
    0x1A, 0x16, 0x29, 0xBA, 0x78, 0x7C, 0x04, 0x02, 0x72, 0x04, 0x00, 0x00, 
    0x24, 0x02, 0x73, 0x04, 0x80, 0xF9, 0x00, 0x23, 0x16, 0xA5, 0x2E, 0xD4, 
    0xFD, 0x02, 0x75, 0x04, 0x00, 0x00, 0x16, 0x7F, 0xA3, 0x9F, 0xAD, 0x16, 
    0xA1, 0xEB, 0xB8, 0x99, 0x02, 0x76, 0x04, 0x00, 0x00, 0x24, 0x02, 0x77, 
    0x04, 0x80, 0x11, 0x80, 0x00, 0x23, 0x16, 0x75, 0x52, 0x2E, 0x72, 0x02, 
    0x79, 0x04, 0x00, 0x00, 0x16, 0xF3, 0xAD, 0x76, 0xC8, 0x02, 0x7A, 0x04, 
    0x00, 0x00, 0x16, 0x69, 0x3F, 0xE9, 0x63, 0x02, 0x7B, 0x04, 0x00, 0x00, 
    0x16, 0x7F, 0xA3, 0x9F, 0xAD, 0x80, 0xFD, 0xA1, 0xEB, 0xB8, 0x99, 0x16, 
    0x0C, 0xF1, 0x31, 0x70, 0x07, 0x03, 0x16, 0x83, 0x2C, 0x07, 0x2D, 0x07, 
    0x16, 0x56, 0xCA, 0x18, 0x8A, 0x04, 0x02, 0x7C, 0x04, 0x00, 0x00, 0x24, 
    0x02, 0x7D, 0x04, 0x80, 0xF9, 0x00, 0x23, 0x16, 0x63, 0x10, 0xBF, 0xE9, 
    0x02, 0x7F, 0x04, 0x00, 0x00, 0x16, 0x7F, 0xA3, 0x9F, 0xAD, 0x16, 0x75, 
    0x52, 0x2E, 0x72, 0x02, 0x80, 0x04, 0x00, 0x00, 0x24, 0x02, 0x81, 0x04, 
    0x80, 0xED, 0x00, 0x23, 0x16, 0x93, 0xB6, 0x77, 0xEA, 0x02, 0x83, 0x04, 
    0x00, 0x00, 0x16, 0x6F, 0xD8, 0x5E, 0x25, 0x03, 0x16, 0xF9, 0x81, 0xDC, 
    0xA1, 0x07, 0x1C, 0x0C, 0x00, 0x00, 0x80, 0x49, 0x80, 0x53, 0x2E, 0x55, 
    0x2E, 0x49, 0x20, 0x47, 0x72, 0x69, 0x6E, 0x64, 0x00, 0x16, 0xAE, 0xC8, 
    0x66, 0xCD, 0x07, 0x17, 0xF4, 0x01, 0x00, 0x00, 0x16, 0x64, 0x0F, 0xB6, 
    0xEB, 0x07, 0x16, 0xC1, 0x9C, 0x77, 0xC9, 0x16, 0xA4, 0x9B, 0x54, 0x98, 
    0x07, 0x16, 0xA0, 0xCD, 0x27, 0xD3, 0x16, 0xD6, 0xA8, 0x21, 0x73, 0x07, 
    0x80, 0xB5, 0x6F, 0xD8, 0x5E, 0x25, 0x16, 0x83, 0x2C, 0x07, 0x2D, 0x07, 
    0x2D, 0x16, 0x83, 0x2C, 0x80, 0x2D, 0x81, 0x2D, 0x02, 0x84, 0x04, 0x00, 
    0x00, 0x16, 0x42, 0x44, 0xE2, 0xA7, 0x07, 0x16, 0x7C, 0x27, 0xD5, 0x5C, 
    0x16, 0x40, 0xAA, 0xEE, 0x1A, 0x16, 0x29, 0xBA, 0x78, 0x7C, 0x04, 0x02, 
    0x85, 0x04, 0x00, 0x00, 0x24, 0x02, 0x86, 0x04, 0x00, 0x00, 0x23, 0x16, 
    0xA9, 0x01, 0x7B, 0x02, 0x16, 0xF9, 0x81, 0xDC, 0xA1, 0x07, 0x1C, 0x09, 
    0x00, 0x00, 0x00, 0x46, 0x53, 0x20, 0x53, 0x61, 0x6C, 0x61, 0x64, 0x00, 
    0x02, 0x88, 0x04, 0x00, 0x00, 0x16, 0x6F, 0xD8, 0x5E, 0x25, 0x03, 0x80, 
    0x8D, 0xF9, 0x81, 0xDC, 0xA1, 0x80, 0xB5, 0x2D, 0x16, 0xF9, 0x81, 0xDC, 
    0xA1, 0x16, 0xAE, 0xC8, 0x66, 0xCD, 0x07, 0x17, 0x7D, 0x84, 0x1D, 0x80, 
    0x00, 0x16, 0x60, 0x97, 0x73, 0x64, 0x07, 0x17, 0x09, 0x00, 0x00, 0x00, 
    0x16, 0x64, 0x0F, 0xB6, 0xEB, 0x07, 0x16, 0x11, 0xC7, 0x7A, 0xE2, 0x16, 
    0xA4, 0x9B, 0x54, 0x98, 0x07, 0x16, 0x30, 0x2E, 0x79, 0x7C, 0x16, 0xD6, 
    0xA8, 0x21, 0x73, 0x07, 0x80, 0xB5, 0x6F, 0xD8, 0x5E, 0x25, 0x16, 0x83, 
    0x2C, 0x07, 0x2D, 0x07, 0x2D, 0x16, 0x83, 0x2C, 0x80, 0xED, 0x2D, 0x02, 
    0x89, 0x04, 0x00, 0x00, 0x16, 0x42, 0x44, 0xE2, 0xA7, 0x07, 0x16, 0x7C, 
    0x27, 0xD5, 0x5C, 0x16, 0x02, 0x51, 0x85, 0x6E, 0x07, 0x16, 0x8B, 0xB9, 
    0xC4, 0x30, 0x80, 0x01, 0x81, 0x40, 0xAA, 0xEE, 0x1A, 0x16, 0xA0, 0xAC, 
    0x16, 0x7A, 0x07, 0x2D, 0x16, 0xA0, 0xAC, 0x16, 0x7A, 0x04, 0x02, 0x8A, 
    0x04, 0x00, 0x00, 0x24, 0x02, 0x8B, 0x04, 0x00, 0x00, 0x23, 0x16, 0xAD, 
    0xC4, 0x17, 0x66, 0x16, 0xF9, 0x81, 0xDC, 0xA1, 0x07, 0x1C, 0x09, 0x00, 
    0x00, 0x00, 0x42, 0x53, 0x20, 0x53, 0x61, 0x6C, 0x61, 0x64, 0x00, 0x02, 
    0x8D, 0x04, 0x00, 0x00, 0x16, 0x6F, 0xD8, 0x5E, 0x25, 0x03, 0x80, 0x8D, 
    0xF9, 0x81, 0xDC, 0xA1, 0x80, 0xB5, 0x2D, 0x16, 0xF9, 0x81, 0xDC, 0xA1, 
    0x16, 0xAE, 0xC8, 0x66, 0xCD, 0x07, 0x17, 0x7D, 0x84, 0x1D, 0x80, 0x00, 
    0x16, 0x60, 0x97, 0x73, 0x64, 0x07, 0x17, 0x09, 0x00, 0x00, 0x00, 0x16, 
    0x64, 0x0F, 0xB6, 0xEB, 0x07, 0x16, 0xDE, 0xE0, 0x72, 0x91, 0x16, 0xA4, 
    0x9B, 0x54, 0x98, 0x07, 0x16, 0x36, 0xF9, 0xD1, 0x77, 0x16, 0xD6, 0xA8, 
    0x21, 0x73, 0x07, 0x80, 0xB5, 0x6F, 0xD8, 0x5E, 0x25, 0x16, 0x83, 0x2C, 
    0x07, 0x2D, 0x07, 0x2D, 0x16, 0x83, 0x2C, 0x80, 0xB1, 0x2D, 0x02, 0x8E, 
    0x04, 0x00, 0x00, 0x16, 0x42, 0x44, 0xE2, 0xA7, 0x07, 0x16, 0x80, 0xB5, 
    0x27, 0xD5, 0x5C, 0x16, 0x02, 0x51, 0x85, 0x6E, 0x07, 0x16, 0x8F, 0x7C, 
    0xA8, 0x54, 0x80, 0xE5, 0x40, 0xAA, 0xEE, 0x1A, 0x16, 0xA0, 0xAC, 0x16, 
    0x7A, 0x07, 0x2D, 0x16, 0xA0, 0xAC, 0x16, 0x7A, 0x04, 0x02, 0x8F, 0x04, 
    0x00, 0x00, 0x24, 0x02, 0x90, 0x04, 0x80, 0x95, 0x00, 0x23, 0x16, 0xAD, 
    0xE1, 0xE5, 0x80, 0xCD, 0x02, 0x92, 0x04, 0x00, 0x00, 0x16, 0x65, 0x0C, 
    0xDE, 0xD9, 0x02, 0x94, 0x04, 0x00, 0x00, 0x16, 0x7F, 0xA3, 0x9F, 0xAD, 
    0x80, 0xFD, 0xAD, 0xC4, 0x17, 0x66, 0x16, 0x0C, 0xF1, 0x31, 0x70, 0x07, 
    0x03, 0x16, 0x83, 0x2C, 0x07, 0x2D, 0x07, 0x16, 0x56, 0xCA, 0x18, 0x8A, 
    0x04, 0x02, 0x95, 0x04, 0x00, 0x00, 0x24, 0x02, 0x96, 0x04, 0x80, 0xE9, 
    0x00, 0x23, 0x16, 0xBB, 0xA3, 0x74, 0x0F, 0x02, 0x98, 0x04, 0x00, 0x00, 
    0x16, 0x65, 0x0C, 0xDE, 0xD9, 0x02, 0x9A, 0x04, 0x00, 0x00, 0x16, 0x7F, 
    0xA3, 0x9F, 0xAD, 0x80, 0xFD, 0xA9, 0x01, 0x7B, 0x02, 0x16, 0x0C, 0xF1, 
    0x31, 0x70, 0x07, 0x03, 0x16, 0x83, 0x2C, 0x07, 0x2D, 0x07, 0x16, 0x56, 
    0xCA, 0x18, 0x8A, 0x04, 0x02, 0x9B, 0x04, 0x00, 0x00, 0x24, 0x02, 0x9C, 
    0x04, 0x80, 0xA5, 0x00, 0x23, 0x16, 0x58, 0x34, 0x09, 0xBF, 0x02, 0x9E, 
    0x04, 0x80, 0x29, 0x80, 0x00, 0x25, 0x16, 0x7B, 0x1B, 0x37, 0xBE, 0x02, 
    0x9F, 0x04, 0x00, 0x00, 0x16, 0x7F, 0xA3, 0x9F, 0xAD, 0x16, 0x11, 0x34, 
    0x3C, 0x0A, 0x02, 0xA0, 0x04, 0x00, 0x00, 0x26, 0x02, 0xA1, 0x04, 0x00, 
    0x00, 0x16, 0x7F, 0xA3, 0x9F, 0xAD, 0x16, 0xD1, 0x92, 0xBC, 0xFF, 0x80, 
    0x81, 0xA2, 0x88, 0xB1, 0x28, 0x02, 0xA3, 0x04, 0x00, 0x00, 0x24, 0x02, 
    0xA4, 0x04, 0x00, 0x00, 0x23, 0x80, 0x3D, 0x80, 0xD1, 0x92, 0xBC, 0xFF, 
    0x16, 0xF9, 0x81, 0xDC, 0xA1, 0x07, 0x1C, 0x16, 0x00, 0x00, 0x00, 0x46, 
    0x53, 0x20, 0x4E, 0x6F, 0x73, 0x65, 0x73, 0x6C, 0x69, 0x64, 0x65, 0x20, 
    0x4C, 0x69, 0x70, 0x53, 0x6C, 0x69, 0x64, 0x65, 0x00, 0x02, 0xA6, 0x04, 
    0x00, 0x00, 0x16, 0x6F, 0xD8, 0x5E, 0x25, 0x03, 0x80, 0x8D, 0xF9, 0x81, 
    0xDC, 0xA1, 0x80, 0x49, 0x80, 0x2D, 0x16, 0xF9, 0x81, 0xDC, 0xA1, 0x16, 
    0xAE, 0xC8, 0x66, 0xCD, 0x07, 0x17, 0xF4, 0x01, 0x00, 0x00, 0x16, 0x64, 
    0x0F, 0xB6, 0xEB, 0x07, 0x16, 0xC2, 0xAB, 0xFE, 0x83, 0x16, 0xA4, 0x9B, 
    0x54, 0x98, 0x07, 0x16, 0x6D, 0xE5, 0x25, 0x7C, 0x16, 0xD6, 0xA8, 0x21, 
    0x73, 0x07, 0x16, 0x9D, 0x11, 0x10, 0x8D, 0x16, 0x80, 0x8D, 0xEF, 0x7B, 
    0xDE, 0x07, 0x80, 0xB5, 0x56, 0xCA, 0x18, 0x8A, 0x16, 0x83, 0x2C, 0x07, 
    0x2D, 0x07, 0x2D, 0x16, 0x83, 0x2C, 0x80, 0xED, 0x2D, 0x02, 0xA7, 0x04, 
    0x00, 0x00, 0x16, 0x42, 0x44, 0xE2, 0xA7, 0x07, 0x16, 0x7C, 0x27, 0xD5, 
    0x5C, 0x16, 0x02, 0x51, 0x85, 0x6E, 0x07, 0x16, 0xEC, 0x1D, 0xE1, 0xE7, 
    0x80, 0xE5, 0x40, 0xAA, 0xEE, 0x1A, 0x16, 0xA0, 0xAC, 0x16, 0x7A, 0x07, 
    0x2D, 0x16, 0xA0, 0xAC, 0x16, 0x7A, 0x04, 0x02, 0xA8, 0x04, 0x00, 0x00, 
    0x24, 0x02, 0xA9, 0x04, 0x80, 0xA5, 0x00, 0x23, 0x16, 0x5C, 0xF1, 0x65, 
    0xDB, 0x02, 0xAB, 0x04, 0x80, 0x29, 0x80, 0x00, 0x25, 0x16, 0x7B, 0x1B, 
    0x37, 0xBE, 0x02, 0xAC, 0x04, 0x00, 0x00, 0x16, 0x7F, 0xA3, 0x9F, 0xAD, 
    0x16, 0xD1, 0x92, 0xBC, 0xFF, 0x02, 0xAD, 0x04, 0x00, 0x00, 0x26, 0x02, 
    0xAE, 0x04, 0x00, 0x00, 0x16, 0x7F, 0xA3, 0x9F, 0xAD, 0x16, 0x11, 0x34, 
    0x3C, 0x0A, 0x80, 0x81, 0xAF, 0x88, 0xB1, 0x28, 0x02, 0xB0, 0x04, 0x00, 
    0x00, 0x24, 0x02, 0xB1, 0x04, 0x00, 0x00, 0x23, 0x80, 0x3D, 0x80, 0x11, 
    0x34, 0x3C, 0x0A, 0x16, 0xF9, 0x81, 0xDC, 0xA1, 0x07, 0x1C, 0x16, 0x00, 
    0x00, 0x00, 0x42, 0x53, 0x20, 0x4E, 0x6F, 0x73, 0x65, 0x53, 0x6C, 0x69, 
    0x64, 0x65, 0x20, 0x4C, 0x69, 0x70, 0x53, 0x6C, 0x69, 0x64, 0x65, 0x00, 
    0x02, 0xB3, 0x04, 0x00, 0x00, 0x16, 0x6F, 0xD8, 0x5E, 0x25, 0x03, 0x80, 
    0x8D, 0xF9, 0x81, 0xDC, 0xA1, 0x80, 0x11, 0x80, 0x2D, 0x16, 0xF9, 0x81, 
    0xDC, 0xA1, 0x16, 0xAE, 0xC8, 0x66, 0xCD, 0x07, 0x17, 0xF4, 0x01, 0x00, 
    0x00, 0x16, 0x64, 0x0F, 0xB6, 0xEB, 0x07, 0x16, 0x20, 0xA6, 0x96, 0x6A, 
    0x16, 0xA4, 0x9B, 0x54, 0x98, 0x07, 0x16, 0x6B, 0x32, 0x80, 0xB1, 0x77, 
    0x16, 0xD6, 0xA8, 0x21, 0x73, 0x07, 0x16, 0x9D, 0x11, 0x10, 0x8D, 0x16, 
    0x80, 0x8D, 0xEF, 0x7B, 0xDE, 0x07, 0x80, 0xB5, 0x56, 0xCA, 0x18, 0x8A, 
    0x16, 0x83, 0x2C, 0x07, 0x2D, 0x07, 0x2D, 0x16, 0x83, 0x2C, 0x80, 0xED, 
    0x2D, 0x02, 0xB4, 0x04, 0x00, 0x00, 0x16, 0x42, 0x44, 0xE2, 0xA7, 0x07, 
    0x16, 0xC2, 0x23, 0x2B, 0xE6, 0x16, 0x02, 0x51, 0x85, 0x6E, 0x07, 0x16, 
    0xE8, 0xD8, 0x8D, 0x83, 0x80, 0xE5, 0x40, 0xAA, 0xEE, 0x1A, 0x16, 0xA0, 
    0xAC, 0x16, 0x7A, 0x07, 0x2D, 0x16, 0xA0, 0xAC, 0x16, 0x7A, 0x04, 0x02, 
    0xB5, 0x04, 0x00, 0x00, 0x24, 0x02, 0xB6, 0x04, 0x80, 0x11, 0x80, 0x00, 
    0x23, 0x16, 0x51, 0x63, 0x46, 0x20, 0x02, 0xB8, 0x04, 0x00, 0x00, 0x16, 
    0x65, 0x0C, 0xDE, 0xD9, 0x02, 0xB9, 0x04, 0x00, 0x00, 0x16, 0x69, 0x3F, 
    0xE9, 0x63, 0x02, 0xBA, 0x04, 0x00, 0x00, 0x16, 0x7F, 0xA3, 0x9F, 0xAD, 
    0x80, 0xFD, 0x5C, 0xF1, 0x65, 0xDB, 0x16, 0x0C, 0xF1, 0x31, 0x70, 0x07, 
    0x03, 0x16, 0x83, 0x2C, 0x07, 0x2D, 0x07, 0x16, 0x56, 0xCA, 0x18, 0x8A, 
    0x04, 0x02, 0xBB, 0x04, 0x00, 0x00, 0x24, 0x02, 0xBC, 0x04, 0x80, 0x11, 
    0x80, 0x00, 0x23, 0x16, 0x47, 0x21, 0xD7, 0xBB, 0x02, 0xBE, 0x04, 0x00, 
    0x00, 0x16, 0x65, 0x0C, 0xDE, 0xD9, 0x02, 0xBF, 0x04, 0x00, 0x00, 0x16, 
    0x69, 0x3F, 0xE9, 0x63, 0x02, 0xC0, 0x04, 0x00, 0x00, 0x16, 0x7F, 0xA3, 
    0x9F, 0xAD, 0x80, 0xFD, 0x58, 0x34, 0x09, 0xBF, 0x16, 0x0C, 0xF1, 0x31, 
    0x70, 0x07, 0x03, 0x16, 0x83, 0x2C, 0x07, 0x2D, 0x07, 0x16, 0x56, 0xCA, 
    0x18, 0x8A, 0x04, 0x02, 0xC1, 0x04, 0x00, 0x00, 0x24, 0x02, 0xC2, 0x04, 
    0x80, 0x49, 0x81, 0x00, 0x23, 0x16, 0x8E, 0x84, 0x6D, 0x29, 0x02, 0xC4, 
    0x04, 0x00, 0x00, 0x16, 0x6F, 0xD8, 0x5E, 0x25, 0x03, 0x16, 0xF9, 0x81, 
    0xDC, 0xA1, 0x07, 0x1C, 0x0F, 0x00, 0x00, 0x00, 0x47, 0x68, 0x65, 0x74, 
    0x74, 0x6F, 0x20, 0x42, 0x6C, 0x61, 0x73, 0x74, 0x69, 0x6E, 0x00, 0x16, 
    0xAE, 0xC8, 0x66, 0xCD, 0x07, 0x17, 0xF4, 0x01, 0x00, 0x00, 0x16, 0x64, 
    0x0F, 0xB6, 0xEB, 0x07, 0x16, 0xE3, 0xE7, 0x9D, 0x5B, 0x16, 0xA4, 0x9B, 
    0x54, 0x98, 0x07, 0x16, 0x82, 0xB6, 0xCD, 0x41, 0x16, 0xD6, 0xA8, 0x21, 
    0x73, 0x07, 0x80, 0xB5, 0x6F, 0xD8, 0x5E, 0x25, 0x16, 0x83, 0x2C, 0x07, 
    0x2D, 0x07, 0x2D, 0x16, 0x83, 0x2C, 0x80, 0x55, 0x80, 0x2D, 0x02, 0xC5, 
    0x04, 0x00, 0x00, 0x16, 0x42, 0x44, 0xE2, 0xA7, 0x07, 0x16, 0xC2, 0x23, 
    0x2B, 0xE6, 0x16, 0x40, 0xAA, 0xEE, 0x1A, 0x16, 0xE3, 0x41, 0x16, 0x0F, 
    0x07, 0x16, 0x84, 0xDF, 0xFA, 0x24, 0x16, 0x77, 0xB3, 0xBC, 0x13, 0x07, 
    0x16, 0x6F, 0x75, 0xC0, 0x87, 0x04, 0x02, 0xC6, 0x04, 0x00, 0x00, 0x24, 
    0x02, 0xC7, 0x04, 0x80, 0xF9, 0x00, 0x23, 0x16, 0x8A, 0x41, 0x01, 0x4D, 
    0x02, 0xC9, 0x04, 0x00, 0x00, 0x16, 0x7F, 0xA3, 0x9F, 0xAD, 0x16, 0x8E, 
    0x84, 0x6D, 0x29, 0x02, 0xCA, 0x04, 0x00, 0x00, 0x24, 0x02, 0xCB, 0x04, 
    0x80, 0x11, 0x80, 0x00, 0x23, 0x16, 0xD6, 0xE3, 0xDA, 0xFE, 0x02, 0xCD, 
    0x04, 0x00, 0x00, 0x16, 0xF3, 0xAD, 0x76, 0xC8, 0x02, 0xCE, 0x04, 0x00, 
    0x00, 0x16, 0x69, 0x3F, 0xE9, 0x63, 0x02, 0xCF, 0x04, 0x00, 0x00, 0x16, 
    0x7F, 0xA3, 0x9F, 0xAD, 0x80, 0xFD, 0x8E, 0x84, 0x6D, 0x29, 0x16, 0x0C, 
    0xF1, 0x31, 0x70, 0x07, 0x03, 0x16, 0x83, 0x2C, 0x07, 0x2D, 0x07, 0x16, 
    0x56, 0xCA, 0x18, 0x8A, 0x04, 0x02, 0xD0, 0x04, 0x00, 0x00, 0x24, 0x02, 
    0xD1, 0x04, 0x80, 0xF9, 0x00, 0x23, 0x16, 0xC0, 0xA1, 0x4B, 0x65, 0x02, 
    0xD3, 0x04, 0x00, 0x00, 0x16, 0x7F, 0xA3, 0x9F, 0xAD, 0x16, 0xD6, 0xE3, 
    0xDA, 0xFE, 0x02, 0xD4, 0x04, 0x00, 0x00, 0x24, 0x02, 0xD5, 0x04, 0x80, 
    0x05, 0x80, 0x00, 0x23, 0x16, 0x54, 0xE9, 0x8C, 0x26, 0x02, 0xD7, 0x04, 
    0x00, 0x00, 0x16, 0x6F, 0xD8, 0x5E, 0x25, 0x03, 0x16, 0xF9, 0x81, 0xDC, 
    0xA1, 0x07, 0x1C, 0x22, 0x00, 0x00, 0x00, 0x43, 0x72, 0x6F, 0x6F, 0x6B, 
    0x80, 0x99, 0x42, 0x69, 0x67, 0x53, 0x70, 0x69, 0x6E, 0x80, 0x3D, 0x81, 
    0x6C, 0x69, 0x70, 0x20, 0x53, 0x77, 0x69, 0x74, 0x63, 0x68, 0x20, 0x46, 
    0x53, 0x20, 0x43, 0x72, 0x6F, 0x6F, 0x6B, 0x00, 0x16, 0xAE, 0xC8, 0x66, 
    0xCD, 0x07, 0x17, 0xF4, 0x01, 0x00, 0x00, 0x16, 0xCA, 0xDB, 0xB3, 0x62, 
    0x16, 0x64, 0x0F, 0xB6, 0xEB, 0x07, 0x16, 0x97, 0x63, 0x6D, 0x21, 0x16, 
    0xA4, 0x9B, 0x54, 0x98, 0x07, 0x16, 0x49, 0xA1, 0xD7, 0xD7, 0x16, 0xB7, 
    0x7D, 0x3F, 0x0E, 0x07, 0x16, 0xD6, 0x07, 0x27, 0xD4, 0x16, 0x9A, 0xA3, 
    0x48, 0x9E, 0x16, 0xD6, 0xA8, 0x21, 0x73, 0x07, 0x80, 0xB5, 0x6F, 0xD8, 
    0x5E, 0x25, 0x16, 0x83, 0x2C, 0x07, 0x2D, 0x07, 0x2D, 0x16, 0x83, 0x2C, 
    0x80, 0x11, 0x80, 0x2D, 0x02, 0xD8, 0x04, 0x00, 0x00, 0x16, 0x42, 0x44, 
    0xE2, 0xA7, 0x07, 0x16, 0x08, 0x1A, 0x0C, 0x26, 0x16, 0x40, 0xAA, 0xEE, 
    0x1A, 0x16, 0x9F, 0x6E, 0xB5, 0xD7, 0x04, 0x02, 0xD9, 0x04, 0x00, 0x00, 
    0x24, 0x02, 0xDA, 0x04, 0x80, 0xC1, 0x00, 0x23, 0x16, 0x50, 0x2C, 0xE0, 
    0x42, 0x02, 0xDC, 0x04, 0x00, 0x00, 0x16, 0x7F, 0xA3, 0x9F, 0xAD, 0x80, 
    0x25, 0x80, 0x54, 0xE9, 0x8C, 0x26, 0x16, 0x0C, 0xF1, 0x31, 0x70, 0x07, 
    0x03, 0x16, 0x83, 0x2C, 0x07, 0x2D, 0x07, 0x16, 0x56, 0xCA, 0x18, 0x8A, 
    0x16, 0xF9, 0x81, 0xDC, 0xA1, 0x07, 0x1C, 0x20, 0x00, 0x00, 0x00, 0x4F, 
    0x76, 0x65, 0x72, 0x63, 0x72, 0x6F, 0x6F, 0x6B, 0x80, 0xD1, 0x42, 0x69, 
    0x67, 0x53, 0x70, 0x69, 0x6E, 0x46, 0x6C, 0x69, 0x70, 0x20, 0x4F, 0x76, 
    0x65, 0x72, 0x63, 0x72, 0x6F, 0x6F, 0x6B, 0x80, 0xA5, 0x04, 0x02, 0xDD, 
    0x04, 0x00, 0x00, 0x24, 0x02, 0xDE, 0x04, 0x80, 0x11, 0x80, 0x00, 0x23, 
    0x16, 0x64, 0x3D, 0xE6, 0x20, 0x02, 0xE0, 0x04, 0x00, 0x00, 0x16, 0xF3, 
    0xAD, 0x76, 0xC8, 0x02, 0xE1, 0x04, 0x00, 0x00, 0x16, 0x69, 0x3F, 0xE9, 
    0x63, 0x02, 0xE2, 0x04, 0x00, 0x00, 0x16, 0x7F, 0xA3, 0x9F, 0xAD, 0x80, 
    0xFD, 0x54, 0xE9, 0x8C, 0x26, 0x16, 0x0C, 0xF1, 0x31, 0x70, 0x07, 0x03, 
    0x16, 0x83, 0x2C, 0x07, 0x2D, 0x07, 0x16, 0x56, 0xCA, 0x18, 0x8A, 0x04, 
    0x02, 0xE3, 0x04, 0x00, 0x00, 0x24, 0x02, 0xE4, 0x04, 0x80, 0x9D, 0x00, 
    0x23, 0x16, 0x72, 0x7F, 0x77, 0xBB, 0x02, 0x80, 0xBD, 0x04, 0x00, 0x00, 
    0x16, 0x7F, 0xA3, 0x9F, 0xAD, 0x16, 0x64, 0x3D, 0xE6, 0x20, 0x02, 0xE7, 
    0x04, 0x80, 0x91, 0x00, 0x24, 0x02, 0xE8, 0x04, 0x80, 0x71, 0x81, 0x00, 
    0x23, 0x16, 0x60, 0x46, 0x00, 0x37, 0x02, 0xEA, 0x04, 0x00, 0x00, 0x16, 
    0x6F, 0xD8, 0x5E, 0x25, 0x03, 0x16, 0xF9, 0x81, 0xDC, 0xA1, 0x07, 0x1C, 
    0x0E, 0x00, 0x00, 0x00, 0x46, 0x6C, 0x69, 0x70, 0x20, 0x4B, 0x69, 0x63, 
    0x6B, 0x20, 0x44, 0x61, 0x64, 0x00, 0x16, 0xAE, 0xC8, 0x66, 0xCD, 0x07, 
    0x17, 0xF4, 0x01, 0x00, 0x00, 0x16, 0x64, 0x0F, 0xB6, 0xEB, 0x07, 0x16, 
    0xBC, 0xB7, 0xE9, 0xC7, 0x16, 0xA4, 0x9B, 0x54, 0x98, 0x07, 0x16, 0xB0, 
    0xF7, 0x4A, 0x56, 0x16, 0xE3, 0x41, 0x16, 0x0F, 0x07, 0x16, 0xFD, 0x3E, 
    0x4C, 0x8A, 0x16, 0xD6, 0xA8, 0x21, 0x73, 0x07, 0x80, 0x8D, 0x6F, 0xD8, 
    0x5E, 0x25, 0x80, 0x1D, 0x80, 0x83, 0x2C, 0x07, 0x2D, 0x07, 0x2D, 0x16, 
    0x83, 0x2C, 0x07, 0x2D, 0x16, 0xEA, 0x4A, 0xDB, 0x23, 0x02, 0xEB, 0x04, 
    0x00, 0x00, 0x16, 0x42, 0x44, 0xE2, 0xA7, 0x07, 0x16, 0xC2, 0x23, 0x2B, 
    0xE6, 0x16, 0x29, 0x4E, 0x62, 0xD6, 0x07, 0x17, 0x2D, 0x84, 0xBD, 0x00, 
    0x16, 0x40, 0xAA, 0xEE, 0x1A, 0x04, 0x02, 0xEC, 0x04, 0x00, 0x00, 0x24, 
    0x02, 0xED, 0x04, 0x80, 0x11, 0x80, 0x00, 0x23, 0x16, 0x7A, 0xBF, 0x0D, 
    0x70, 0x02, 0xEF, 0x04, 0x00, 0x00, 0x16, 0xF3, 0xAD, 0x76, 0xC8, 0x02, 
    0xF0, 0x04, 0x00, 0x00, 0x16, 0x69, 0x3F, 0xE9, 0x63, 0x02, 0xF1, 0x04, 
    0x00, 0x00, 0x16, 0x7F, 0xA3, 0x9F, 0xAD, 0x80, 0xFD, 0x60, 0x46, 0x00, 
    0x37, 0x16, 0x0C, 0xF1, 0x31, 0x70, 0x07, 0x03, 0x16, 0x83, 0x2C, 0x07, 
    0x2D, 0x07, 0x16, 0x56, 0xCA, 0x18, 0x8A, 0x04, 0x02, 0xF2, 0x04, 0x00, 
    0x00, 0x24, 0x02, 0xF3, 0x04, 0x80, 0x71, 0x80, 0x00, 0x23, 0x16, 0x1F, 
    0x7B, 0x51, 0x92, 0x02, 0xF5, 0x04, 0x00, 0x00, 0x16, 0x6F, 0xD8, 0x5E, 
    0x25, 0x03, 0x16, 0xF9, 0x81, 0xDC, 0xA1, 0x07, 0x1C, 0x0D, 0x00, 0x00, 
    0x00, 0x46, 0x61, 0x6C, 0x63, 0x6F, 0x6E, 0x20, 0x53, 0x6C, 0x69, 0x64, 
    0x65, 0x00, 0x16, 0xAE, 0xC8, 0x66, 0xCD, 0x07, 0x17, 0xF4, 0x01, 0x00, 
    0x00, 0x16, 0x64, 0x0F, 0xB6, 0xEB, 0x07, 0x16, 0xC7, 0x80, 0x59, 0x81, 
    0x1A, 0xDD, 0x16, 0xA4, 0x9B, 0x54, 0x98, 0x07, 0x16, 0xA6, 0x1B, 0x4A, 
    0xC7, 0x16, 0xEA, 0x4A, 0xDB, 0x23, 0x16, 0xB7, 0x7D, 0x3F, 0x0E, 0x07, 
    0x16, 0xEA, 0xD5, 0x8B, 0xD9, 0x16, 0xD6, 0xA8, 0x21, 0x73, 0x07, 0x16, 
    0x9D, 0x11, 0x10, 0x8D, 0x02, 0xF6, 0x04, 0x00, 0x00, 0x16, 0x42, 0x44, 
    0xE2, 0xA7, 0x07, 0x16, 0xC2, 0x23, 0x2B, 0xE6, 0x16, 0x40, 0xAA, 0xEE, 
    0x1A, 0x16, 0x29, 0xBA, 0x78, 0x7C, 0x16, 0x02, 0x51, 0x85, 0x6E, 0x07, 
    0x16, 0x8F, 0x9C, 0xF8, 0x69, 0x04, 0x02, 0xF7, 0x04, 0x00, 0x00, 0x24, 
    0x02, 0xF8, 0x04, 0x80, 0x11, 0x80, 0x00, 0x23, 0x16, 0x01, 0x42, 0xFE, 
    0x6A, 0x02, 0xFA, 0x04, 0x00, 0x00, 0x16, 0x1C, 0x3B, 0x9F, 0xE3, 0x16, 
    0x6F, 0xD8, 0x5E, 0x25, 0x07, 0x16, 0x1F, 0x7B, 0x51, 0x92, 0x02, 0xFB, 
    0x04, 0x00, 0x00, 0x24, 0x02, 0xFC, 0x04, 0x80, 0x0D, 0x80, 0x00, 0x23, 
    0x16, 0x35, 0x26, 0x09, 0x1A, 0x02, 0xFE, 0x04, 0x00, 0x00, 0x16, 0x6F, 
    0xD8, 0x5E, 0x25, 0x03, 0x16, 0xF9, 0x81, 0xDC, 0xA1, 0x07, 0x1C, 0x19, 
    0x00, 0x00, 0x00, 0x35, 0x2D, 0x30, 0x20, 0x46, 0x69, 0x6E, 0x80, 0x5D, 
    0x80, 0x65, 0x72, 0x66, 0x6C, 0x69, 0x70, 0x20, 0x4E, 0x6F, 0x73, 0x65, 
    0x67, 0x72, 0x69, 0x6E, 0x64, 0x00, 0x16, 0xAE, 0xC8, 0x66, 0xCD, 0x07, 
    0x17, 0xF4, 0x01, 0x00, 0x00, 0x16, 0x64, 0x0F, 0xB6, 0xEB, 0x07, 0x16, 
    0x47, 0x4B, 0x16, 0x8D, 0x16, 0xA4, 0x9B, 0x54, 0x98, 0x07, 0x16, 0xEB, 
    0xBD, 0x91, 0x83, 0x16, 0xD6, 0xA8, 0x21, 0x73, 0x07, 0x80, 0xB5, 0x6F, 
    0xD8, 0x5E, 0x25, 0x16, 0x83, 0x2C, 0x07, 0x2D, 0x07, 0x2D, 0x16, 0x83, 
    0x2C, 0x80, 0x29, 0x80, 0x2D, 0x02, 0xFF, 0x04, 0x00, 0x00, 0x16, 0x42, 
    0x44, 0xE2, 0xA7, 0x07, 0x16, 0xC2, 0x23, 0x2B, 0xE6, 0x16, 0x40, 0xAA, 
    0xEE, 0x1A, 0x16, 0x02, 0x51, 0x85, 0x6E, 0x07, 0x16, 0x8F, 0x7C, 0xA8, 
    0x54, 0x04, 0x02, 0x00, 0x05, 0x00, 0x00, 0x24, 0x02, 0x01, 0x05, 0x80, 
    0x09, 0x80, 0x00, 0x23, 0x16, 0xF6, 0x6C, 0x14, 0x50, 0x02, 0x03, 0x05, 
    0x00, 0x00, 0x16, 0x1C, 0x3B, 0x9F, 0xE3, 0x16, 0x6F, 0xD8, 0x5E, 0x25, 
    0x07, 0x16, 0x35, 0x26, 0x09, 0x1A, 0x02, 0x04, 0x05, 0x00, 0x00, 0x24, 
    0x02, 0x80, 0x81, 0x05, 0x80, 0x01, 0x82, 0x00, 0x23, 0x16, 0xD6, 0x57, 
    0x19, 0x31, 0x02, 0x07, 0x05, 0x00, 0x00, 0x16, 0x6F, 0xD8, 0x5E, 0x25, 
    0x03, 0x16, 0xF9, 0x81, 0xDC, 0xA1, 0x07, 0x1C, 0x0D, 0x00, 0x00, 0x00, 
    0x46, 0x72, 0x6F, 0x67, 0x67, 0x79, 0x20, 0x47, 0x72, 0x69, 0x6E, 0x64, 
    0x00, 0x16, 0xAE, 0xC8, 0x66, 0xCD, 0x07, 0x17, 0xF4, 0x01, 0x00, 0x00, 
    0x16, 0x64, 0x0F, 0xB6, 0xEB, 0x07, 0x16, 0x90, 0x63, 0x77, 0x90, 0x16, 
    0xA4, 0x9B, 0x54, 0x98, 0x07, 0x16, 0xF1, 0x32, 0x27, 0x8A, 0x16, 0xEA, 
    0x4A, 0xDB, 0x23, 0x16, 0xB7, 0x7D, 0x3F, 0x0E, 0x07, 0x16, 0x8A, 0xDA, 
    0xC3, 0x06, 0x16, 0xD6, 0xA8, 0x21, 0x73, 0x07, 0x80, 0xB5, 0x6F, 0xD8, 
    0x5E, 0x25, 0x16, 0x83, 0x2C, 0x07, 0x2D, 0x07, 0x2D, 0x16, 0x83, 0x2C, 
    0x80, 0x3D, 0x80, 0x2D, 0x02, 0x08, 0x05, 0x00, 0x00, 0x16, 0x42, 0x44, 
    0xE2, 0xA7, 0x07, 0x16, 0xC2, 0x23, 0x2B, 0xE6, 0x16, 0x40, 0xAA, 0xEE, 
    0x1A, 0x16, 0x02, 0x51, 0x85, 0x6E, 0x07, 0x16, 0x46, 0xE0, 0xC8, 0x40, 
    0x16, 0x29, 0xBA, 0x78, 0x7C, 0x04, 0x02, 0x09, 0x05, 0x00, 0x00, 0x24, 
    0x02, 0x0A, 0x05, 0x80, 0x11, 0x80, 0x00, 0x23, 0x16, 0x56, 0x6B, 0x93, 
    0x27, 0x02, 0x0C, 0x05, 0x00, 0x00, 0x16, 0x1C, 0x3B, 0x9F, 0xE3, 0x16, 
    0x6F, 0xD8, 0x5E, 0x25, 0x07, 0x16, 0xD6, 0x57, 0x19, 0x31, 0x02, 0x0D, 
    0x05, 0x00, 0x00, 0x24, 0x02, 0x0E, 0x05, 0x80, 0x4D, 0x81, 0x00, 0x23, 
    0x16, 0xBD, 0x89, 0x56, 0x6E, 0x02, 0x10, 0x05, 0x00, 0x00, 0x16, 0x6F, 
    0xD8, 0x5E, 0x25, 0x03, 0x16, 0xF9, 0x81, 0xDC, 0xA1, 0x07, 0x1C, 0x10, 
    0x00, 0x00, 0x00, 0x43, 0x61, 0x72, 0x74, 0x77, 0x68, 0x65, 0x65, 0x6C, 
    0x20, 0x35, 0x30, 0x2D, 0x35, 0x30, 0x00, 0x16, 0xAE, 0xC8, 0x66, 0xCD, 
    0x07, 0x17, 0xF4, 0x01, 0x00, 0x00, 0x16, 0x64, 0x0F, 0xB6, 0xEB, 0x07, 
    0x16, 0x9A, 0x31, 0x3E, 0xAC, 0x16, 0xA4, 0x9B, 0x54, 0x98, 0x07, 0x16, 
    0xA6, 0xFD, 0x14, 0xB9, 0x16, 0xD6, 0xA8, 0x21, 0x73, 0x07, 0x80, 0xB5, 
    0x6F, 0xD8, 0x5E, 0x25, 0x16, 0x83, 0x2C, 0x07, 0x2D, 0x07, 0x2D, 0x16, 
    0x83, 0x2C, 0x80, 0x29, 0x80, 0x2D, 0x02, 0x11, 0x05, 0x00, 0x00, 0x16, 
    0x42, 0x44, 0xE2, 0xA7, 0x07, 0x16, 0xC2, 0x23, 0x2B, 0xE6, 0x16, 0x40, 
    0xAA, 0xEE, 0x1A, 0x16, 0x02, 0x51, 0x85, 0x6E, 0x07, 0x16, 0x46, 0xE0, 
    0xC8, 0x40, 0x04, 0x02, 0x12, 0x05, 0x00, 0x00, 0x24, 0x02, 0x13, 0x05, 
    0x80, 0xC1, 0x00, 0x23, 0x16, 0xC1, 0x1C, 0x96, 0xC0, 0x02, 0x15, 0x05, 
    0x00, 0x00, 0x16, 0x1C, 0x3B, 0x9F, 0xE3, 0x80, 0xC9, 0x6F, 0xD8, 0x5E, 
    0x25, 0x07, 0x16, 0xBD, 0x89, 0x56, 0x6E, 0x02, 0x16, 0x05, 0x00, 0x00, 
    0x24, 0x02, 0x17, 0x05, 0x80, 0xED, 0x00, 0x23, 0x16, 0x1E, 0x1A, 0xAD, 
    0xA2, 0x02, 0x19, 0x05, 0x00, 0x00, 0x16, 0x6F, 0xD8, 0x5E, 0x25, 0x03, 
    0x16, 0xF9, 0x81, 0xDC, 0xA1, 0x07, 0x1C, 0x0C, 0x00, 0x00, 0x80, 0x5D, 
    0x80, 0x4D, 0x75, 0x73, 0x6B, 0x61, 0x20, 0x42, 0x65, 0x61, 0x74, 0x7A, 
    0x00, 0x16, 0xAE, 0xC8, 0x66, 0xCD, 0x07, 0x17, 0xF4, 0x01, 0x00, 0x00, 
    0x16, 0x64, 0x0F, 0xB6, 0xEB, 0x07, 0x16, 0xDC, 0x24, 0x7D, 0x63, 0x16, 
    0xA4, 0x9B, 0x54, 0x98, 0x07, 0x16, 0xBD, 0x75, 0x2D, 0x79, 0x16, 0xEA, 
    0x4A, 0xDB, 0x23, 0x16, 0xD6, 0xA8, 0x21, 0x73, 0x07, 0x80, 0xB5, 0x9D, 
    0x11, 0x10, 0x8D, 0x16, 0x83, 0x2C, 0x07, 0x2D, 0x07, 0x2D, 0x16, 0x83, 
    0x2C, 0x80, 0x85, 0x2D, 0x02, 0x80, 0x75, 0x80, 0x05, 0x00, 0x00, 0x16, 
    0x42, 0x44, 0xE2, 0xA7, 0x07, 0x16, 0x08, 0x1A, 0x0C, 0x26, 0x16, 0x02, 
    0x51, 0x85, 0x6E, 0x07, 0x16, 0x8B, 0xB9, 0xC4, 0x30, 0x16, 0xE3, 0x41, 
    0x16, 0x0F, 0x07, 0x16, 0x9B, 0x6A, 0x02, 0xB7, 0x16, 0x77, 0xB3, 0xBC, 
    0x13, 0x07, 0x16, 0x4B, 0x98, 0xD3, 0xFF, 0x16, 0x40, 0xAA, 0xEE, 0x1A, 
    0x04, 0x02, 0x1B, 0x05, 0x00, 0x00, 0x24, 0x02, 0x1C, 0x05, 0x80, 0x11, 
    0x80, 0x00, 0x23, 0x16, 0x6E, 0x1A, 0x87, 0x05, 0x02, 0x1E, 0x05, 0x00, 
    0x00, 0x16, 0x1C, 0x3B, 0x9F, 0xE3, 0x16, 0x6F, 0xD8, 0x5E, 0x25, 0x07, 
    0x16, 0x1E, 0x1A, 0xAD, 0xA2, 0x02, 0x1F, 0x05, 0x00, 0x00, 0x24, 0x02, 
    0x20, 0x05, 0x80, 0x7D, 0x81, 0x00, 0x23, 0x16, 0xD3, 0x5B, 0x85, 0x82, 
    0x02, 0x22, 0x05, 0x00, 0x00, 0x16, 0x6F, 0xD8, 0x5E, 0x25, 0x03, 0x16, 
    0xF9, 0x81, 0xDC, 0xA1, 0x07, 0x1C, 0x11, 0x00, 0x00, 0x00, 0x47, 0x68, 
    0x65, 0x74, 0x74, 0x6F, 0x20, 0x54, 0x61, 0x67, 0x20, 0x47, 0x72, 0x69, 
    0x6E, 0x64, 0x00, 0x16, 0xAE, 0xC8, 0x66, 0xCD, 0x07, 0x17, 0xF4, 0x01, 
    0x00, 0x00, 0x16, 0x64, 0x0F, 0xB6, 0xEB, 0x07, 0x16, 0xA4, 0xCA, 0xEE, 
    0x5D, 0x16, 0xA4, 0x9B, 0x54, 0x98, 0x07, 0x16, 0x3E, 0xFD, 0xCD, 0xC7, 
    0x16, 0xB7, 0x7D, 0x3F, 0x0E, 0x07, 0x16, 0x7F, 0x7D, 0x6C, 0x48, 0x16, 
    0xD6, 0xA8, 0x21, 0x73, 0x07, 0x80, 0xB5, 0x6F, 0xD8, 0x5E, 0x25, 0x16, 
    0x83, 0x2C, 0x07, 0x2D, 0x07, 0x2D, 0x16, 0x83, 0x2C, 0x80, 0x85, 0x2D, 
    0x02, 0x80, 0x09, 0x81, 0x05, 0x00, 0x00, 0x16, 0x42, 0x44, 0xE2, 0xA7, 
    0x07, 0x16, 0xC2, 0x23, 0x2B, 0xE6, 0x16, 0x40, 0xAA, 0xEE, 0x1A, 0x16, 
    0x02, 0x51, 0x85, 0x6E, 0x07, 0x16, 0x8B, 0xB9, 0xC4, 0x30, 0x16, 0x29, 
    0xBA, 0x78, 0x7C, 0x16, 0xE3, 0x41, 0x16, 0x0F, 0x07, 0x16, 0x48, 0xCC, 
    0x7F, 0x1D, 0x16, 0x77, 0xB3, 0xBC, 0x13, 0x07, 0x16, 0x64, 0x56, 0xCF, 
    0x82, 0x04, 0x02, 0x24, 0x05, 0x00, 0x00, 0x24, 0x02, 0x25, 0x05, 0x80, 
    0x11, 0x80, 0x00, 0x23, 0x16, 0x20, 0x45, 0xCB, 0x96, 0x02, 0x27, 0x05, 
    0x00, 0x00, 0x16, 0x1C, 0x3B, 0x9F, 0xE3, 0x16, 0x6F, 0xD8, 0x5E, 0x25, 
    0x07, 0x16, 0xD3, 0x5B, 0x85, 0x82, 0x02, 0x28, 0x05, 0x00, 0x00, 0x24, 
    0x02, 0x29, 0x05, 0x80, 0xED, 0x00, 0x23, 0x16, 0xA1, 0xAF, 0x6D, 0x8E, 
    0x02, 0x2B, 0x05, 0x00, 0x00, 0x16, 0x6F, 0xD8, 0x5E, 0x25, 0x03, 0x16, 
    0xF9, 0x81, 0xDC, 0xA1, 0x07, 0x1C, 0x0C, 0x00, 0x00, 0x80, 0x89, 0x44, 
    0x61, 0x66, 0x80, 0x39, 0x80, 0x79, 0x20, 0x47, 0x72, 0x69, 0x6E, 0x64, 
    0x00, 0x16, 0xAE, 0xC8, 0x66, 0xCD, 0x07, 0x17, 0xF4, 0x01, 0x00, 0x00, 
    0x16, 0x64, 0x0F, 0xB6, 0xEB, 0x07, 0x16, 0x06, 0x77, 0x47, 0x24, 0x16, 
    0xA4, 0x9B, 0x54, 0x98, 0x07, 0x16, 0x47, 0x96, 0x6C, 0xFF, 0x16, 0xD6, 
    0xA8, 0x21, 0x73, 0x07, 0x80, 0xB5, 0x6F, 0xD8, 0x5E, 0x25, 0x16, 0x83, 
    0x2C, 0x07, 0x2D, 0x07, 0x2D, 0x16, 0x83, 0x2C, 0x80, 0x55, 0x80, 0x2D, 
    0x02, 0x2C, 0x05, 0x00, 0x00, 0x16, 0x42, 0x44, 0xE2, 0xA7, 0x07, 0x16, 
    0xC2, 0x23, 0x2B, 0xE6, 0x16, 0x40, 0xAA, 0xEE, 0x1A, 0x16, 0x02, 0x51, 
    0x85, 0x6E, 0x07, 0x16, 0x8B, 0xB9, 0xC4, 0x30, 0x16, 0x77, 0xB3, 0xBC, 
    0x13, 0x07, 0x16, 0xC6, 0xAB, 0xA0, 0xFA, 0x04, 0x02, 0x2D, 0x05, 0x00, 
    0x00, 0x24, 0x02, 0x2E, 0x05, 0x80, 0x59, 0x81, 0x00, 0x23, 0x16, 0xF4, 
    0xC3, 0x21, 0x7A, 0x02, 0x30, 0x05, 0x00, 0x00, 0x16, 0x1C, 0x3B, 0x9F, 
    0xE3, 0x16, 0x6F, 0xD8, 0x5E, 0x25, 0x07, 0x16, 0xA1, 0xAF, 0x6D, 0x8E, 
    0x02, 0x31, 0x05, 0x00, 0x00, 0x24, 0x02, 0x32, 0x05, 0x00, 0x00, 0x23, 
    0x16, 0x49, 0x06, 0x97, 0x97, 0x16, 0xF9, 0x81, 0xDC, 0xA1, 0x07, 0x1C, 
    0x14, 0x00, 0x00, 0x00, 0x46, 0x53, 0x20, 0x52, 0x6F, 0x63, 0x6B, 0x65, 
    0x74, 0x20, 0x54, 0x61, 0x69, 0x6C, 0x73, 0x6C, 0x69, 0x64, 0x65, 0x00, 
    0x02, 0x35, 0x05, 0x00, 0x00, 0x16, 0x6F, 0xD8, 0x5E, 0x25, 0x03, 0x80, 
    0x8D, 0xF9, 0x81, 0xDC, 0xA1, 0x80, 0x31, 0x80, 0x2D, 0x16, 0xF9, 0x81, 
    0xDC, 0xA1, 0x16, 0xAE, 0xC8, 0x66, 0xCD, 0x07, 0x17, 0xF4, 0x01, 0x00, 
    0x00, 0x16, 0x64, 0x0F, 0xB6, 0xEB, 0x07, 0x16, 0x36, 0xB2, 0x99, 0x96, 
    0x16, 0xA4, 0x9B, 0x54, 0x98, 0x07, 0x16, 0x2E, 0x78, 0x07, 0xD9, 0x16, 
    0xD6, 0xA8, 0x21, 0x73, 0x07, 0x80, 0xB5, 0x9D, 0x11, 0x10, 0x8D, 0x16, 
    0x83, 0x2C, 0x07, 0x2D, 0x07, 0x2D, 0x16, 0x83, 0x2C, 0x80, 0xED, 0x2D, 
    0x02, 0x36, 0x05, 0x00, 0x00, 0x16, 0x42, 0x44, 0xE2, 0xA7, 0x07, 0x16, 
    0x7C, 0x27, 0xD5, 0x5C, 0x16, 0x02, 0x51, 0x85, 0x6E, 0x07, 0x16, 0x8B, 
    0xB9, 0xC4, 0x30, 0x80, 0x2D, 0x81, 0x40, 0xAA, 0xEE, 0x1A, 0x16, 0xA0, 
    0xAC, 0x16, 0x7A, 0x07, 0x2D, 0x16, 0xA0, 0xAC, 0x16, 0x7A, 0x04, 0x02, 
    0x37, 0x05, 0x00, 0x00, 0x24, 0x02, 0x38, 0x05, 0x00, 0x00, 0x23, 0x16, 
    0x4D, 0xC3, 0xFB, 0xF3, 0x16, 0xF9, 0x81, 0xDC, 0xA1, 0x07, 0x1C, 0x14, 
    0x00, 0x00, 0x00, 0x42, 0x53, 0x20, 0x52, 0x6F, 0x63, 0x6B, 0x65, 0x74, 
    0x20, 0x54, 0x61, 0x69, 0x6C, 0x73, 0x6C, 0x69, 0x64, 0x65, 0x00, 0x02, 
    0x3A, 0x05, 0x00, 0x00, 0x16, 0x6F, 0xD8, 0x5E, 0x25, 0x03, 0x80, 0x8D, 
    0xF9, 0x81, 0xDC, 0xA1, 0x80, 0x31, 0x80, 0x2D, 0x16, 0xF9, 0x81, 0xDC, 
    0xA1, 0x16, 0xAE, 0xC8, 0x66, 0xCD, 0x07, 0x17, 0xF4, 0x01, 0x00, 0x00, 
    0x16, 0x64, 0x0F, 0xB6, 0xEB, 0x07, 0x16, 0xB7, 0xB4, 0xFB, 0xEE, 0x16, 
    0xA4, 0x9B, 0x54, 0x98, 0x07, 0x16, 0x9E, 0xA9, 0xC0, 0x43, 0x16, 0xD6, 
    0xA8, 0x21, 0x73, 0x07, 0x80, 0xB5, 0x9D, 0x11, 0x10, 0x8D, 0x16, 0x83, 
    0x2C, 0x07, 0x2D, 0x07, 0x2D, 0x16, 0x83, 0x2C, 0x80, 0xB1, 0x2D, 0x02, 
    0x3B, 0x05, 0x00, 0x00, 0x16, 0x42, 0x44, 0xE2, 0xA7, 0x07, 0x16, 0x80, 
    0xB5, 0x27, 0xD5, 0x5C, 0x16, 0x02, 0x51, 0x85, 0x6E, 0x07, 0x16, 0x8F, 
    0x7C, 0xA8, 0x54, 0x80, 0xE5, 0x40, 0xAA, 0xEE, 0x1A, 0x16, 0xA0, 0xAC, 
    0x16, 0x7A, 0x07, 0x2D, 0x16, 0xA0, 0xAC, 0x16, 0x7A, 0x04, 0x02, 0x3C, 
    0x05, 0x00, 0x00, 0x24, 0x02, 0x3D, 0x05, 0x80, 0xE9, 0x00, 0x23, 0x16, 
    0x3B, 0x6D, 0x7B, 0x35, 0x02, 0x3F, 0x05, 0x00, 0x00, 0x16, 0x65, 0x0C, 
    0xDE, 0xD9, 0x02, 0x40, 0x05, 0x00, 0x00, 0x16, 0x7F, 0xA3, 0x9F, 0xAD, 
    0x80, 0xFD, 0x4D, 0xC3, 0xFB, 0xF3, 0x16, 0x0C, 0xF1, 0x31, 0x70, 0x07, 
    0x03, 0x16, 0x83, 0x2C, 0x07, 0x2D, 0x07, 0x16, 0x56, 0xCA, 0x18, 0x8A, 
    0x04, 0x02, 0x41, 0x05, 0x00, 0x00, 0x24, 0x02, 0x42, 0x05, 0x80, 0xE9, 
    0x00, 0x23, 0x16, 0x2D, 0x2F, 0xEA, 0xAE, 0x02, 0x44, 0x05, 0x00, 0x00, 
    0x16, 0x65, 0x0C, 0xDE, 0xD9, 0x02, 0x45, 0x05, 0x00, 0x00, 0x16, 0x7F, 
    0xA3, 0x9F, 0xAD, 0x80, 0xFD, 0x49, 0x06, 0x97, 0x97, 0x16, 0x0C, 0xF1, 
    0x31, 0x70, 0x07, 0x03, 0x16, 0x83, 0x2C, 0x07, 0x2D, 0x07, 0x16, 0x56, 
    0xCA, 0x18, 0x8A, 0x04, 0x02, 0x46, 0x05, 0x00, 0x00, 0x24, 0x02, 0x47, 
    0x05, 0x80, 0x75, 0x81, 0x00, 0x23, 0x16, 0x4D, 0x80, 0xA7, 0x8C, 0x02, 
    0x49, 0x05, 0x00, 0x00, 0x16, 0x6F, 0xD8, 0x5E, 0x25, 0x03, 0x16, 0xF9, 
    0x81, 0xDC, 0xA1, 0x07, 0x1C, 0x15, 0x00, 0x00, 0x00, 0x46, 0x61, 0x63, 
    0x74, 0x69, 0x6F, 0x6E, 0x20, 0x47, 0x75, 0x69, 0x74, 0x61, 0x72, 0x20, 
    0x53, 0x6C, 0x69, 0x64, 0x65, 0x00, 0x16, 0xAE, 0xC8, 0x66, 0xCD, 0x07, 
    0x17, 0xF4, 0x01, 0x00, 0x00, 0x16, 0x64, 0x0F, 0xB6, 0xEB, 0x07, 0x16, 
    0x08, 0xA3, 0x75, 0x13, 0x16, 0xA4, 0x9B, 0x54, 0x98, 0x07, 0x16, 0x69, 
    0xF2, 0x25, 0x09, 0x16, 0xEA, 0x4A, 0xDB, 0x23, 0x16, 0xD6, 0xA8, 0x21, 
    0x73, 0x07, 0x80, 0xB5, 0x9D, 0x11, 0x10, 0x8D, 0x16, 0x83, 0x2C, 0x07, 
    0x2D, 0x07, 0x2D, 0x16, 0x83, 0x2C, 0x80, 0x01, 0x81, 0x2D, 0x02, 0x4A, 
    0x05, 0x00, 0x00, 0x16, 0x42, 0x44, 0xE2, 0xA7, 0x07, 0x16, 0x08, 0x1A, 
    0x0C, 0x26, 0x16, 0x02, 0x51, 0x85, 0x6E, 0x07, 0x16, 0x8B, 0xB9, 0xC4, 
    0x30, 0x16, 0xE3, 0x41, 0x16, 0x0F, 0x07, 0x16, 0x05, 0xD9, 0xCB, 0xFA, 
    0x16, 0x77, 0xB3, 0xBC, 0x13, 0x07, 0x16, 0x2D, 0xAA, 0xB3, 0x18, 0x16, 
    0x40, 0xAA, 0xEE, 0x1A, 0x04, 0x02, 0x4B, 0x05, 0x00, 0x00, 0x24, 0x02, 
    0x4C, 0x05, 0x80, 0x11, 0x80, 0x00, 0x23, 0x16, 0x41, 0x62, 0x82, 0x0A, 
    0x02, 0x4E, 0x05, 0x00, 0x00, 0x16, 0x1C, 0x3B, 0x9F, 0xE3, 0x16, 0x6F, 
    0xD8, 0x5E, 0x25, 0x07, 0x16, 0x4D, 0x80, 0xA7, 0x8C, 0x02, 0x4F, 0x05, 
    0x00, 0x00, 0x24, 0x02, 0x50, 0x05, 0x80, 0x11, 0x82, 0x00, 0x23, 0x16, 
    0x0A, 0x0A, 0x23, 0x48, 0x02, 0x52, 0x05, 0x00, 0x00, 0x16, 0x6F, 0xD8, 
    0x5E, 0x25, 0x03, 0x16, 0xF9, 0x81, 0xDC, 0xA1, 0x07, 0x1C, 0x11, 0x00, 
    0x00, 0x00, 0x41, 0x6D, 0x65, 0x72, 0x69, 0x63, 0x61, 0x6E, 0x20, 0x54, 
    0x72, 0x69, 0x62, 0x75, 0x74, 0x65, 0x00, 0x16, 0xAE, 0xC8, 0x66, 0xCD, 
    0x07, 0x17, 0xF4, 0x01, 0x00, 0x00, 0x16, 0x64, 0x0F, 0xB6, 0xEB, 0x07, 
    0x16, 0x58, 0xB4, 0xA0, 0x56, 0x16, 0xA4, 0x9B, 0x54, 0x98, 0x07, 0x16, 
    0x39, 0xE5, 0xF0, 0x4C, 0x16, 0xB7, 0x7D, 0x3F, 0x0E, 0x07, 0x16, 0xB0, 
    0xA0, 0xCD, 0xDD, 0x16, 0xEA, 0x4A, 0xDB, 0x23, 0x16, 0xD6, 0xA8, 0x21, 
    0x73, 0x07, 0x80, 0xB5, 0x6F, 0xD8, 0x5E, 0x25, 0x16, 0x83, 0x2C, 0x07, 
    0x2D, 0x07, 0x2D, 0x16, 0x83, 0x2C, 0x80, 0x01, 0x81, 0x2D, 0x02, 0x53, 
    0x05, 0x00, 0x00, 0x16, 0x42, 0x44, 0xE2, 0xA7, 0x07, 0x16, 0x08, 0x1A, 
    0x0C, 0x26, 0x16, 0x02, 0x51, 0x85, 0x6E, 0x07, 0x16, 0x8B, 0xB9, 0xC4, 
    0x30, 0x16, 0x40, 0xAA, 0xEE, 0x1A, 0x16, 0x77, 0xB3, 0xBC, 0x13, 0x07, 
    0x16, 0x3A, 0x42, 0xE0, 0x7C, 0x16, 0xD3, 0xBB, 0xDA, 0x28, 0x07, 0x16, 
    0xE8, 0x8D, 0x2B, 0xCB, 0x04, 0x02, 0x54, 0x05, 0x00, 0x00, 0x24, 0x02, 
    0x55, 0x05, 0x80, 0x11, 0x80, 0x00, 0x23, 0x16, 0x75, 0xC7, 0x05, 0x23, 
    0x02, 0x57, 0x05, 0x00, 0x00, 0x16, 0x1C, 0x3B, 0x9F, 0xE3, 0x16, 0x6F, 
    0xD8, 0x5E, 0x25, 0x07, 0x16, 0x0A, 0x0A, 0x23, 0x48, 0x02, 0x58, 0x05, 
    0x00, 0x00, 0x24, 0x02, 0x59, 0x05, 0x80, 0x55, 0x81, 0x00, 0x23, 0x16, 
    0xA3, 0x81, 0xDD, 0xD3, 0x02, 0x5B, 0x05, 0x00, 0x00, 0x16, 0x6F, 0xD8, 
    0x5E, 0x25, 0x03, 0x16, 0xF9, 0x81, 0xDC, 0xA1, 0x07, 0x1C, 0x0D, 0x00, 
    0x00, 0x00, 0x46, 0x65, 0x72, 0x72, 0x65, 0x74, 0x20, 0x46, 0x69, 0x67, 
    0x68, 0x74, 0x00, 0x16, 0xAE, 0xC8, 0x66, 0xCD, 0x07, 0x17, 0xF4, 0x01, 
    0x00, 0x00, 0x16, 0x64, 0x0F, 0xB6, 0xEB, 0x07, 0x16, 0x05, 0xEF, 0xB9, 
    0x3F, 0x16, 0xA4, 0x9B, 0x54, 0x98, 0x07, 0x16, 0x64, 0xBE, 0xE9, 0x25, 
    0x16, 0xEA, 0x4A, 0xDB, 0x23, 0x16, 0xD6, 0xA8, 0x21, 0x73, 0x07, 0x80, 
    0xB5, 0x6F, 0xD8, 0x5E, 0x25, 0x16, 0x83, 0x2C, 0x07, 0x2D, 0x07, 0x2D, 
    0x16, 0x83, 0x2C, 0x80, 0x15, 0x81, 0x2D, 0x02, 0x5C, 0x05, 0x00, 0x00, 
    0x16, 0x42, 0x44, 0xE2, 0xA7, 0x07, 0x16, 0x08, 0x1A, 0x0C, 0x26, 0x16, 
    0x29, 0xBA, 0x78, 0x7C, 0x16, 0x02, 0x51, 0x85, 0x6E, 0x07, 0x16, 0x8B, 
    0xB9, 0xC4, 0x30, 0x16, 0x40, 0xAA, 0xEE, 0x1A, 0x16, 0xE3, 0x41, 0x16, 
    0x0F, 0x07, 0x16, 0x3C, 0x3F, 0x42, 0x85, 0x16, 0x77, 0xB3, 0xBC, 0x13, 
    0x07, 0x16, 0xC0, 0xB7, 0x75, 0xDE, 0x04, 0x02, 0x5D, 0x05, 0x00, 0x00, 
    0x24, 0x02, 0x5E, 0x05, 0x80, 0x1D, 0x82, 0x00, 0x23, 0x16, 0x78, 0x24, 
    0x76, 0x4F, 0x02, 0x60, 0x05, 0x00, 0x00, 0x16, 0x6F, 0xD8, 0x5E, 0x25, 
    0x03, 0x16, 0xF9, 0x81, 0xDC, 0xA1, 0x07, 0x1C, 0x0F, 0x00, 0x00, 0x00, 
    0x42, 0x2D, 0x42, 0x61, 0x6C, 0x6C, 0x69, 0x6E, 0x20, 0x53, 0x6C, 0x69, 
    0x64, 0x65, 0x00, 0x16, 0xAE, 0xC8, 0x66, 0xCD, 0x07, 0x17, 0xF4, 0x01, 
    0x00, 0x00, 0x16, 0x64, 0x0F, 0xB6, 0xEB, 0x07, 0x16, 0x18, 0x12, 0x49, 
    0x58, 0x16, 0xA4, 0x9B, 0x54, 0x98, 0x07, 0x16, 0x79, 0x43, 0x19, 0x42, 
    0x16, 0xB7, 0x7D, 0x3F, 0x0E, 0x07, 0x16, 0xB8, 0xD2, 0xE3, 0xEF, 0x16, 
    0x29, 0xBA, 0x78, 0x7C, 0x16, 0xEA, 0x4A, 0xDB, 0x23, 0x16, 0xD6, 0xA8, 
    0x21, 0x73, 0x07, 0x80, 0xB5, 0x9D, 0x11, 0x10, 0x8D, 0x16, 0x83, 0x2C, 
    0x07, 0x2D, 0x07, 0x2D, 0x16, 0x83, 0x2C, 0x80, 0x01, 0x81, 0x2D, 0x02, 
    0x61, 0x05, 0x00, 0x00, 0x16, 0x42, 0x44, 0xE2, 0xA7, 0x07, 0x16, 0x08, 
    0x1A, 0x0C, 0x26, 0x16, 0x02, 0x51, 0x85, 0x6E, 0x07, 0x16, 0x8B, 0xB9, 
    0xC4, 0x30, 0x16, 0x40, 0xAA, 0xEE, 0x1A, 0x16, 0xE3, 0x41, 0x16, 0x0F, 
    0x07, 0x16, 0x97, 0x32, 0xD0, 0xD3, 0x16, 0x77, 0xB3, 0xBC, 0x13, 0x07, 
    0x16, 0x33, 0x04, 0x1C, 0xD1, 0x04, 0x02, 0x62, 0x05, 0x00, 0x00, 0x24, 
    0x02, 0x63, 0x05, 0x80, 0x11, 0x80, 0x00, 0x23, 0x16, 0x3A, 0xF8, 0x48, 
    0x89, 0x02, 0x65, 0x05, 0x00, 0x00, 0x16, 0x1C, 0x3B, 0x9F, 0xE3, 0x16, 
    0x6F, 0xD8, 0x5E, 0x25, 0x07, 0x16, 0x78, 0x24, 0x76, 0x4F, 0x02, 0x66, 
    0x05, 0x00, 0x00, 0x24, 0x02, 0x67, 0x05, 0x80, 0x05, 0x80, 0x00, 0x23, 
    0x16, 0x65, 0x3B, 0xF0, 0xD3, 0x02, 0x69, 0x05, 0x00, 0x00, 0x16, 0x6F, 
    0xD8, 0x5E, 0x25, 0x03, 0x16, 0xF9, 0x81, 0xDC, 0xA1, 0x07, 0x1C, 0x13, 
    0x00, 0x00, 0x00, 0x44, 0x6F, 0x75, 0x62, 0x6C, 0x80, 0x61, 0x80, 0x20, 
    0x42, 0x6C, 0x75, 0x6E, 0x74, 0x20, 0x53, 0x6C, 0x69, 0x64, 0x65, 0x00, 
    0x16, 0xAE, 0xC8, 0x66, 0xCD, 0x07, 0x17, 0xF4, 0x01, 0x00, 0x00, 0x16, 
    0x64, 0x0F, 0xB6, 0xEB, 0x07, 0x16, 0x0E, 0x78, 0x86, 0x79, 0x16, 0xA4, 
    0x9B, 0x54, 0x98, 0x07, 0x16, 0x6F, 0x29, 0xD6, 0x63, 0x16, 0xEA, 0x4A, 
    0xDB, 0x23, 0x16, 0xD6, 0xA8, 0x21, 0x73, 0x07, 0x80, 0xB5, 0x9D, 0x11, 
    0x10, 0x8D, 0x16, 0x83, 0x2C, 0x07, 0x2D, 0x07, 0x2D, 0x16, 0x83, 0x2C, 
    0x80, 0x29, 0x80, 0x2D, 0x02, 0x6A, 0x05, 0x00, 0x00, 0x16, 0x42, 0x44, 
    0xE2, 0xA7, 0x07, 0x16, 0x08, 0x1A, 0x0C, 0x26, 0x16, 0x02, 0x51, 0x85, 
    0x6E, 0x07, 0x16, 0x8B, 0xB9, 0xC4, 0x30, 0x16, 0x40, 0xAA, 0xEE, 0x1A, 
    0x04, 0x02, 0x6B, 0x05, 0x00, 0x00, 0x24, 0x02, 0x6C, 0x05, 0x80, 0x11, 
    0x80, 0x00, 0x23, 0x16, 0x97, 0x73, 0x21, 0xA8, 0x02, 0x6E, 0x05, 0x00, 
    0x00, 0x16, 0x1C, 0x3B, 0x9F, 0xE3, 0x16, 0x6F, 0xD8, 0x5E, 0x25, 0x07, 
    0x16, 0x65, 0x3B, 0xF0, 0xD3, 0x02, 0x6F, 0x05, 0x00, 0x00, 0x24, 0x02, 
    0x70, 0x05, 0x80, 0xED, 0x00, 0x23, 0x16, 0xBD, 0x38, 0x4C, 0xFE, 0x02, 
    0x73, 0x05, 0x00, 0x00, 0x16, 0x6F, 0xD8, 0x5E, 0x25, 0x03, 0x16, 0xF9, 
    0x81, 0xDC, 0xA1, 0x07, 0x1C, 0x0C, 0x00, 0x00, 0x80, 0x1D, 0x81, 0x45, 
    0x6C, 0x62, 0x6F, 0x77, 0x20, 0x53, 0x6D, 0x61, 0x73, 0x68, 0x00, 0x16, 
    0xAE, 0xC8, 0x66, 0xCD, 0x07, 0x17, 0xF4, 0x01, 0x00, 0x00, 0x16, 0x64, 
    0x0F, 0xB6, 0xEB, 0x07, 0x16, 0xD6, 0x1E, 0x8A, 0xD4, 0x16, 0xA4, 0x9B, 
    0x54, 0x98, 0x07, 0x16, 0xB7, 0x4F, 0xDA, 0xCE, 0x16, 0xEA, 0x4A, 0xDB, 
    0x23, 0x16, 0xB7, 0x7D, 0x3F, 0x0E, 0x07, 0x16, 0xE6, 0xEF, 0x93, 0xFF, 
    0x16, 0x29, 0xBA, 0x78, 0x7C, 0x16, 0xD6, 0xA8, 0x21, 0x73, 0x07, 0x80, 
    0x8D, 0x9D, 0x11, 0x10, 0x8D, 0x80, 0x1D, 0x80, 0x83, 0x2C, 0x07, 0x2D, 
    0x07, 0x2D, 0x16, 0x83, 0x2C, 0x07, 0x2D, 0x16, 0xEA, 0x4A, 0xDB, 0x23, 
    0x02, 0x74, 0x05, 0x00, 0x00, 0x16, 0x42, 0x44, 0xE2, 0xA7, 0x07, 0x16, 
    0xC2, 0x23, 0x2B, 0xE6, 0x16, 0x29, 0x4E, 0x62, 0xD6, 0x07, 0x17, 0x3C, 
    0x84, 0xBD, 0x00, 0x16, 0x40, 0xAA, 0xEE, 0x1A, 0x04, 0x02, 0x75, 0x05, 
    0x00, 0x00, 0x24, 0x02, 0x76, 0x05, 0x80, 0x11, 0x80, 0x00, 0x23, 0x16, 
    0x79, 0xE1, 0x28, 0x44, 0x02, 0x78, 0x05, 0x00, 0x00, 0x16, 0xF3, 0xAD, 
    0x76, 0xC8, 0x02, 0x79, 0x05, 0x00, 0x00, 0x16, 0x69, 0x3F, 0xE9, 0x63, 
    0x02, 0x7A, 0x05, 0x00, 0x00, 0x16, 0x7F, 0xA3, 0x9F, 0xAD, 0x80, 0xFD, 
    0xBD, 0x38, 0x4C, 0xFE, 0x16, 0x0C, 0xF1, 0x31, 0x70, 0x07, 0x03, 0x16, 
    0x83, 0x2C, 0x07, 0x2D, 0x07, 0x16, 0x56, 0xCA, 0x18, 0x8A, 0x04, 0x02, 
    0x7B, 0x05, 0x00, 0x00, 0x24, 0x02, 0x7C, 0x05, 0x80, 0xE9, 0x00, 0x23, 
    0x16, 0x65, 0xDB, 0xB3, 0x6D, 0x02, 0x7E, 0x05, 0x00, 0x00, 0x16, 0x6F, 
    0xD8, 0x5E, 0x25, 0x03, 0x16, 0xF9, 0x81, 0xDC, 0xA1, 0x07, 0x1C, 0x0B, 
    0x00, 0x80, 0x1D, 0x81, 0x00, 0x51, 0x75, 0x69, 0x63, 0x6B, 0x20, 0x44, 
    0x72, 0x61, 0x77, 0x00, 0x16, 0xAE, 0xC8, 0x66, 0xCD, 0x07, 0x17, 0xF4, 
    0x01, 0x00, 0x00, 0x16, 0x64, 0x0F, 0xB6, 0xEB, 0x07, 0x16, 0xE1, 0x0E, 
    0x26, 0xD7, 0x16, 0xA4, 0x9B, 0x54, 0x98, 0x07, 0x16, 0x80, 0x5F, 0x76, 
    0xCD, 0x16, 0xEA, 0x4A, 0xDB, 0x23, 0x16, 0xB7, 0x7D, 0x3F, 0x0E, 0x07, 
    0x16, 0x64, 0xD4, 0x61, 0xE5, 0x16, 0x29, 0xBA, 0x78, 0x7C, 0x16, 0xD6, 
    0xA8, 0x21, 0x73, 0x07, 0x80, 0x8D, 0x6F, 0xD8, 0x5E, 0x25, 0x80, 0x79, 
    0x80, 0x83, 0x2C, 0x07, 0x2D, 0x07, 0x2D, 0x16, 0x83, 0x2C, 0x07, 0x2D, 
    0x16, 0xEA, 0x4A, 0xDB, 0x23, 0x02, 0x7F, 0x05, 0x00, 0x00, 0x16, 0x42, 
    0x44, 0xE2, 0xA7, 0x07, 0x16, 0xC2, 0x23, 0x2B, 0xE6, 0x16, 0x29, 0x4E, 
    0x62, 0xD6, 0x16, 0x40, 0xAA, 0xEE, 0x1A, 0x16, 0x77, 0xB3, 0xBC, 0x13, 
    0x07, 0x16, 0x6D, 0x8F, 0x95, 0xA9, 0x04, 0x02, 0x80, 0x05, 0x00, 0x00, 
    0x24, 0x02, 0x81, 0x05, 0x80, 0x11, 0x80, 0x00, 0x23, 0x16, 0x7A, 0x21, 
    0x4E, 0xF6, 0x02, 0x83, 0x05, 0x00, 0x00, 0x16, 0xF3, 0xAD, 0x76, 0xC8, 
    0x02, 0x84, 0x05, 0x00, 0x00, 0x16, 0x69, 0x3F, 0xE9, 0x63, 0x02, 0x85, 
    0x05, 0x00, 0x00, 0x16, 0x7F, 0xA3, 0x9F, 0xAD, 0x80, 0xFD, 0x65, 0xDB, 
    0xB3, 0x6D, 0x16, 0x0C, 0xF1, 0x31, 0x70, 0x07, 0x03, 0x16, 0x83, 0x2C, 
    0x07, 0x2D, 0x07, 0x16, 0x56, 0xCA, 0x18, 0x8A, 0x04, 0x02, 0x86, 0x05, 
    0x00, 0x00, 0x24, 0x02, 0x87, 0x05, 0x80, 0xED, 0x00, 0x23, 0x16, 0x5C, 
    0xAF, 0x9C, 0xA0, 0x02, 0x89, 0x05, 0x00, 0x00, 0x16, 0x6F, 0xD8, 0x5E, 
    0x25, 0x03, 0x16, 0xF9, 0x81, 0xDC, 0xA1, 0x07, 0x1C, 0x0C, 0x00, 0x00, 
    0x80, 0x09, 0x81, 0x48, 0x75, 0x6C, 0x61, 0x20, 0x48, 0x6F, 0x6F, 0x70, 
    0x69, 0x6E, 0x00, 0x16, 0xAE, 0xC8, 0x66, 0xCD, 0x07, 0x17, 0xF4, 0x01, 
    0x00, 0x00, 0x16, 0x64, 0x0F, 0xB6, 0xEB, 0x07, 0x16, 0xE7, 0xDD, 0x74, 
    0x98, 0x16, 0xA4, 0x9B, 0x54, 0x98, 0x07, 0x16, 0x86, 0x8C, 0x24, 0x82, 
    0x16, 0xEA, 0x4A, 0xDB, 0x23, 0x16, 0xB7, 0x7D, 0x3F, 0x0E, 0x07, 0x16, 
    0xC7, 0x80, 0x40, 0x68, 0x16, 0xD6, 0xA8, 0x21, 0x73, 0x07, 0x80, 0x8D, 
    0x6F, 0xD8, 0x5E, 0x25, 0x80, 0x79, 0x80, 0x83, 0x2C, 0x07, 0x2D, 0x07, 
    0x2D, 0x16, 0x83, 0x2C, 0x07, 0x2D, 0x16, 0xEA, 0x4A, 0xDB, 0x23, 0x16, 
    0x29, 0xBA, 0x78, 0x7C, 0x02, 0x8A, 0x05, 0x00, 0x00, 0x16, 0x42, 0x44, 
    0xE2, 0xA7, 0x07, 0x16, 0xC2, 0x23, 0x2B, 0xE6, 0x16, 0x40, 0xAA, 0xEE, 
    0x1A, 0x16, 0x77, 0xB3, 0xBC, 0x13, 0x07, 0x16, 0x24, 0x0E, 0xF1, 0x47, 
    0x04, 0x02, 0x8B, 0x05, 0x00, 0x00, 0x24, 0x02, 0x8C, 0x05, 0x80, 0x11, 
    0x80, 0x00, 0x23, 0x16, 0xBD, 0xD0, 0x5C, 0xDF, 0x02, 0x8E, 0x05, 0x00, 
    0x00, 0x16, 0xF3, 0xAD, 0x76, 0xC8, 0x02, 0x8F, 0x05, 0x00, 0x00, 0x16, 
    0x69, 0x3F, 0xE9, 0x63, 0x02, 0x90, 0x05, 0x00, 0x00, 0x16, 0x7F, 0xA3, 
    0x9F, 0xAD, 0x80, 0xFD, 0x5C, 0xAF, 0x9C, 0xA0, 0x16, 0x0C, 0xF1, 0x31, 
    0x70, 0x07, 0x03, 0x16, 0x83, 0x2C, 0x07, 0x2D, 0x07, 0x16, 0x56, 0xCA, 
    0x18, 0x8A, 0x04, 0x02, 0x91, 0x05, 0x00, 0x00, 0x24, 0x02, 0x92, 0x05, 
    0x80, 0x6D, 0x81, 0x00, 0x23, 0x16, 0x23, 0x2E, 0xB2, 0xD3, 0x02, 0x95, 
    0x05, 0x00, 0x00, 0x16, 0x6F, 0xD8, 0x5E, 0x25, 0x03, 0x16, 0xF9, 0x81, 
    0xDC, 0xA1, 0x07, 0x1C, 0x13, 0x00, 0x00, 0x00, 0x48, 0x65, 0x61, 0x64, 
    0x62, 0x61, 0x6E, 0x67, 0x65, 0x72, 0x73, 0x20, 0x55, 0x6E, 0x69, 0x74, 
    0x65, 0x21, 0x00, 0x16, 0xAE, 0xC8, 0x66, 0xCD, 0x07, 0x17, 0xF4, 0x01, 
    0x00, 0x00, 0x16, 0x64, 0x0F, 0xB6, 0xEB, 0x07, 0x16, 0xA7, 0xAF, 0x51, 
    0x4D, 0x16, 0xA4, 0x9B, 0x54, 0x98, 0x07, 0x16, 0xC6, 0xFE, 0x01, 0x57, 
    0x16, 0xEA, 0x4A, 0xDB, 0x23, 0x16, 0xD6, 0xA8, 0x21, 0x73, 0x07, 0x80, 
    0x8D, 0x6F, 0xD8, 0x5E, 0x25, 0x80, 0x65, 0x80, 0x83, 0x2C, 0x07, 0x2D, 
    0x07, 0x2D, 0x16, 0x83, 0x2C, 0x07, 0x2D, 0x16, 0xEA, 0x4A, 0xDB, 0x23, 
    0x02, 0x96, 0x05, 0x00, 0x00, 0x16, 0x42, 0x44, 0xE2, 0xA7, 0x07, 0x16, 
    0x08, 0x1A, 0x0C, 0x26, 0x16, 0xE3, 0x41, 0x16, 0x0F, 0x07, 0x16, 0xB7, 
    0xBA, 0xAA, 0x89, 0x16, 0x40, 0xAA, 0xEE, 0x1A, 0x04, 0x02, 0x97, 0x05, 
    0x00, 0x00, 0x24, 0x02, 0x98, 0x05, 0x80, 0x11, 0x80, 0x00, 0x23, 0x16, 
    0x6A, 0x38, 0xFC, 0xCE, 0x02, 0x9A, 0x05, 0x00, 0x00, 0x16, 0xF3, 0xAD, 
    0x76, 0xC8, 0x02, 0x9B, 0x05, 0x00, 0x00, 0x16, 0x69, 0x3F, 0xE9, 0x63, 
    0x02, 0x9C, 0x05, 0x00, 0x00, 0x16, 0x7F, 0xA3, 0x9F, 0xAD, 0x80, 0x3D, 
    0x81, 0x23, 0x2E, 0xB2, 0xD3, 0x16, 0x0C, 0xF1, 0x31, 0x70, 0x07, 0x03, 
    0x16, 0x83, 0x2C, 0x07, 0x2D, 0x07, 0x16, 0x56, 0xCA, 0x18, 0x8A, 0x04, 
    0x02, 0x9D, 0x05, 0x00, 0x00, 0x24, 0x02, 0x9E, 0x05, 0x00, 0x00, 0x23, 
    0x16, 0x82, 0x3D, 0x9F, 0xFA, 0x16, 0xF9, 0x81, 0xDC, 0xA1, 0x07, 0x1C, 
    0x12, 0x00, 0x00, 0x00, 0x46, 0x53, 0x20, 0x4F, 0x6E, 0x65, 0x20, 0x46, 
    0x6F, 0x6F, 0x74, 0x20, 0x53, 0x6D, 0x69, 0x74, 0x68, 0x00, 0x02, 0xA0, 
    0x05, 0x00, 0x00, 0x16, 0x6F, 0xD8, 0x5E, 0x25, 0x03, 0x80, 0x8D, 0xF9, 
    0x81, 0xDC, 0xA1, 0x80, 0x31, 0x80, 0x2D, 0x16, 0xF9, 0x81, 0xDC, 0xA1, 
    0x16, 0xAE, 0xC8, 0x66, 0xCD, 0x07, 0x17, 0xF4, 0x01, 0x00, 0x00, 0x16, 
    0x64, 0x0F, 0xB6, 0xEB, 0x07, 0x16, 0x04, 0xD2, 0xAE, 0xF7, 0x16, 0xA4, 
    0x9B, 0x54, 0x98, 0x07, 0x16, 0xCE, 0x1E, 0xB1, 0x11, 0x16, 0xD6, 0xA8, 
    0x21, 0x73, 0x07, 0x80, 0xB5, 0x9D, 0x11, 0x10, 0x8D, 0x16, 0x83, 0x2C, 
    0x07, 0x2D, 0x07, 0x2D, 0x16, 0x83, 0x2C, 0x80, 0xED, 0x2D, 0x02, 0xA1, 
    0x05, 0x00, 0x00, 0x16, 0x42, 0x44, 0xE2, 0xA7, 0x07, 0x16, 0x7C, 0x27, 
    0xD5, 0x5C, 0x16, 0x02, 0x51, 0x85, 0x6E, 0x07, 0x16, 0x8B, 0xB9, 0xC4, 
    0x30, 0x80, 0x25, 0x81, 0x40, 0xAA, 0xEE, 0x1A, 0x16, 0xA0, 0xAC, 0x16, 
    0x7A, 0x07, 0x2D, 0x16, 0xA0, 0xAC, 0x16, 0x7A, 0x04, 0x02, 0xA2, 0x05, 
    0x00, 0x00, 0x24, 0x02, 0xA3, 0x05, 0x00, 0x00, 0x23, 0x16, 0x86, 0xF8, 
    0xF3, 0x9E, 0x16, 0xF9, 0x81, 0xDC, 0xA1, 0x07, 0x1C, 0x12, 0x00, 0x00, 
    0x00, 0x42, 0x53, 0x20, 0x4F, 0x6E, 0x65, 0x20, 0x46, 0x6F, 0x6F, 0x74, 
    0x20, 0x53, 0x6D, 0x69, 0x74, 0x68, 0x00, 0x02, 0xA7, 0x05, 0x00, 0x00, 
    0x16, 0x6F, 0xD8, 0x5E, 0x25, 0x03, 0x80, 0x8D, 0xF9, 0x81, 0xDC, 0xA1, 
    0x80, 0x31, 0x80, 0x2D, 0x16, 0xF9, 0x81, 0xDC, 0xA1, 0x16, 0xAE, 0xC8, 
    0x66, 0xCD, 0x07, 0x17, 0xF4, 0x01, 0x00, 0x00, 0x16, 0x64, 0x0F, 0xB6, 
    0xEB, 0x07, 0x16, 0x0C, 0x6E, 0x70, 0xC2, 0x16, 0xA4, 0x9B, 0x54, 0x98, 
    0x07, 0x16, 0x40, 0x48, 0x5F, 0x1F, 0x16, 0xD6, 0xA8, 0x21, 0x73, 0x07, 
    0x80, 0xB5, 0x6F, 0xD8, 0x5E, 0x25, 0x16, 0x83, 0x2C, 0x07, 0x2D, 0x07, 
    0x2D, 0x16, 0x83, 0x2C, 0x80, 0xB1, 0x2D, 0x02, 0xA8, 0x05, 0x00, 0x00, 
    0x16, 0x42, 0x44, 0xE2, 0xA7, 0x07, 0x16, 0x80, 0xB5, 0x27, 0xD5, 0x5C, 
    0x16, 0x02, 0x51, 0x85, 0x6E, 0x07, 0x16, 0x8F, 0x7C, 0xA8, 0x54, 0x80, 
    0xE5, 0x40, 0xAA, 0xEE, 0x1A, 0x16, 0xA0, 0xAC, 0x16, 0x7A, 0x07, 0x2D, 
    0x16, 0xA0, 0xAC, 0x16, 0x7A, 0x04, 0x02, 0xA9, 0x05, 0x00, 0x00, 0x24, 
    0x02, 0xAA, 0x05, 0x80, 0xE9, 0x00, 0x23, 0x16, 0xA0, 0x99, 0xD3, 0x47, 
    0x02, 0xAC, 0x05, 0x00, 0x00, 0x16, 0x65, 0x0C, 0xDE, 0xD9, 0x02, 0xAD, 
    0x05, 0x00, 0x00, 0x16, 0x7F, 0xA3, 0x9F, 0xAD, 0x80, 0xFD, 0x86, 0xF8, 
    0xF3, 0x9E, 0x16, 0x0C, 0xF1, 0x31, 0x70, 0x07, 0x03, 0x16, 0x83, 0x2C, 
    0x07, 0x2D, 0x07, 0x16, 0x56, 0xCA, 0x18, 0x8A, 0x04, 0x02, 0xAE, 0x05, 
    0x00, 0x00, 0x24, 0x02, 0xAF, 0x05, 0x80, 0xE9, 0x00, 0x23, 0x16, 0xB6, 
    0xDB, 0x42, 0xDC, 0x02, 0xB1, 0x05, 0x00, 0x00, 0x16, 0x65, 0x0C, 0xDE, 
    0xD9, 0x02, 0xB2, 0x05, 0x00, 0x00, 0x16, 0x7F, 0xA3, 0x9F, 0xAD, 0x80, 
    0xFD, 0x82, 0x3D, 0x9F, 0xFA, 0x16, 0x0C, 0xF1, 0x31, 0x70, 0x07, 0x03, 
    0x16, 0x83, 0x2C, 0x07, 0x2D, 0x07, 0x16, 0x56, 0xCA, 0x18, 0x8A, 0x04, 
    0x02, 0xB3, 0x05, 0x00, 0x00, 0x24, 0x02, 0xB4, 0x05, 0x80, 0x15, 0x80, 
    0x00, 0x23, 0x16, 0x1C, 0x3B, 0x9F, 0xE3, 0x02, 0xB9, 0x05, 0x00, 0x00, 
    0x16, 0xF3, 0xAD, 0x76, 0xC8, 0x02, 0xBA, 0x05, 0x00, 0x00, 0x16, 0x69, 
    0x3F, 0xE9, 0x63, 0x02, 0xBB, 0x05, 0x00, 0x00, 0x16, 0x7F, 0xA3, 0x9F, 
    0xAD, 0x2D, 0x80, 0x25, 0x80, 0x6F, 0xD8, 0x5E, 0x25, 0x16, 0x0C, 0xF1, 
    0x31, 0x70, 0x07, 0x03, 0x16, 0x83, 0x2C, 0x07, 0x2D, 0x07, 0x16, 0x56, 
    0xCA, 0x18, 0x8A, 0x04, 0x02, 0xBC, 0x05, 0x00, 0x00, 0x24, 0x02, 0xBD, 
    0x05, 0x00, 0x00, 0x2B, 0x08, 0xD0, 0xE3, 0xC2, 0x69, 0x73, 0x5F, 0x80, 
    0xDD, 0x61, 0x6D, 0x65, 0x64, 0x00, 0x2B, 0x2F, 0x30, 0xF7, 0x46, 0x4F, 
    0x6E, 0x47, 0x72, 0x6F, 0x75, 0x6E, 0x64, 0x45, 0x78, 0x63, 0x65, 0x70, 
    0x74, 0x80, 0x31, 0x81, 0x6F, 0x6E, 0x73, 0x00, 0x2B, 0x37, 0xE0, 0xA2, 
    0x84, 0x54, 0x72, 0x69, 0x63, 0x6B, 0x5F, 0x48, 0x61, 0x6E, 0x64, 0x73, 
    0x74, 0x61, 0x6E, 0x64, 0x35, 0x30, 0x35, 0x30, 0x5F, 0x46, 0x53, 0x00, 
    0x2B, 0x46, 0xE0, 0xC8, 0x40, 0x45, 0x78, 0x74, 0x72, 0x61, 0x5F, 0x35, 
    0x30, 0x35, 0x30, 0x5F, 0x46, 0x53, 0x00, 0x2B, 0x47, 0x00, 0x4B, 0xCF, 
    0x48, 0x75, 0x6D, 0x61, 0x6E, 0x44, 0x61, 0x72, 0x74, 0x5F, 0x4F, 0x75, 
    0x74, 0x00, 0x2B, 0x4D, 0x80, 0xA7, 0x8C, 0x54, 0x72, 0x80, 0xB1, 0x63, 
    0x6B, 0x5F, 0x47, 0x75, 0x69, 0x74, 0x61, 0x72, 0x53, 0x6C, 0x69, 0x64, 
    0x80, 0xA9, 0x32, 0x00, 0x2B, 0x5C, 0x90, 0x86, 0x28, 0x42, 0x53, 0x4F, 
    0x76, 0x80, 0x1D, 0x80, 0x72, 0x63, 0x72, 0x6F, 0x6F, 0x6B, 0x5F, 0x72, 
    0x61, 0x6E, 0x67, 0x65, 0x00, 0x2B, 0x5F, 0xF0, 0x96, 0x78, 0x54, 0x61, 
    0x69, 0x6C, 0x47, 0x72, 0x69, 0x6E, 0x64, 0x5F, 0x52, 0x61, 0x6E, 0x67, 
    0x65, 0x00, 0x2B, 0x63, 0x10, 0xBF, 0xE9, 0x54, 0x80, 0x05, 0x80, 0x69, 
    0x63, 0x6B, 0x5F, 0x48, 0x75, 0x6D, 0x61, 0x6E, 0x44, 0x61, 0x72, 0x74, 
    0x5F, 0x46, 0x53, 0x5F, 0x31, 0x38, 0x30, 0x00, 0x2B, 0x72, 0x50, 0x87, 
    0xD7, 0x54, 0x72, 0x69, 0x63, 0x6B, 0x5F, 0x48, 0x61, 0x80, 0x11, 0x81, 
    0x67, 0x54, 0x65, 0x6E, 0x4E, 0x6F, 0x73, 0x65, 0x47, 0x72, 0x69, 0x6E, 
    0x64, 0x5F, 0x46, 0x53, 0x00, 0x2B, 0x79, 0xD0, 0x90, 0xC0, 0x54, 0x72, 
    0x69, 0x63, 0x6B, 0x5F, 0x46, 0x65, 0x65, 0x62, 0x6C, 0x65, 0x5F, 0x42, 
    0x53, 0x00, 0x2B, 0x84, 0xD0, 0x8F, 0xE4, 0x53, 0x77, 0x69, 0x74, 0x63, 
    0x68, 0x4F, 0x66, 0x66, 0x41, 0x74, 0x6F, 0x6D, 0x69, 0x63, 0x00, 0x2B, 
    0x87, 0x20, 0x87, 0xE1, 0x54, 0x72, 0x69, 0x63, 0x6B, 0x80, 0xFD, 0x4C, 
    0x61, 0x69, 0x64, 0x42, 0x61, 0x63, 0x6B, 0x5F, 0x46, 0x53, 0x5F, 0x31, 
    0x38, 0x30, 0x00, 0x2B, 0x8B, 0x50, 0x77, 0x90, 0x47, 0x72, 0x69, 0x6E, 
    0x64, 0x52, 0x65, 0x6C, 0x65, 0x61, 0x73, 0x80, 0xA5, 0x00, 0x2B, 0xA2, 
    0xF0, 0x94, 0xE5, 0x54, 0x72, 0x69, 0x67, 0x80, 0xA5, 0x65, 0x72, 0x00, 
    0x2B, 0xA5, 0xD0, 0x79, 0x9B, 0x48, 0x61, 0x80, 0x89, 0x67, 0x54, 0x65, 
    0x80, 0xAD, 0x4E, 0x6F, 0x73, 0x65, 0x47, 0x72, 0x69, 0x6E, 0x64, 0x5F, 
    0x49, 0x6E, 0x80, 0x21, 0x84, 0x74, 0x00, 0x2B, 0xB0, 0xA0, 0xCD, 0xDD, 
    0x41, 0x6D, 0x65, 0x72, 0x69, 0x63, 0x61, 0x6E, 0x48, 0x65, 0x72, 0x6F, 
    0x47, 0x72, 0x69, 0x6E, 0x64, 0x5F, 0x6F, 0x75, 0x74, 0x00, 0x2B, 0xB0, 
    0x60, 0xC2, 0x01, 0x54, 0x72, 0x69, 0x63, 0x6B, 0x5F, 0x35, 0x5F, 0x30, 
    0x5F, 0x46, 0x53, 0x5F, 0x31, 0x38, 0x30, 0x00, 0x2B, 0xB7, 0x40, 0x3D, 
    0x1A, 0x54, 0x72, 0x69, 0x63, 0x6B, 0x5F, 0x54, 0x61, 0x69, 0x6C, 0x62, 
    0x6C, 0x6F, 0x63, 0x6B, 0x53, 0x6C, 0x69, 0x64, 0x65, 0x5F, 0x42, 0x53, 
    0x00, 0x2B, 0xBB, 0x60, 0x49, 0x45, 0x44, 0x61, 0x72, 0x6B, 0x73, 0x6C, 
    0x69, 0x64, 0x65, 0x5F, 0x4F, 0x75, 0x74, 0x00, 0x2B, 0xBD, 0xD0, 0x5C, 
    0xDF, 0x54, 0x72, 0x69, 0x63, 0x6B, 0x5F, 0x48, 0x75, 0x6C, 0x61, 0x48, 
    0x6F, 0x6F, 0x70, 0x32, 0x5F, 0x31, 0x38, 0x30, 0x00, 0x2B, 0xC7, 0x80, 
    0x40, 0x68, 0x48, 0x75, 0x6C, 0x61, 0x48, 0x6F, 0x6F, 0x70, 0x47, 0x72, 
    0x69, 0x6E, 0x64, 0x5F, 0x6F, 0x75, 0x74, 0x00, 0x2B, 0xD6, 0x90, 0x92, 
    0xDE, 0x54, 0x72, 0x69, 0x63, 0x6B, 0x5F, 0x44, 0x61, 0x72, 0x6B, 0x73, 
    0x6C, 0x69, 0x64, 0x65, 0x5F, 0x46, 0x80, 0xCD, 0x5F, 0x31, 0x38, 0x30, 
    0x00, 0x2B, 0xDE, 0xE0, 0x72, 0x91, 0x42, 0x53, 0x53, 0x61, 0x6C, 0x61, 
    0x64, 0x47, 0x72, 0x69, 0x80, 0x91, 0x64, 0x5F, 0x49, 0x6E, 0x69, 0x80, 
    0x09, 0x80, 0x00, 0x2B, 0x02, 0x51, 0x85, 0x6E, 0x45, 0x78, 0x74, 0x72, 
    0x61, 0x74, 0x72, 0x69, 0x63, 0x6B, 0x73, 0x00, 0x2B, 0x03, 0x61, 0xFC, 
    0x16, 0x42, 0x69, 0x67, 0x48, 0x69, 0x74, 0x74, 0x65, 0x72, 0x5F, 0x49, 
    0x6E, 0x80, 0xB9, 0x74, 0x00, 0x2B, 0x0B, 0x71, 0xEB, 0x41, 0x4E, 0x6F, 
    0x6C, 0x6C, 0x69, 0x65, 0x4F, 0x6E, 0x84, 0x01, 0x82, 0x0C, 0xF1, 0x31, 
    0x70, 0x50, 0x61, 0x72, 0x61, 0x6D, 0x73, 0x00, 0x2B, 0x1D, 0xB1, 0x1C, 
    0x9B, 0x54, 0x72, 0x69, 0x63, 0x6B, 0x5F, 0x46, 0x65, 0x65, 0x62, 0x6C, 
    0x65, 0x5F, 0x46, 0x53, 0x5F, 0x72, 0x6F, 0x74, 0x00, 0x2B, 0x1E, 0xE1, 
    0x9B, 0xCE, 0x54, 0x72, 0x69, 0x63, 0x6B, 0x5F, 0x52, 0x6F, 0x77, 0x6C, 
    0x65, 0x79, 0x44, 0x61, 0x72, 0x6B, 0x53, 0x6C, 0x69, 0x64, 0x65, 0x5F, 
    0x46, 0x53, 0x00, 0x2B, 0x26, 0x41, 0xEC, 0x6B, 0x54, 0x61, 0x69, 0x6C, 
    0x62, 0x6C, 0x6F, 0x63, 0x6B, 0x53, 0x6C, 0x69, 0x64, 0x65, 0x5F, 0x49, 
    0x6E, 0x69, 0x74, 0x00, 0x2B, 0x26, 0x41, 0x60, 0xD8, 0x70, 0x8C, 0x41, 
    0x81, 0x00, 0x2B, 0x28, 0xC1, 0xD0, 0x07, 0x53, 0x77, 0x69, 0x74, 0x63, 
    0x68, 0x4F, 0x6E, 0x41, 0x74, 0x6F, 0x6D, 0x69, 0x63, 0x00, 0x2B, 0x31, 
    0xE1, 0x69, 0x68, 0x54, 0x61, 0x69, 0x6C, 0x73, 0x6C, 0x69, 0x64, 0x65, 
    0x5F, 0x72, 0x61, 0x6E, 0x67, 0x65, 0x00, 0x2B, 0x31, 0xC1, 0x4F, 0x11, 
    0x41, 0x63, 0x74, 0x75, 0x61, 0x74, 0x6F, 0x72, 0x00, 0x2B, 0x36, 0xC1, 
    0x11, 0x36, 0x47, 0x65, 0x74, 0x54, 0x61, 0x67, 0x73, 0x00, 0x2B, 0x44, 
    0x41, 0x67, 0x67, 0x54, 0x72, 0x69, 0x63, 0x6B, 0x5F, 0x4E, 0x80, 0x2D, 
    0x80, 0x73, 0x65, 0x53, 0x6C, 0x69, 0x64, 0x65, 0x5F, 0x46, 0x53, 0x5F, 
    0x6F, 0x6B, 0x00, 0x2B, 0x47, 0x21, 0xD7, 0xBB, 0x54, 0x72, 0x69, 0x63, 
    0x6B, 0x5F, 0x4E, 0x6F, 0x73, 0x65, 0x53, 0x6C, 0x69, 0x64, 0x65, 0x4C, 
    0x69, 0x70, 0x53, 0x6C, 0x69, 0x64, 0x65, 0x5F, 0x42, 0x80, 0x45, 0x80, 
    0x5F, 0x31, 0x38, 0x30, 0x00, 0x2B, 0x49, 0xA1, 0xD7, 0xD7, 0x46, 0x53, 
    0x43, 0x72, 0x6F, 0x6F, 0x6B, 0x65, 0x64, 0x5F, 0x72, 0x61, 0x6E, 0x67, 
    0x65, 0x00, 0x2B, 0x14, 0x00, 0x22, 0x82, 0x49, 0x73, 0x50, 0x73, 0x32, 
    0x00, 0x2B, 0x4E, 0x51, 0xEF, 0xDD, 0x54, 0x72, 0x69, 0x63, 0x6B, 0x5F, 
    0x48, 0x61, 0x80, 0x71, 0x80, 0x67, 0x54, 0x65, 0x6E, 0x4E, 0x6F, 0x73, 
    0x65, 0x47, 0x72, 0x69, 0x6E, 0x64, 0x5F, 0x42, 0x53, 0x5F, 0x31, 0x38, 
    0x30, 0x00, 0x2B, 0x5C, 0xF1, 0x65, 0xDB, 0x54, 0x72, 0x69, 0x63, 0x6B, 
    0x5F, 0x4E, 0x6F, 0x73, 0x65, 0x53, 0x6C, 0x69, 0x64, 0x65, 0x4C, 0x69, 
    0x70, 0x53, 0x6C, 0x69, 0x64, 0x65, 0x5F, 0x42, 0x53, 0x00, 0x2B, 0x5E, 
    0x51, 0x21, 0x2F, 0x49, 0x6E, 0x69, 0x80, 0xFD, 0x5F, 0x42, 0x53, 0x4E, 
    0x6F, 0x73, 0x65, 0x62, 0x6C, 0x75, 0x6E, 0x74, 0x00, 0x2B, 0x62, 0x61, 
    0xE2, 0xB1, 0x54, 0x72, 0x69, 0x63, 0x6B, 0x5F, 0x4E, 0x47, 0x43, 0x72, 
    0x6F, 0x6F, 0x6B, 0x5F, 0x80, 0xF5, 0x53, 0x5F, 0x31, 0x38, 0x30, 0x00, 
    0x2B, 0x68, 0x51, 0x1D, 0x0E, 0x42, 0x61, 0x69, 0x6C, 0x49, 0x73, 0x4F, 
    0x6E, 0x00, 0x2B, 0x79, 0xE1, 0x28, 0x44, 0x54, 0x72, 0x69, 0x63, 0x6B, 
    0x80, 0x15, 0x89, 0x45, 0x6C, 0x62, 0x6F, 0x77, 0x53, 0x6D, 0x61, 0x73, 
    0x68, 0x32, 0x5F, 0x31, 0x38, 0x30, 0x00, 0x2B, 0x7A, 0x21, 0x4E, 0xF6, 
    0x54, 0x72, 0x69, 0x63, 0x6B, 0x5F, 0x51, 0x75, 0x69, 0x63, 0x6B, 0x44, 
    0x72, 0x61, 0x77, 0x32, 0x5F, 0x31, 0x38, 0x30, 0x00, 0x2B, 0x7B, 0x71, 
    0x66, 0xCF, 0x47, 0x6F, 0x74, 0x50, 0x61, 0x72, 0x61, 0x6D, 0x00, 0x2B, 
    0x8A, 0x41, 0x01, 0x4D, 0x54, 0x72, 0x69, 0x63, 0x6B, 0x5F, 0x42, 0x6F, 
    0x6F, 0x6D, 0x42, 0x6F, 0x78, 0x5F, 0x46, 0x53, 0x00, 0x2B, 0x90, 0x01, 
    0x26, 0x49, 0x54, 0x72, 0x69, 0x63, 0x6B, 0x5F, 0x54, 0x61, 0x69, 0x6C, 
    0x73, 0x6C, 0x69, 0x64, 0x65, 0x5F, 0x42, 0x53, 0x00, 0x2B, 0x9A, 0x31, 
    0x3E, 0xAC, 0x43, 0x61, 0x72, 0x74, 0x77, 0x68, 0x65, 0x65, 0x6C, 0x54, 
    0x6F, 0x35, 0x30, 0x35, 0x30, 0x00, 0x2B, 0x9D, 0x11, 0x10, 0x8D, 0x53, 
    0x6C, 0x69, 0x64, 0x65, 0x00, 0x2B, 0xA3, 0x81, 0xDD, 0xD3, 0x54, 0x72, 
    0x69, 0x63, 0x6B, 0x5F, 0x46, 0x65, 0x72, 0x72, 0x65, 0x74, 0x46, 0x69, 
    0x67, 0x68, 0x74, 0x32, 0x00, 0x2B, 0xA9, 0x01, 0x7B, 0x02, 0x54, 0x72, 
    0x69, 0x63, 0x6B, 0x5F, 0x53, 0x61, 0x6C, 0x61, 0x64, 0x5F, 0x46, 0x53, 
    0x00, 0x2B, 0xAA, 0x61, 0x19, 0x87, 0x54, 0x72, 0x69, 0x63, 0x6B, 0x5F, 
    0x4E, 0x6F, 0x73, 0x65, 0x67, 0x72, 0x69, 0x6E, 0x64, 0x50, 0x69, 0x76, 
    0x6F, 0x74, 0x5F, 0x42, 0x53, 0x5F, 0x31, 0x38, 0x30, 0x00, 0x2B, 0xAD, 
    0xE1, 0xE5, 0x94, 0x54, 0x72, 0x69, 0x63, 0x6B, 0x5F, 0x53, 0x61, 0x6C, 
    0x61, 0x64, 0x5F, 0x46, 0x53, 0x5F, 0x31, 0x38, 0x30, 0x00, 0x2B, 0xB6, 
    0x01, 0x10, 0x3B, 0x47, 0x72, 0x6F, 0x75, 0x6E, 0x64, 0x47, 0x6F, 0x6E, 
    0x65, 0x00, 0x2B, 0xC0, 0xA1, 0x4B, 0x65, 0x54, 0x72, 0x69, 0x63, 0x6B, 
    0x5F, 0x42, 0x6F, 0x6F, 0x6D, 0x42, 0x6F, 0x78, 0x5F, 0x46, 0x53, 0x5F, 
    0x31, 0x38, 0x30, 0x00, 0x2B, 0xD2, 0xC1, 0x2B, 0xF8, 0x41, 0x6E, 0x64, 
    0x4D, 0x61, 0x6E, 0x75, 0x61, 0x6C, 0x73, 0x00, 0x2B, 0xD3, 0x71, 0x8E, 
    0xE0, 0x53, 0x6B, 0x61, 0x74, 0x65, 0x49, 0x6E, 0x4C, 0x61, 0x6E, 0x64, 
    0x00, 0x2B, 0xDB, 0x11, 0xEE, 0xD4, 0x54, 0x72, 0x69, 0x63, 0x6B, 0x5F, 
    0x4E, 0x47, 0x43, 0x52, 0x6F, 0x80, 0xCD, 0x6B, 0x5F, 0x46, 0x53, 0x00, 
    0x2B, 0xDF, 0x41, 0xC3, 0xEC, 0x62, 0x6F, 0x61, 0x72, 0x64, 0x73, 0x63, 
    0x75, 0x66, 0x66, 0x84, 0x39, 0x81, 0xE3, 0x41, 0x16, 0x0F, 0x53, 0x74, 
    0x72, 0x65, 0x61, 0x6D, 0x00, 0x2B, 0xEF, 0x61, 0x49, 0xA5, 0x54, 0x72, 
    0x69, 0x63, 0x6B, 0x5F, 0x42, 0x69, 0x67, 0x48, 0x69, 0x74, 0x74, 0x65, 
    0x72, 0x5F, 0x42, 0x53, 0x00, 0x2B, 0xF9, 0x81, 0xDC, 0xA1, 0x4E, 0x61, 
    0x6D, 0x65, 0x00, 0x2B, 0xFB, 0xA1, 0x89, 0xCB, 0x46, 0x53, 0x46, 0x65, 
    0x65, 0x62, 0x6C, 0x65, 0x4C, 0x61, 0x79, 0x62, 0x61, 0x63, 0x6B, 0x5F, 
    0x52, 0x61, 0x6E, 0x67, 0x65, 0x00, 0x2B, 0x01, 0x42, 0xFE, 0x6A, 0x54, 
    0x72, 0x80, 0xC9, 0x63, 0x6B, 0x5F, 0x46, 0x61, 0x6C, 0x63, 0x6F, 0x6E, 
    0x53, 0x6C, 0x69, 0x64, 0x65, 0x32, 0x5F, 0x31, 0x38, 0x30, 0x84, 0x4D, 
    0x83, 0x03, 0x12, 0x94, 0x6D, 0x57, 0x6F, 0x62, 0x62, 0x6C, 0x65, 0x00, 
    0x2B, 0x04, 0xD2, 0xAE, 0xF7, 0x53, 0x6D, 0x69, 0x74, 0x68, 0x46, 0x53, 
    0x5F, 0x49, 0x6E, 0x69, 0x74, 0x00, 0x2B, 0x17, 0xB2, 0x23, 0x7D, 0x54, 
    0x72, 0x69, 0x63, 0x6B, 0x5F, 0x4E, 0x6F, 0x73, 0x65, 0x67, 0x72, 0x69, 
    0x6E, 0x64, 0x50, 0x69, 0x76, 0x6F, 0x74, 0x5F, 0x46, 0x53, 0x00, 0x2B, 
    0x18, 0x12, 0x49, 0x58, 0x42, 0x61, 0x73, 0x6B, 0x65, 0x74, 0x62, 0x61, 
    0x6C, 0x6C, 0x53, 0x6C, 0x69, 0x64, 0x65, 0x5F, 0x49, 0x6E, 0x69, 0x74, 
    0x00, 0x2B, 0x33, 0xA2, 0x05, 0xDB, 0x4F, 0x62, 0x6A, 0x5F, 0x50, 0x6C, 
    0x61, 0x79, 0x53, 0x74, 0x72, 0x65, 0x61, 0x6D, 0x00, 0x2B, 0x36, 0xB2, 
    0x99, 0x96, 0x52, 0x6F, 0x63, 0x6B, 0x65, 0x74, 0x46, 0x53, 0x5F, 0x49, 
    0x6E, 0x69, 0x74, 0x00, 0x2B, 0x3A, 0x42, 0xE0, 0x7C, 0x66, 0x6C, 0x61, 
    0x67, 0x5F, 0x44, 0x65, 0x74, 0x61, 0x69, 0x6C, 0x73, 0x00, 0x2B, 0x41, 
    0x62, 0x82, 0x0A, 0x54, 0x72, 0x80, 0x01, 0x82, 0x63, 0x6B, 0x5F, 0x47, 
    0x75, 0x69, 0x74, 0x61, 0x72, 0x53, 0x6C, 0x69, 0x64, 0x65, 0x32, 0x5F, 
    0x31, 0x38, 0x30, 0x00, 0x2B, 0x51, 0x32, 0x81, 0xD5, 0x4B, 0x69, 0x6C, 
    0x6C, 0x45, 0x78, 0x74, 0x72, 0x61, 0x54, 0x72, 0x69, 0x63, 0x6B, 0x73, 
    0x00, 0x2B, 0x59, 0xD2, 0xBA, 0x16, 0x66, 0x61, 0x6E, 0x64, 0x61, 0x6E, 
    0x67, 0x6C, 0x65, 0x5F, 0x52, 0x61, 0x6E, 0x67, 0x65, 0x00, 0x2B, 0x69, 
    0xF2, 0x25, 0x09, 0x47, 0x75, 0x69, 0x74, 0x61, 0x72, 0x5F, 0x49, 0x64, 
    0x6C, 0x65, 0x00, 0x2B, 0x6B, 0x32, 0x8D, 0x77, 0x46, 0x53, 0x42, 0x6F, 
    0x61, 0x72, 0x64, 0x73, 0x6C, 0x69, 0x64, 0x65, 0x5F, 0x80, 0xA9, 0x61, 
    0x6E, 0x67, 0x65, 0x00, 0x2B, 0x75, 0x52, 0x2E, 0x72, 0x54, 0x80, 0x25, 
    0x81, 0x69, 0x63, 0x6B, 0x5F, 0x48, 0x75, 0x6D, 0x61, 0x6E, 0x44, 0x61, 
    0x72, 0x74, 0x5F, 0x42, 0x53, 0x5F, 0x31, 0x38, 0x30, 0x00, 0x2B, 0x78, 
    0x92, 0x68, 0x20, 0x54, 0x72, 0x69, 0x61, 0x6E, 0x67, 0x6C, 0x65, 0x00, 
    0x2B, 0x7A, 0xB2, 0x4B, 0x3C, 0x54, 0x72, 0x69, 0x63, 0x6B, 0x5F, 0x4E, 
    0x6F, 0x73, 0x65, 0x42, 0x6C, 0x75, 0x6E, 0x74, 0x53, 0x6C, 0x69, 0x64, 
    0x65, 0x5F, 0x46, 0x53, 0x00, 0x2B, 0x91, 0x62, 0x16, 0x7A, 0x54, 0x72, 
    0x69, 0x63, 0x6B, 0x80, 0x25, 0x83, 0x4C, 0x61, 0x69, 0x64, 0x42, 0x61, 
    0x63, 0x6B, 0x5F, 0x42, 0x53, 0x5F, 0x31, 0x38, 0x30, 0x00, 0x2B, 0x91, 
    0x72, 0x1E, 0x0B, 0x50, 0x6C, 0x61, 0x79, 0x41, 0x6E, 0x69, 0x6D, 0x00, 
    0x2B, 0x93, 0x12, 0x3E, 0x13, 0x53, 0x65, 0x74, 0x4C, 0x61, 0x6E, 0x64, 
    0x65, 0x64, 0x46, 0x72, 0x6F, 0x6D, 0x56, 0x65, 0x72, 0x74, 0x00, 0x2B, 
    0x97, 0x32, 0xD0, 0xD3, 0x42, 0x62, 0x61, 0x6C, 0x6C, 0x69, 0x6E, 0x53, 
    0x6C, 0x69, 0x64, 0x65, 0x00, 0x2B, 0x9E, 0x32, 0x87, 0x58, 0x54, 0x72, 
    0x69, 0x63, 0x6B, 0x5F, 0x48, 0x75, 0x72, 0x72, 0x69, 0x63, 0x61, 0x6E, 
    0x65, 0x5F, 0x42, 0x53, 0x00, 0x2B, 0xA6, 0x22, 0x53, 0x9A, 0x54, 0x72, 
    0x69, 0x63, 0x6B, 0x5F, 0x35, 0x5F, 0x30, 0x5F, 0x42, 0x53, 0x5F, 0x31, 
    0x38, 0x30, 0x00, 0x2B, 0xAB, 0x22, 0x7A, 0x19, 0x43, 0x61, 0x6C, 0x6C, 
    0x49, 0x6E, 0x73, 0x74, 0x65, 0x61, 0x64, 0x4F, 0x66, 0x47, 0x6F, 0x74, 
    0x80, 0x09, 0x80, 0x00, 0x2B, 0xB1, 0xB2, 0x51, 0x51, 0x50, 0x6C, 0x61, 
    0x79, 0x53, 0x6F, 0x75, 0x6E, 0x64, 0x00, 0x2B, 0xB8, 0xD2, 0xE3, 0xEF, 
    0x42, 0x61, 0x73, 0x6B, 0x65, 0x74, 0x62, 0x61, 0x6C, 0x6C, 0x53, 0x6C, 
    0x69, 0x64, 0x80, 0x75, 0x81, 0x5F, 0x6F, 0x75, 0x74, 0x00, 0x2B, 0xBC, 
    0xE2, 0x2E, 0x4B, 0x53, 0x65, 0x74, 0x54, 0x72, 0x69, 0x63, 0x6B, 0x4E, 
    0x61, 0x6D, 0x65, 0x00, 0x2B, 0xC0, 0xD2, 0x03, 0x45, 0x54, 0x72, 0x69, 
    0x63, 0x6B, 0x5F, 0x44, 0x61, 0x72, 0x6B, 0x73, 0x6C, 0x69, 0x64, 0x65, 
    0x5F, 0x42, 0x53, 0x5F, 0x31, 0x38, 0x30, 0x00, 0x2B, 0xD1, 0x92, 0xBC, 
    0xFF, 0x54, 0x72, 0x69, 0x63, 0x6B, 0x5F, 0x4E, 0x6F, 0x73, 0x65, 0x53, 
    0x6C, 0x69, 0x64, 0x65, 0x4C, 0x69, 0x70, 0x53, 0x6C, 0x69, 0x64, 0x65, 
    0x5F, 0x46, 0x53, 0x5F, 0x6F, 0x6B, 0x00, 0x2B, 0xDC, 0x22, 0xF8, 0x9F, 
    0x49, 0x6E, 0x69, 0x80, 0x21, 0x82, 0x5F, 0x46, 0x53, 0x4E, 0x6F, 0x73, 
    0x65, 0x62, 0x6C, 0x75, 0x6E, 0x74, 0x00, 0x2B, 0xE9, 0xD2, 0x66, 0x00, 
    0x43, 0x6C, 0x65, 0x61, 0x72, 0x45, 0x78, 0x63, 0x65, 0x70, 0x74, 0x69, 
    0x6F, 0x6E, 0x00, 0x2B, 0xF1, 0x32, 0x27, 0x8A, 0x46, 0x72, 0x6F, 0x67, 
    0x67, 0x79, 0x47, 0x72, 0x69, 0x6E, 0x64, 0x5F, 0x49, 0x64, 0x6C, 0x65, 
    0x00, 0x2B, 0xF3, 0xA2, 0xBA, 0xAA, 0x54, 0x72, 0x69, 0x63, 0x6B, 0x5F, 
    0x4C, 0x61, 0x69, 0x64, 0x42, 0x61, 0x63, 0x6B, 0x5F, 0x46, 0x53, 0x00, 
    0x2B, 0x08, 0xA3, 0x75, 0x13, 0x47, 0x75, 0x69, 0x74, 0x61, 0x72, 0x5F, 
    0x49, 0x6E, 0x69, 0x74, 0x00, 0x2B, 0x18, 0x23, 0x48, 0x7D, 0x49, 0x6E, 
    0x4F, 0x72, 0x64, 0x80, 0x0D, 0x81, 0x72, 0x00, 0x2B, 0x32, 0xC3, 0x07, 
    0x4A, 0x66, 0x72, 0x61, 0x6D, 0x65, 0x00, 0x2B, 0x34, 0xD3, 0x55, 0x2C, 
    0x46, 0x53, 0x48, 0x75, 0x72, 0x72, 0x69, 0x63, 0x61, 0x6E, 0x65, 0x47, 
    0x72, 0x69, 0x6E, 0x64, 0x5F, 0x49, 0x6E, 0x69, 0x74, 0x00, 0x2B, 0x35, 
    0xA3, 0x36, 0x54, 0x53, 0x70, 0x61, 0x72, 0x6B, 0x73, 0x4F, 0x66, 0x66, 
    0x00, 0x2B, 0x3F, 0x83, 0xD7, 0x46, 0x42, 0x53, 0x53, 0x6D, 0x69, 0x74, 
    0x68, 0x5F, 0x80, 0xD1, 0x61, 0x6E, 0x67, 0x65, 0x00, 0x2B, 0x42, 0x83, 
    0x3B, 0x82, 0x50, 0x72, 0x65, 0x73, 0x73, 0x00, 0x2B, 0x4D, 0xC3, 0xFB, 
    0xF3, 0x80, 0x81, 0x72, 0x80, 0x19, 0x81, 0x63, 0x6B, 0x5F, 0x52, 0x6F, 
    0x63, 0x6B, 0x65, 0x74, 0x54, 0x61, 0x69, 0x6C, 0x73, 0x6C, 0x69, 0x64, 
    0x65, 0x5F, 0x42, 0x53, 0x00, 0x2B, 0x51, 0x63, 0x46, 0x20, 0x54, 0x72, 
    0x69, 0x63, 0x6B, 0x5F, 0x4E, 0x6F, 0x73, 0x65, 0x53, 0x6C, 0x69, 0x64, 
    0x65, 0x4C, 0x69, 0x70, 0x53, 0x6C, 0x69, 0x64, 0x65, 0x5F, 0x46, 0x53, 
    0x5F, 0x31, 0x38, 0x30, 0x00, 0x2B, 0x58, 0x13, 0x7E, 0x46, 0x54, 0x72, 
    0x69, 0x63, 0x6B, 0x5F, 0x48, 0x61, 0x80, 0x4D, 0x80, 0x67, 0x54, 0x65, 
    0x6E, 0x4E, 0x6F, 0x73, 0x65, 0x47, 0x72, 0x69, 0x6E, 0x64, 0x5F, 0x46, 
    0x53, 0x5F, 0x31, 0x38, 0x30, 0x00, 0x2B, 0x58, 0x03, 0x16, 0x37, 0x54, 
    0x72, 0x69, 0x63, 0x6B, 0x5F, 0x66, 0x61, 0x6E, 0x64, 0x61, 0x6E, 0x67, 
    0x6C, 0x65, 0x5F, 0x46, 0x53, 0x00, 0x2B, 0x62, 0x43, 0x8A, 0x61, 0x49, 
    0x6E, 0x80, 0x45, 0x80, 0x74, 0x5F, 0x42, 0x53, 0x42, 0x6F, 0x61, 0x72, 
    0x64, 0x73, 0x6C, 0x69, 0x64, 0x65, 0x00, 0x2B, 0x74, 0x23, 0x73, 0x2A, 
    0x54, 0x72, 0x69, 0x63, 0x6B, 0x5F, 0x4E, 0x47, 0x43, 0x52, 0x6F, 0x6F, 
    0x6B, 0x5F, 0x46, 0x53, 0x5F, 0x31, 0x38, 0x30, 0x00, 0x2B, 0x77, 0xB3, 
    0xBC, 0x13, 0x53, 0x70, 0x65, 0x63, 0x80, 0x61, 0x86, 0x61, 0x6C, 0x49, 
    0x74, 0x65, 0x6D, 0x5F, 0x64, 0x65, 0x74, 0x61, 0x69, 0x6C, 0x73, 0x00, 
    0x2B, 0x79, 0x43, 0x19, 0x42, 0x42, 0x61, 0x73, 0x6B, 0x65, 0x74, 0x62, 
    0x61, 0x6C, 0x6C, 0x53, 0x6C, 0x69, 0x64, 0x65, 0x5F, 0x49, 0x64, 0x6C, 
    0x65, 0x00, 0x2B, 0x7F, 0xA3, 0x9F, 0xAD, 0x67, 0x6F, 0x74, 0x6F, 0x00, 
    0x2B, 0x90, 0x63, 0x77, 0x90, 0x46, 0x72, 0x6F, 0x67, 0x67, 0x79, 0x47, 
    0x72, 0x69, 0x6E, 0x64, 0x5F, 0x49, 0x6E, 0x69, 0x74, 0x00, 0x2B, 0x97, 
    0x73, 0x21, 0xA8, 0x54, 0x72, 0x69, 0x63, 0x6B, 0x5F, 0x44, 0x6F, 0x75, 
    0x62, 0x6C, 0x65, 0x42, 0x6C, 0x75, 0x6E, 0x74, 0x53, 0x6C, 0x69, 0x64, 
    0x65, 0x32, 0x5F, 0x31, 0x38, 0x30, 0x00, 0x2B, 0x97, 0x63, 0x6D, 0x21, 
    0x43, 0x72, 0x6F, 0x6F, 0x6B, 0x42, 0x69, 0x67, 0x53, 0x70, 0x69, 0x6E, 
    0x46, 0x6C, 0x69, 0x70, 0x43, 0x72, 0x6F, 0x6F, 0x6B, 0x00, 0x2B, 0x9A, 
    0xA3, 0x48, 0x9E, 0x4F, 0x75, 0x74, 0x41, 0x6E, 0x69, 0x6D, 0x42, 0x61, 
    0x63, 0x6B, 0x77, 0x61, 0x72, 0x64, 0x73, 0x00, 0x2B, 0xB0, 0x13, 0xE6, 
    0x56, 0x54, 0x72, 0x69, 0x63, 0x6B, 0x5F, 0x43, 0x72, 0x61, 0x69, 0x6C, 
    0x53, 0x6C, 0x69, 0x64, 0x65, 0x5F, 0x46, 0x53, 0x00, 0x2B, 0xB7, 0x93, 
    0xB9, 0x71, 0x53, 0x65, 0x74, 0x47, 0x72, 0x69, 0x6E, 0x64, 0x54, 0x77, 
    0x65, 0x61, 0x6B, 0x00, 0x2B, 0xBB, 0xA3, 0x74, 0x0F, 0x54, 0x72, 0x69, 
    0x63, 0x6B, 0x5F, 0x53, 0x61, 0x6C, 0x61, 0x64, 0x5F, 0x42, 0x53, 0x5F, 
    0x31, 0x38, 0x30, 0x00, 0x2B, 0xBC, 0x23, 0x88, 0x1C, 0x54, 0x72, 0x69, 
    0x63, 0x6B, 0x5F, 0x4E, 0x6F, 0x73, 0x65, 0x67, 0x72, 0x69, 0x6E, 0x64, 
    0x50, 0x69, 0x76, 0x6F, 0x74, 0x5F, 0x80, 0x05, 0x81, 0x53, 0x5F, 0x31, 
    0x38, 0x30, 0x00, 0x2B, 0xC2, 0x23, 0x2B, 0xE6, 0x46, 0x69, 0x66, 0x74, 
    0x79, 0x46, 0x69, 0x66, 0x74, 0x79, 0x46, 0x61, 0x6C, 0x6C, 0x00, 0x2B, 
    0xD6, 0xE3, 0xDA, 0xFE, 0x54, 0x72, 0x69, 0x63, 0x6B, 0x5F, 0x42, 0x6F, 
    0x6F, 0x6D, 0x42, 0x6F, 0x78, 0x5F, 0x42, 0x53, 0x5F, 0x31, 0x38, 0x30, 
    0x00, 0x2B, 0xDC, 0xC3, 0x88, 0x01, 0x46, 0x4C, 0x41, 0x47, 0x5F, 0x53, 
    0x4B, 0x41, 0x54, 0x80, 0x55, 0x80, 0x52, 0x5F, 0x52, 0x45, 0x56, 0x45, 
    0x52, 0x54, 0x43, 0x48, 0x45, 0x45, 0x53, 0x45, 0x00, 0x2B, 0xF4, 0xC3, 
    0x21, 0x7A, 0x54, 0x72, 0x69, 0x63, 0x6B, 0x5F, 0x44, 0x61, 0x66, 0x66, 
    0x79, 0x42, 0x72, 0x6F, 0x6B, 0x65, 0x6E, 0x47, 0x72, 0x69, 0x6E, 0x64, 
    0x32, 0x5F, 0x31, 0x38, 0x30, 0x00, 0x2B, 0x03, 0xA4, 0xA3, 0x65, 0x45, 
    0x80, 0x05, 0x84, 0x72, 0x6C, 0x79, 0x4F, 0x75, 0x74, 0x00, 0x2B, 0x04, 
    0x44, 0x72, 0x61, 0x43, 0x72, 0x61, 0x69, 0x6C, 0x53, 0x6C, 0x69, 0x64, 
    0x65, 0x5F, 0x52, 0x61, 0x6E, 0x67, 0x65, 0x00, 0x2B, 0x11, 0x34, 0x3C, 
    0x0A, 0x54, 0x72, 0x69, 0x63, 0x6B, 0x5F, 0x4E, 0x6F, 0x73, 0x65, 0x53, 
    0x6C, 0x69, 0x64, 0x65, 0x4C, 0x69, 0x70, 0x53, 0x6C, 0x69, 0x64, 0x65, 
    0x5F, 0x42, 0x53, 0x5F, 0x6F, 0x6B, 0x00, 0x2B, 0x1A, 0x24, 0xF7, 0xAA, 
    0x54, 0x72, 0x69, 0x63, 0x6B, 0x5F, 0x52, 0x6F, 0x77, 0x6C, 0x65, 0x79, 
    0x44, 0x61, 0x72, 0x6B, 0x53, 0x6C, 0x69, 0x64, 0x65, 0x5F, 0x42, 0x53, 
    0x00, 0x2B, 0x2A, 0xC4, 0xAB, 0x5D, 0x42, 0x53, 0x43, 0x72, 0x6F, 0x6F, 
    0x6B, 0x65, 0x64, 0x5F, 0x72, 0x61, 0x6E, 0x67, 0x65, 0x00, 0x2B, 0x33, 
    0x04, 0x1C, 0xD1, 0x62, 0x61, 0x73, 0x6B, 0x65, 0x74, 0x62, 0x61, 0x6C, 
    0x6C, 0x5F, 0x64, 0x65, 0x74, 0x61, 0x69, 0x6C, 0x73, 0x00, 0x2B, 0x35, 
    0x14, 0xA5, 0x7B, 0x54, 0x72, 0x69, 0x63, 0x6B, 0x5F, 0x54, 0x61, 0x69, 
    0x6C, 0x62, 0x6C, 0x6F, 0x63, 0x6B, 0x53, 0x6C, 0x69, 0x80, 0x85, 0x65, 
    0x5F, 0x84, 0x29, 0x81, 0x5F, 0x31, 0x38, 0x30, 0x00, 0x2B, 0x3B, 0x64, 
    0xF0, 0x42, 0x46, 0x53, 0x48, 0x75, 0x72, 0x72, 0x69, 0x63, 0x61, 0x6E, 
    0x65, 0x47, 0x72, 0x69, 0x6E, 0x64, 0x5F, 0x4F, 0x75, 0x74, 0x00, 0x2B, 
    0x42, 0x44, 0xE2, 0xA7, 0x47, 0x72, 0x69, 0x6E, 0x64, 0x42, 0x61, 0x69, 
    0x6C, 0x00, 0x2B, 0x46, 0x94, 0xAE, 0xF9, 0x49, 0x6E, 0x69, 0x74, 0x5F, 
    0x46, 0x53, 0x4F, 0x76, 0x65, 0x72, 0x63, 0x72, 0x6F, 0x6F, 0x6B, 0x00, 
    0x2B, 0x57, 0xB4, 0x5E, 0x03, 0x49, 0x6E, 0x80, 0x35, 0x80, 0x74, 0x5F, 
    0x42, 0x53, 0x42, 0x6C, 0x75, 0x6E, 0x74, 0x53, 0x6C, 0x69, 0x64, 0x65, 
    0x00, 0x2B, 0x57, 0xE4, 0x69, 0x00, 0x50, 0x6C, 0x61, 0x79, 0x42, 0x6F, 
    0x6E, 0x6B, 0x53, 0x6F, 0x75, 0x6E, 0x64, 0x00, 0x2B, 0x58, 0xB4, 0xA0, 
    0x56, 0x41, 0x6D, 0x65, 0x72, 0x69, 0x63, 0x61, 0x80, 0x29, 0x82, 0x48, 
    0x65, 0x72, 0x6F, 0x47, 0x72, 0x69, 0x6E, 0x64, 0x5F, 0x49, 0x6E, 0x69, 
    0x74, 0x00, 0x2B, 0x58, 0x34, 0x09, 0xBF, 0x54, 0x72, 0x69, 0x63, 0x6B, 
    0x5F, 0x4E, 0x6F, 0x73, 0x65, 0x53, 0x6C, 0x69, 0x64, 0x65, 0x4C, 0x69, 
    0x70, 0x53, 0x6C, 0x69, 0x64, 0x65, 0x5F, 0x46, 0x53, 0x00, 0x2B, 0x64, 
    0xD4, 0x61, 0xE5, 0x4A, 0x61, 0x6E, 0x67, 0x6F, 0x51, 0x75, 0x69, 0x63, 
    0x6B, 0x44, 0x72, 0x61, 0x77, 0x5F, 0x6F, 0x75, 0x74, 0x00, 0x2B, 0x78, 
    0x24, 0x76, 0x4F, 0x54, 0x72, 0x69, 0x63, 0x6B, 0x5F, 0x42, 0x62, 0x61, 
    0x6C, 0x6C, 0x53, 0x6C, 0x69, 0x64, 0x65, 0x32, 0x00, 0x2B, 0x83, 0xA4, 
    0x74, 0x8F, 0x68, 0x6F, 0x72, 0x69, 0x7A, 0x5F, 0x76, 0x65, 0x80, 0xC5, 
    0x00, 0x2B, 0x86, 0xF4, 0x2A, 0x54, 0x46, 0x53, 0x54, 0x61, 0x69, 0x6C, 
    0x73, 0x6C, 0x69, 0x64, 0x65, 0x5F, 0x80, 0x69, 0x80, 0x61, 0x6E, 0x67, 
    0x65, 0x00, 0x2B, 0x8E, 0x84, 0x6D, 0x29, 0x54, 0x72, 0x69, 0x63, 0x6B, 
    0x5F, 0x42, 0x6F, 0x6F, 0x6D, 0x42, 0x6F, 0x78, 0x5F, 0x42, 0x53, 0x00, 
    0x2B, 0x94, 0xC4, 0x4A, 0x2D, 0x54, 0x72, 0x69, 0x63, 0x6B, 0x5F, 0x54, 
    0x61, 0x69, 0x6C, 0x73, 0x6C, 0x69, 0x64, 0x65, 0x5F, 0x46, 0x53, 0x00, 
    0x2B, 0xA2, 0x94, 0x2F, 0xE6, 0x53, 0x70, 0x61, 0x80, 0x79, 0x86, 0x6B, 
    0x73, 0x4F, 0x6E, 0x00, 0x2B, 0xAD, 0xC4, 0x17, 0x66, 0x54, 0x72, 0x69, 
    0x63, 0x6B, 0x5F, 0x53, 0x61, 0x6C, 0x61, 0x64, 0x5F, 0x42, 0x53, 0x00, 
    0x2B, 0xB7, 0xB4, 0xFB, 0xEE, 0x52, 0x6F, 0x63, 0x6B, 0x65, 0x74, 0x5F, 
    0x49, 0x6E, 0x69, 0x74, 0x00, 0x2B, 0xB9, 0x14, 0x18, 0x2D, 0x49, 0x6E, 
    0x69, 0x74, 0x5F, 0x46, 0x53, 0x4C, 0x69, 0x70, 0x73, 0x6C, 0x69, 0x64, 
    0x65, 0x00, 0x2B, 0xC3, 0xB4, 0xF3, 0x24, 0x49, 0x6E, 0x69, 0x74, 0x5F, 
    0x42, 0x53, 0x4C, 0x69, 0x70, 0x73, 0x6C, 0x69, 0x64, 0x65, 0x00, 0x2B, 
    0xC6, 0xA4, 0xDC, 0xDB, 0x4C, 0x61, 0x75, 0x6E, 0x63, 0x68, 0x45, 0x78, 
    0x74, 0x72, 0x61, 0x4D, 0x65, 0x73, 0x73, 0x61, 0x67, 0x65, 0x00, 0x2B, 
    0xDC, 0x24, 0x7D, 0x63, 0x4D, 0x50, 0x43, 0x47, 0x72, 0x69, 0x6E, 0x64, 
    0x5F, 0x49, 0x6E, 0x69, 0x74, 0x00, 0x2B, 0xDF, 0xD4, 0x82, 0xB0, 0x54, 
    0x72, 0x69, 0x63, 0x6B, 0x5F, 0x4E, 0x47, 0x43, 0x72, 0x6F, 0x6F, 0x6B, 
    0x5F, 0x42, 0x53, 0x00, 0x2B, 0xEB, 0xA4, 0x25, 0xC1, 0x54, 0x72, 0x69, 
    0x63, 0x6B, 0x5F, 0x42, 0x69, 0x67, 0x48, 0x69, 0x74, 0x74, 0x65, 0x72, 
    0x5F, 0x46, 0x53, 0x00, 0x2B, 0xED, 0x24, 0x0D, 0x8F, 0x42, 0x6C, 0x65, 
    0x6E, 0x64, 0x50, 0x65, 0x72, 0x69, 0x6F, 0x64, 0x00, 0x2B, 0xF0, 0xD4, 
    0x1F, 0x1D, 0x4F, 0x72, 0x69, 0x65, 0x6E, 0x74, 0x54, 0x6F, 0x4E, 0x6F, 
    0x72, 0x6D, 0x61, 0x6C, 0x00, 0x2B, 0xFD, 0xD4, 0xD3, 0x10, 0x43, 0x72, 
    0x61, 0x69, 0x6C, 0x53, 0x6C, 0x69, 0x64, 0x65, 0x5F, 0x4F, 0x75, 0x74, 
    0x00, 0x2B, 0xFF, 0xD4, 0xB2, 0xA2, 0x54, 0x72, 0x69, 0x63, 0x6B, 0x5F, 
    0x47, 0x72, 0x69, 0x6E, 0x64, 0x4F, 0x76, 0x65, 0x72, 0x74, 0x75, 0x72, 
    0x6E, 0x5F, 0x80, 0x51, 0x81, 0x53, 0x5F, 0x31, 0x38, 0x30, 0x00, 0x2B, 
    0x15, 0xD5, 0xCF, 0xF8, 0x42, 0x61, 0x63, 0x6B, 0x77, 0x61, 0x72, 0x64, 
    0x73, 0x00, 0x2B, 0x1C, 0x95, 0x89, 0x01, 0x48, 0x61, 0x6E, 0x64, 0x73, 
    0x74, 0x61, 0x6E, 0x64, 0x35, 0x30, 0x35, 0x30, 0x47, 0x72, 0x69, 0x6E, 
    0x64, 0x5F, 0x6F, 0x75, 0x74, 0x00, 0x2B, 0x20, 0x45, 0xCB, 0x96, 0x54, 
    0x72, 0x69, 0x63, 0x6B, 0x5F, 0x53, 0x70, 0x72, 0x61, 0x79, 0x50, 0x61, 
    0x69, 0x6E, 0x74, 0x47, 0x72, 0x69, 0x6E, 0x64, 0x32, 0x5F, 0x31, 0x38, 
    0x30, 0x00, 0x2B, 0x27, 0x15, 0x6E, 0x80, 0x1D, 0x81, 0x42, 0x6C, 0x6F, 
    0x6F, 0x64, 0x53, 0x70, 0x6C, 0x61, 0x74, 0x00, 0x2B, 0x2C, 0x05, 0x54, 
    0xB2, 0x49, 0x6E, 0x69, 0x74, 0x5F, 0x42, 0x53, 0x46, 0x65, 0x65, 0x62, 
    0x6C, 0x65, 0x00, 0x2B, 0x33, 0x25, 0xCE, 0xE0, 0x54, 0x72, 0x69, 0x63, 
    0x6B, 0x5F, 0x48, 0x61, 0x6E, 0x64, 0x73, 0x74, 0x61, 0x6E, 0x64, 0x35, 
    0x30, 0x35, 0x30, 0x5F, 0x42, 0x53, 0x00, 0x2B, 0x39, 0xE5, 0xF0, 0x4C, 
    0x41, 0x6D, 0x65, 0x72, 0x69, 0x63, 0x61, 0x6E, 0x48, 0x80, 0x31, 0x84, 
    0x72, 0x6F, 0x47, 0x72, 0x69, 0x6E, 0x64, 0x5F, 0x49, 0x64, 0x6C, 0x65, 
    0x00, 0x2B, 0x42, 0x25, 0xA4, 0x24, 0x45, 0x78, 0x74, 0x72, 0x61, 0x5F, 
    0x35, 0x30, 0x35, 0x30, 0x5F, 0x42, 0x53, 0x00, 0x2B, 0x43, 0x45, 0x93, 
    0x55, 0x53, 0x6B, 0x61, 0x74, 0x65, 0x49, 0x6E, 0x41, 0x62, 0x6C, 0x65, 
    0x00, 0x2B, 0x47, 0x55, 0x6B, 0x75, 0x48, 0x75, 0x6D, 0x61, 0x6E, 0x44, 
    0x61, 0x72, 0x74, 0x5F, 0x49, 0x6E, 0x69, 0x74, 0x00, 0x2B, 0x47, 0x55, 
    0x82, 0xBC, 0x43, 0x72, 0x6F, 0x75, 0x63, 0x68, 0x65, 0x64, 0x4C, 0x61, 
    0x6E, 0x64, 0x00, 0x2B, 0x63, 0xD5, 0xB3, 0x37, 0x46, 0x53, 0x48, 0x75, 
    0x72, 0x72, 0x69, 0x63, 0x61, 0x6E, 0x65, 0x47, 0x72, 0x69, 0x6E, 0x64, 
    0x5F, 0x52, 0x61, 0x6E, 0x67, 0x65, 0x00, 0x2B, 0x6D, 0xE5, 0x25, 0x7C, 
    0x42, 0x53, 0x42, 0x6F, 0x61, 0x72, 0x64, 0x73, 0x6C, 0x69, 0x64, 0x65, 
    0x5F, 0x72, 0x61, 0x6E, 0x67, 0x65, 0x00, 0x2B, 0x6F, 0x75, 0xC0, 0x87, 
    0x62, 0x6F, 0x6F, 0x6D, 0x62, 0x6F, 0x78, 0x5F, 0x64, 0x65, 0x74, 0x61, 
    0x69, 0x6C, 0x73, 0x00, 0x2B, 0x76, 0x95, 0xEB, 0xB3, 0x54, 0x72, 0x69, 
    0x63, 0x6B, 0x5F, 0x48, 0x61, 0x80, 0xFD, 0x67, 0x54, 0x65, 0x6E, 0x4E, 
    0x6F, 0x73, 0x65, 0x47, 0x72, 0x69, 0x6E, 0x64, 0x5F, 0x42, 0x53, 0x00, 
    0x2B, 0x7D, 0x15, 0xFC, 0xA4, 0x54, 0x72, 0x69, 0x63, 0x6B, 0x5F, 0x46, 
    0x65, 0x65, 0x62, 0x80, 0xCD, 0x65, 0x5F, 0x46, 0x53, 0x00, 0x2B, 0x9A, 
    0x55, 0x5A, 0x06, 0x41, 0x6C, 0x6C, 0x6F, 0x77, 0x52, 0x61, 0x69, 0x6C, 
    0x74, 0x8C, 0xD5, 0x73, 0x00, 0x2B, 0xB3, 0x85, 0x51, 0x7E, 0x54, 0x72, 
    0x69, 0x63, 0x6B, 0x5F, 0x54, 0x61, 0x69, 0x6C, 0x62, 0x6C, 0x6F, 0x63, 
    0x6B, 0x80, 0x45, 0x82, 0x6C, 0x69, 0x64, 0x65, 0x5F, 0x46, 0x53, 0x00, 
    0x2B, 0xB8, 0xA5, 0x53, 0xE5, 0x53, 0x74, 0x6F, 0x70, 0x42, 0x61, 0x6C, 
    0x61, 0x6E, 0x63, 0x65, 0x54, 0x72, 0x69, 0x63, 0x6B, 0x00, 0x2B, 0xBD, 
    0x75, 0x2D, 0x79, 0x4D, 0x50, 0x43, 0x47, 0x72, 0x69, 0x6E, 0x64, 0x5F, 
    0x49, 0x64, 0x6C, 0x65, 0x00, 0x2B, 0xBE, 0xD5, 0xC9, 0x95, 0x53, 0x54, 
    0x41, 0x54, 0x53, 0x5F, 0x52, 0x41, 0x49, 0x4C, 0x42, 0x41, 0x4C, 0x41, 
    0x4E, 0x43, 0x45, 0x00, 0x2B, 0xC2, 0xE5, 0xA4, 0x23, 0x4F, 0x62, 0x6A, 
    0x5F, 0x53, 0x70, 0x61, 0x77, 0x6E, 0x53, 0x63, 0x72, 0x69, 0x70, 0x74, 
    0x00, 0x2B, 0xC8, 0x95, 0x5B, 0x2F, 0x54, 0x72, 0x69, 0x63, 0x6B, 0x5F, 
    0x66, 0x61, 0x6E, 0x64, 0x61, 0x6E, 0x67, 0x6C, 0x65, 0x5F, 0x80, 0xCD, 
    0x53, 0x5F, 0x31, 0x38, 0x30, 0x00, 0x2B, 0xDF, 0xA5, 0x61, 0xF1, 0x46, 
    0x4C, 0x41, 0x47, 0x5F, 0x53, 0x4B, 0x41, 0x54, 0x80, 0x3D, 0x81, 0x52, 
    0x5F, 0x4D, 0x41, 0x4E, 0x55, 0x41, 0x4C, 0x43, 0x48, 0x45, 0x45, 0x53, 
    0x45, 0x00, 0x2B, 0xEA, 0xD5, 0x8B, 0xD9, 0x46, 0x61, 0x6C, 0x63, 0x6F, 
    0x6E, 0x53, 0x6C, 0x69, 0x64, 0x65, 0x5F, 0x6F, 0x75, 0x74, 0x00, 0x2B, 
    0xEE, 0x95, 0x7B, 0x35, 0x54, 0x72, 0x69, 0x63, 0x6B, 0x5F, 0x48, 0x61, 
    0x6E, 0x64, 0x73, 0x74, 0x61, 0x6E, 0x64, 0x35, 0x30, 0x35, 0x30, 0x5F, 
    0x46, 0x53, 0x5F, 0x31, 0x38, 0x30, 0x00, 0x2B, 0xF0, 0x55, 0xA8, 0x7E, 
    0x50, 0x72, 0x6F, 0x66, 0x69, 0x6C, 0x65, 0x84, 0x95, 0x0E, 0xC6, 0xE8, 
    0x2D, 0x70, 0x72, 0x80, 0x69, 0x82, 0x6E, 0x74, 0x66, 0x00, 0x2B, 0x17, 
    0x46, 0xDE, 0x8F, 0x49, 0x6E, 0x69, 0x74, 0x5F, 0x46, 0x53, 0x54, 0x61, 
    0x69, 0x6C, 0x73, 0x6C, 0x69, 0x64, 0x65, 0x00, 0x2B, 0x19, 0xF6, 0x29, 
    0xD0, 0x73, 0x65, 0x63, 0x6F, 0x6E, 0x64, 0x73, 0x00, 0x2B, 0x20, 0xA6, 
    0x96, 0x6A, 0x42, 0x53, 0x4E, 0x6F, 0x73, 0x65, 0x53, 0x6C, 0x69, 0x64, 
    0x65, 0x4C, 0x69, 0x70, 0x53, 0x6C, 0x69, 0x64, 0x65, 0x00, 0x2B, 0x23, 
    0x56, 0x34, 0xE0, 0x54, 0x72, 0x69, 0x63, 0x6B, 0x5F, 0x54, 0x61, 0x69, 
    0x6C, 0x62, 0x6C, 0x6F, 0x63, 0x6B, 0x53, 0x6C, 0x69, 0x64, 0x65, 0x5F, 
    0x42, 0x53, 0x5F, 0x31, 0x38, 0x30, 0x00, 0x2B, 0x30, 0x46, 0xE0, 0xD5, 
    0x73, 0x70, 0x65, 0x63, 0x69, 0x61, 0x6C, 0x5F, 0x69, 0x74, 0x65, 0x6D, 
    0x5F, 0x32, 0x00, 0x2B, 0x35, 0x26, 0x09, 0x1A, 0x54, 0x80, 0x59, 0x80, 
    0x69, 0x63, 0x6B, 0x5F, 0x35, 0x30, 0x46, 0x69, 0x6E, 0x67, 0x65, 0x72, 
    0x66, 0x6C, 0x69, 0x70, 0x32, 0x00, 0x2B, 0x3D, 0x16, 0x16, 0xCF, 0x52, 
    0x6F, 0x77, 0x6C, 0x65, 0x79, 0x44, 0x61, 0x72, 0x6B, 0x53, 0x6C, 0x69, 
    0x64, 0x65, 0x5F, 0x49, 0x6E, 0x69, 0x74, 0x00, 0x2B, 0x44, 0xA6, 0xF3, 
    0xE0, 0x42, 0x6F, 0x61, 0x72, 0x64, 0x52, 0x80, 0xB9, 0x74, 0x61, 0x74, 
    0x65, 0x00, 0x2B, 0x44, 0xC6, 0x78, 0x18, 0x6D, 0x6F, 0x76, 0x65, 0x72, 
    0x80, 0xE5, 0x67, 0x68, 0x74, 0x00, 0x2B, 0x46, 0x96, 0x0F, 0x1A, 0x41, 
    0x6E, 0x69, 0x6D, 0x45, 0x71, 0x75, 0x61, 0x6C, 0x73, 0x00, 0x2B, 0x47, 
    0x96, 0x6C, 0xFF, 0x44, 0x80, 0xD1, 0x66, 0x66, 0x79, 0x42, 0x72, 0x6F, 
    0x6B, 0x65, 0x6E, 0x5F, 0x52, 0x61, 0x6E, 0x67, 0x65, 0x00, 0x2B, 0x49, 
    0x06, 0x97, 0x97, 0x80, 0x81, 0x72, 0x80, 0x15, 0x80, 0x63, 0x6B, 0x5F, 
    0x52, 0x6F, 0x63, 0x6B, 0x65, 0x74, 0x54, 0x61, 0x69, 0x6C, 0x73, 0x6C, 
    0x69, 0x64, 0x65, 0x5F, 0x46, 0x53, 0x00, 0x2B, 0x4D, 0x86, 0x29, 0x4A, 
    0x73, 0x6B, 0x61, 0x74, 0x65, 0x72, 0x5F, 0x6F, 0x6E, 0x72, 0x61, 0x80, 
    0x5D, 0x87, 0x6C, 0x00, 0x2B, 0x55, 0x86, 0x88, 0xED, 0x49, 0x73, 0x47, 
    0x72, 0x69, 0x6E, 0x64, 0x00, 0x2B, 0x5C, 0xC6, 0x7A, 0x53, 0x54, 0x72, 
    0x69, 0x63, 0x6B, 0x5F, 0x66, 0x61, 0x6E, 0x64, 0x61, 0x6E, 0x67, 0x6C, 
    0x65, 0x5F, 0x42, 0x53, 0x00, 0x2B, 0x60, 0x46, 0x00, 0x37, 0x54, 0x72, 
    0x69, 0x63, 0x6B, 0x5F, 0x46, 0x6C, 0x69, 0x70, 0x4B, 0x69, 0x63, 0x6B, 
    0x44, 0x61, 0x64, 0x32, 0x00, 0x2B, 0x61, 0xE6, 0x95, 0x4F, 0x49, 0x6E, 
    0x69, 0x74, 0x5F, 0x4E, 0x6F, 0x73, 0x65, 0x67, 0x72, 0x69, 0x6E, 0x64, 
    0x00, 0x2B, 0x63, 0x46, 0x12, 0x6B, 0x42, 0x53, 0x48, 0x75, 0x72, 0x72, 
    0x69, 0x63, 0x61, 0x6E, 0x65, 0x47, 0x72, 0x69, 0x6E, 0x64, 0x5F, 0x52, 
    0x61, 0x6E, 0x67, 0x65, 0x00, 0x2B, 0x64, 0x56, 0xCF, 0x82, 0x53, 0x70, 
    0x72, 0x61, 0x79, 0x43, 0x61, 0x6E, 0x5F, 0x44, 0x65, 0x74, 0x61, 0x69, 
    0x6C, 0x73, 0x00, 0x2B, 0x70, 0x96, 0x06, 0xA0, 0x46, 0x53, 0x42, 0x6F, 
    0x61, 0x72, 0x64, 0x73, 0x6C, 0x69, 0x64, 0x65, 0x5F, 0x4F, 0x75, 0x74, 
    0x00, 0x2B, 0x77, 0xE6, 0x04, 0x13, 0x44, 0x6F, 0x46, 0x6C, 0x69, 0x70, 
    0x43, 0x68, 0x65, 0x63, 0x6B, 0x00, 0x2B, 0x7C, 0x56, 0x0F, 0x56, 0x45, 
    0x78, 0x74, 0x72, 0x61, 0x5F, 0x54, 0x72, 0x69, 0x63, 0x6B, 0x5F, 0x43, 
    0x72, 0x6F, 0x6F, 0x6B, 0x65, 0x64, 0x5F, 0x46, 0x53, 0x00, 0x2B, 0x82, 
    0xB6, 0xCD, 0x41, 0x42, 0x6F, 0x6F, 0x6D, 0x42, 0x6F, 0x78, 0x5F, 0x49, 
    0x64, 0x6C, 0x65, 0x00, 0x2B, 0x93, 0xB6, 0x77, 0xEA, 0x54, 0x72, 0x69, 
    0x63, 0x6B, 0x5F, 0x44, 0x72, 0x75, 0x6E, 0x6B, 0x47, 0x72, 0x69, 0x6E, 
    0x64, 0x5F, 0x42, 0x53, 0x00, 0x2B, 0xA8, 0x26, 0x6D, 0x29, 0x53, 0x6B, 
    0x61, 0x74, 0x65, 0x49, 0x6E, 0x4F, 0x72, 0x42, 0x61, 0x69, 0x6C, 0x5F, 
    0x4F, 0x75, 0x74, 0x00, 0x2B, 0xA9, 0x06, 0x65, 0x08, 0x46, 0x53, 0x46, 
    0x65, 0x65, 0x62, 0x6C, 0x65, 0x5F, 0x80, 0x0D, 0x80, 0x61, 0x6E, 0x67, 
    0x65, 0x00, 0x2B, 0xB4, 0xD6, 0x8A, 0x32, 0x54, 0x72, 0x69, 0x63, 0x6B, 
    0x5F, 0x43, 0x72, 0x61, 0x69, 0x6C, 0x53, 0x6C, 0x69, 0x64, 0x65, 0x5F, 
    0x42, 0x53, 0x00, 0x2B, 0xBA, 0x46, 0xAA, 0xAF, 0x4F, 0x80, 0x91, 0x66, 
    0x52, 0x61, 0x69, 0x6C, 0x84, 0x75, 0x80, 0xC5, 0x76, 0x91, 0x01, 0x66, 
    0x72, 0x61, 0x6D, 0x65, 0x73, 0x00, 0x2B, 0xDA, 0x56, 0xCB, 0x89, 0x49, 
    0x6E, 0x69, 0x74, 0x5F, 0x42, 0x53, 0x43, 0x72, 0x6F, 0x6F, 0x6B, 0x65, 
    0x64, 0x00, 0x2B, 0xE9, 0x96, 0x23, 0x39, 0x54, 0x72, 0x69, 0x63, 0x6B, 
    0x5F, 0x47, 0x72, 0x69, 0x6E, 0x64, 0x4F, 0x76, 0x65, 0x72, 0x74, 0x75, 
    0x72, 0x6E, 0x5F, 0x46, 0x53, 0x5F, 0x31, 0x38, 0x30, 0x84, 0x91, 0xEF, 
    0x16, 0x2B, 0x53, 0x4C, 0x88, 0xED, 0x65, 0x64, 0x00, 0x2B, 0xF5, 0xE6, 
    0xCC, 0x27, 0x48, 0x61, 0x6E, 0x64, 0x73, 0x74, 0x61, 0x6E, 0x64, 0x35, 
    0x30, 0x35, 0x30, 0x47, 0x72, 0x69, 0x6E, 0x64, 0x5F, 0x52, 0x80, 0x51, 
    0x83, 0x6E, 0x67, 0x65, 0x00, 0x2B, 0x01, 0x97, 0x00, 0x5E, 0x43, 0x72, 
    0x61, 0x69, 0x6C, 0x53, 0x6C, 0x69, 0x64, 0x65, 0x5F, 0x49, 0x6E, 0x69, 
    0x74, 0x00, 0x2B, 0x02, 0x27, 0x48, 0xE8, 0x4D, 0x61, 0x6E, 0x75, 0x61, 
    0x6C, 0x4E, 0x61, 0x6D, 0x65, 0x00, 0x2B, 0x04, 0x47, 0x9F, 0x43, 0x41, 
    0x69, 0x72, 0x00, 0x2B, 0x06, 0x77, 0x47, 0x24, 0x44, 0x61, 0x66, 0x66, 
    0x79, 0x42, 0x72, 0x6F, 0x6B, 0x65, 0x6E, 0x5F, 0x49, 0x6E, 0x69, 0x74, 
    0x00, 0x2B, 0x06, 0x67, 0x1E, 0x2F, 0x49, 0x6E, 0x69, 0x74, 0x5F, 0x54, 
    0x61, 0x69, 0x6C, 0x73, 0x6C, 0x69, 0x64, 0x65, 0x00, 0x2B, 0x0C, 0x67, 
    0x92, 0x7E, 0x44, 0x6F, 0x42, 0x61, 0x6C, 0x61, 0x6E, 0x63, 0x65, 0x54, 
    0x72, 0x69, 0x63, 0x6B, 0x00, 0x2B, 0x11, 0xC7, 0x7A, 0xE2, 0x46, 0x53, 
    0x53, 0x61, 0x6C, 0x61, 0x64, 0x47, 0x72, 0x69, 0x6E, 0x64, 0x5F, 0x49, 
    0x6E, 0x69, 0x74, 0x00, 0x2B, 0x12, 0x27, 0x37, 0x51, 0x57, 0x61, 0x6C, 
    0x6C, 0x52, 0x69, 0x64, 0x65, 0x52, 0x80, 0x01, 0x81, 0x67, 0x68, 0x74, 
    0x00, 0x2B, 0x13, 0x77, 0x4F, 0x19, 0x54, 0x72, 0x69, 0x63, 0x6B, 0x5F, 
    0x4E, 0x6F, 0x73, 0x65, 0x67, 0x72, 0x69, 0x6E, 0x64, 0x50, 0x69, 0x76, 
    0x6F, 0x74, 0x5F, 0x42, 0x53, 0x00, 0x2B, 0x17, 0x67, 0xB5, 0x3B, 0x45, 
    0x78, 0x63, 0x65, 0x70, 0x74, 0x69, 0x6F, 0x6E, 0x54, 0x72, 0x69, 0x67, 
    0x67, 0x65, 0x72, 0x65, 0x64, 0x00, 0x2B, 0x18, 0xF7, 0xC1, 0x9C, 0x47, 
    0x72, 0x69, 0x80, 0x71, 0x81, 0x64, 0x4F, 0x76, 0x65, 0x72, 0x74, 0x75, 
    0x72, 0x6E, 0x5F, 0x49, 0x6E, 0x69, 0x74, 0x00, 0x2B, 0x2B, 0x77, 0x96, 
    0x01, 0x43, 0x6C, 0x65, 0x61, 0x72, 0x47, 0x61, 0x70, 0x54, 0x72, 0x69, 
    0x63, 0x6B, 0x73, 0x00, 0x2B, 0x31, 0xC7, 0xC5, 0x4A, 0x68, 0x6F, 0x72, 
    0x69, 0x7A, 0x5F, 0x61, 0x6D, 0x70, 0x00, 0x2B, 0x36, 0x27, 0x79, 0x76, 
    0x43, 0x68, 0x65, 0x63, 0x6B, 0x66, 0x6F, 0x72, 0x4E, 0x65, 0x74, 0x42, 
    0x72, 0x61, 0x6B, 0x65, 0x00, 0x2B, 0x56, 0x77, 0x7E, 0x4F, 0x43, 0x6F, 
    0x66, 0x66, 0x69, 0x6E, 0x47, 0x72, 0x69, 0x6E, 0x64, 0x5F, 0x49, 0x6E, 
    0x69, 0x74, 0x84, 0x41, 0x80, 0x56, 0x97, 0x1C, 0x32, 0x53, 0x71, 0x75, 
    0x61, 0x72, 0x65, 0x00, 0x2B, 0x60, 0xC7, 0xBB, 0xE7, 0x54, 0x72, 0x69, 
    0x63, 0x6B, 0x5F, 0x43, 0x72, 0x6F, 0x6F, 0x6B, 0x65, 0x64, 0x5F, 0x46, 
    0x53, 0x5F, 0x72, 0x6F, 0x74, 0x00, 0x2B, 0x60, 0x97, 0x73, 0x64, 0x47, 
    0x72, 0x69, 0x6E, 0x64, 0x54, 0x77, 0x80, 0xB1, 0x61, 0x6B, 0x00, 0x2B, 
    0x65, 0x87, 0x47, 0x7B, 0x6D, 0x6F, 0x76, 0x65, 0x6C, 0x80, 0x61, 0x80, 
    0x66, 0x74, 0x00, 0x2B, 0x6F, 0x37, 0xA9, 0xAF, 0x46, 0x53, 0x46, 0x65, 
    0x65, 0x62, 0x6C, 0x65, 0x4C, 0x61, 0x79, 0x62, 0x61, 0x63, 0x6B, 0x5F, 
    0x49, 0x6E, 0x69, 0x74, 0x00, 0x2B, 0x75, 0xC7, 0x05, 0x23, 0x54, 0x72, 
    0x69, 0x63, 0x6B, 0x5F, 0x41, 0x6D, 0x65, 0x72, 0x69, 0x63, 0x61, 0x6E, 
    0x48, 0x65, 0x72, 0x6F, 0x32, 0x5F, 0x31, 0x38, 0x30, 0x84, 0x4D, 0x80, 
    0x7C, 0x27, 0xD5, 0x5C, 0x4E, 0x75, 0x74, 0x74, 0x65, 0x72, 0x00, 0x2B, 
    0x7E, 0x77, 0x27, 0x58, 0x54, 0x72, 0x69, 0x63, 0x6B, 0x5F, 0x4E, 0x6F, 
    0x73, 0x65, 0x42, 0x6C, 0x75, 0x6E, 0x74, 0x53, 0x6C, 0x69, 0x64, 0x65, 
    0x5F, 0x42, 0x53, 0x00, 0x2B, 0x84, 0xE7, 0xE7, 0x92, 0x54, 0x72, 0x69, 
    0x63, 0x6B, 0x5F, 0x4E, 0x80, 0x45, 0x80, 0x73, 0x65, 0x53, 0x6C, 0x69, 
    0x64, 0x65, 0x5F, 0x42, 0x53, 0x5F, 0x6F, 0x6B, 0x00, 0x2B, 0x8F, 0xD7, 
    0xAC, 0x3E, 0x42, 0x53, 0x48, 0x75, 0x72, 0x72, 0x69, 0x63, 0x61, 0x6E, 
    0x65, 0x47, 0x72, 0x69, 0x6E, 0x64, 0x5F, 0x49, 0x6E, 0x69, 0x74, 0x00, 
    0x2B, 0x93, 0xB7, 0x8E, 0x5B, 0x46, 0x53, 0x4F, 0x76, 0x80, 0x99, 0x72, 
    0x63, 0x72, 0x6F, 0x6F, 0x6B, 0x5F, 0x80, 0x01, 0x82, 0x61, 0x6E, 0x67, 
    0x65, 0x00, 0x2B, 0x9A, 0xF7, 0xEB, 0x3C, 0x54, 0x72, 0x69, 0x63, 0x6B, 
    0x5F, 0x48, 0x75, 0x72, 0x72, 0x69, 0x63, 0x61, 0x6E, 0x65, 0x5F, 0x46, 
    0x53, 0x00, 0x2B, 0x9C, 0x37, 0x95, 0xD0, 0x77, 0x6F, 0x62, 0x62, 0x6C, 
    0x65, 0x70, 0x61, 0x72, 0x61, 0x6D, 0x73, 0x00, 0x2B, 0xA2, 0x87, 0xA6, 
    0x1D, 0x4E, 0x6F, 0x73, 0x65, 0x67, 0x72, 0x69, 0x6E, 0x64, 0x00, 0x2B, 
    0xB0, 0xF7, 0x4A, 0x56, 0x46, 0x6C, 0x69, 0x70, 0x4B, 0x69, 0x63, 0x6B, 
    0x44, 0x61, 0x64, 0x00, 0x2B, 0xB8, 0xD7, 0x65, 0x9B, 0x4F, 0x6C, 0x6C, 
    0x69, 0x65, 0x00, 0x2B, 0xBC, 0xB7, 0xE9, 0xC7, 0x46, 0x6C, 0x80, 0xAD, 
    0x70, 0x4B, 0x69, 0x63, 0x6B, 0x44, 0x61, 0x64, 0x5F, 0x49, 0x6E, 0x69, 
    0x80, 0x41, 0x80, 0x00, 0x2B, 0xC0, 0xB7, 0x75, 0xDE, 0x46, 0x65, 0x72, 
    0x72, 0x65, 0x74, 0x5F, 0x64, 0x65, 0x74, 0x61, 0x69, 0x6C, 0x73, 0x00, 
    0x2B, 0xC4, 0xE7, 0x77, 0x49, 0x49, 0x6E, 0x69, 0x74, 0x5F, 0x42, 0x53, 
    0x4F, 0x76, 0x65, 0x72, 0x63, 0x72, 0x6F, 0x6F, 0x6B, 0x00, 0x2B, 0xD6, 
    0x57, 0x19, 0x31, 0x54, 0x84, 0xA9, 0x63, 0x6B, 0x5F, 0x46, 0x72, 0x6F, 
    0x67, 0x67, 0x79, 0x47, 0x72, 0x80, 0x11, 0x81, 0x6E, 0x64, 0x32, 0x00, 
    0x2B, 0xD6, 0x07, 0x27, 0xD4, 0x49, 0x6E, 0x69, 0x74, 0x5F, 0x46, 0x53, 
    0x43, 0x72, 0x6F, 0x6F, 0x6B, 0x65, 0x64, 0x00, 0x2B, 0xDC, 0xD7, 0xB9, 
    0x3F, 0x54, 0x72, 0x69, 0x63, 0x6B, 0x5F, 0x53, 0x6D, 0x69, 0x74, 0x68, 
    0x5F, 0x46, 0x53, 0x5F, 0x72, 0x6F, 0x74, 0x00, 0x2B, 0xDE, 0xD7, 0xCA, 
    0xB4, 0x54, 0x72, 0x69, 0x63, 0x6B, 0x5F, 0x66, 0x61, 0x6E, 0x64, 0x61, 
    0x6E, 0x67, 0x6C, 0x65, 0x5F, 0x80, 0x7D, 0x85, 0x53, 0x5F, 0x31, 0x38, 
    0x30, 0x00, 0x2B, 0xE3, 0xE7, 0x9D, 0x5B, 0x42, 0x6F, 0x6F, 0x6D, 0x42, 
    0x6F, 0x78, 0x5F, 0x49, 0x6E, 0x69, 0x74, 0x00, 0x2B, 0xF3, 0xA7, 0x3E, 
    0x60, 0x57, 0x61, 0x69, 0x74, 0x41, 0x6E, 0x69, 0x6D, 0x46, 0x69, 0x6E, 
    0x69, 0x73, 0x68, 0x65, 0x64, 0x00, 0x2B, 0xF4, 0xA7, 0xF8, 0x6B, 0x52, 
    0x32, 0x00, 0x2B, 0xF7, 0x67, 0xD6, 0xCE, 0x54, 0x72, 0x69, 0x63, 0x6B, 
    0x5F, 0x4C, 0x61, 0x69, 0x64, 0x42, 0x61, 0x63, 0x6B, 0x5F, 0x42, 0x53, 
    0x00, 0x2B, 0xF8, 0xD7, 0xEA, 0xAE, 0x54, 0x72, 0x69, 0x63, 0x6B, 0x5F, 
    0x48, 0x61, 0x6E, 0x64, 0x73, 0x74, 0x61, 0x6E, 0x64, 0x35, 0x30, 0x35, 
    0x30, 0x5F, 0x42, 0x53, 0x5F, 0x31, 0x38, 0x30, 0x00, 0x2B, 0xF9, 0x67, 
    0x2B, 0x6C, 0x4F, 0x62, 0x6A, 0x5F, 0x43, 0x6C, 0x65, 0x61, 0x72, 0x46, 
    0x6C, 0x61, 0x67, 0x00, 0x2B, 0x04, 0x48, 0xDE, 0x1D, 0x4F, 0x6E, 0x47, 
    0x72, 0x6F, 0x75, 0x6E, 0x64, 0x41, 0x49, 0x00, 0x2B, 0x0A, 0x08, 0xCF, 
    0x1F, 0x53, 0x65, 0x74, 0x4D, 0x61, 0x6E, 0x75, 0x61, 0x6C, 0x54, 0x72, 
    0x69, 0x63, 0x6B, 0x73, 0x00, 0x2B, 0x0E, 0x78, 0x86, 0x79, 0x44, 0x6F, 
    0x75, 0x62, 0x6C, 0x65, 0x42, 0x6C, 0x75, 0x6E, 0x74, 0x5F, 0x49, 0x6E, 
    0x69, 0x74, 0x00, 0x2B, 0x14, 0x68, 0xA3, 0xF6, 0x76, 0x6F, 0x6C, 0x00, 
    0x2B, 0x1A, 0x78, 0x0D, 0x67, 0x46, 0x53, 0x4E, 0x6F, 0x73, 0x65, 0x53, 
    0x6C, 0x69, 0x64, 0x65, 0x5F, 0x4F, 0x75, 0x74, 0x00, 0x2B, 0x1D, 0x78, 
    0x8C, 0x62, 0x49, 0x6E, 0x80, 0x5D, 0x80, 0x74, 0x5F, 0x46, 0x53, 0x42, 
    0x6F, 0x61, 0x72, 0x64, 0x73, 0x6C, 0x69, 0x64, 0x65, 0x00, 0x2B, 0x20, 
    0x98, 0xAC, 0x13, 0x54, 0x72, 0x69, 0x63, 0x6B, 0x5F, 0x53, 0x6D, 0x69, 
    0x74, 0x68, 0x5F, 0x42, 0x53, 0x00, 0x2B, 0x22, 0x58, 0x30, 0x34, 0x4E, 
    0x6F, 0x73, 0x65, 0x67, 0x72, 0x69, 0x6E, 0x64, 0x50, 0x69, 0x76, 0x6F, 
    0x74, 0x5F, 0x52, 0x80, 0x49, 0x80, 0x6E, 0x67, 0x65, 0x00, 0x2B, 0x24, 
    0x08, 0x0B, 0xF9, 0x53, 0x70, 0x61, 0x7A, 0x46, 0x61, 0x63, 0x74, 0x6F, 
    0x72, 0x00, 0x2B, 0x2B, 0x98, 0xB9, 0xBF, 0x4C, 0x32, 0x00, 0x2B, 0x2C, 
    0xF8, 0x91, 0x6D, 0x46, 0x53, 0x46, 0x65, 0x65, 0x62, 0x6C, 0x65, 0x4C, 
    0x61, 0x79, 0x62, 0x61, 0x63, 0x6B, 0x5F, 0x4F, 0x75, 0x80, 0x21, 0x80, 
    0x00, 0x2B, 0x2E, 0x78, 0x07, 0xD9, 0x52, 0x6F, 0x63, 0x6B, 0x65, 0x74, 
    0x46, 0x53, 0x5F, 0x52, 0x61, 0x6E, 0x67, 0x65, 0x00, 0x2B, 0x38, 0x58, 
    0x74, 0xC4, 0x74, 0x65, 0x78, 0x74, 0x00, 0x2B, 0x3A, 0xF8, 0x48, 0x89, 
    0x54, 0x72, 0x69, 0x63, 0x6B, 0x80, 0xFD, 0x42, 0x62, 0x61, 0x6C, 0x6C, 
    0x53, 0x6C, 0x69, 0x64, 0x65, 0x32, 0x5F, 0x31, 0x38, 0x30, 0x00, 0x2B, 
    0x40, 0x48, 0x5F, 0x1F, 0x53, 0x6D, 0x69, 0x74, 0x68, 0x5F, 0x52, 0x61, 
    0x6E, 0x67, 0x65, 0x84, 0x81, 0x41, 0x80, 0x85, 0x6C, 0xE1, 0x80, 0x41, 
    0x8A, 0x68, 0x6F, 0x6D, 0x61, 0x73, 0x00, 0x2B, 0x49, 0xE8, 0xBF, 0x52, 
    0x54, 0x72, 0x69, 0x63, 0x6B, 0x5F, 0x53, 0x6D, 0x69, 0x74, 0x68, 0x5F, 
    0x42, 0x53, 0x5F, 0x31, 0x38, 0x30, 0x00, 0x2B, 0x4B, 0x98, 0xD3, 0xFF, 
    0x4D, 0x50, 0x43, 0x5F, 0x44, 0x65, 0x74, 0x61, 0x69, 0x6C, 0x73, 0x00, 
    0x2B, 0x4F, 0x78, 0x9F, 0xEA, 0x54, 0x72, 0x69, 0x63, 0x6B, 0x5F, 0x52, 
    0x6F, 0x77, 0x6C, 0x65, 0x79, 0x44, 0x61, 0x72, 0x6B, 0x53, 0x6C, 0x69, 
    0x64, 0x65, 0x5F, 0x42, 0x53, 0x5F, 0x31, 0x38, 0x30, 0x00, 0x2B, 0x55, 
    0xB8, 0x59, 0xAD, 0x4C, 0x61, 0x75, 0x6E, 0x63, 0x68, 0x53, 0x70, 0x65, 
    0x63, 0x69, 0x61, 0x6C, 0x4D, 0x65, 0x73, 0x73, 0x61, 0x67, 0x65, 0x00, 
    0x2B, 0x64, 0x78, 0x3D, 0x8C, 0x42, 0x61, 0x69, 0x6C, 0x4F, 0x66, 0x66, 
    0x00, 0x2B, 0x67, 0x28, 0x43, 0x03, 0x44, 0x6F, 0x69, 0x6E, 0x67, 0x54, 
    0x72, 0x69, 0x63, 0x6B, 0x42, 0x61, 0x69, 0x6C, 0x00, 0x2B, 0x6A, 0x38, 
    0xFC, 0xCE, 0x54, 0x72, 0x69, 0x63, 0x6B, 0x5F, 0x52, 0x6F, 0x63, 0x6B, 
    0x4F, 0x75, 0x74, 0x47, 0x72, 0x69, 0x6E, 0x64, 0x32, 0x5F, 0x31, 0x38, 
    0x30, 0x00, 0x2B, 0x6F, 0xD8, 0x5E, 0x25, 0x47, 0x72, 0x69, 0x6E, 0x64, 
    0x00, 0x2B, 0x71, 0x88, 0x50, 0x61, 0x54, 0x72, 0x69, 0x63, 0x6B, 0x5F, 
    0x4E, 0x6F, 0x73, 0x65, 0x53, 0x6C, 0x69, 0x64, 0x65, 0x5F, 0x42, 0x53, 
    0x00, 0x2B, 0x78, 0x98, 0x1A, 0x62, 0x49, 0x6E, 0x69, 0x74, 0x5F, 0x46, 
    0x53, 0x53, 0x6D, 0x69, 0x74, 0x68, 0x00, 0x2B, 0x81, 0x88, 0x48, 0xFC, 
    0x76, 0x65, 0x72, 0x74, 0x5F, 0x76, 0x65, 0x6C, 0x00, 0x2B, 0x86, 0xF8, 
    0xF3, 0x9E, 0x54, 0x72, 0x69, 0x63, 0x6B, 0x5F, 0x4F, 0x6E, 0x65, 0x46, 
    0x6F, 0x6F, 0x74, 0x53, 0x6D, 0x69, 0x74, 0x68, 0x5F, 0x42, 0x53, 0x00, 
    0x2B, 0x87, 0xC8, 0xC1, 0x10, 0x4D, 0x6F, 0x76, 0x65, 0x00, 0x2B, 0x8E, 
    0x08, 0x67, 0x1D, 0x54, 0x72, 0x69, 0x63, 0x6B, 0x5F, 0x43, 0x6F, 0x66, 
    0x66, 0x69, 0x6E, 0x5F, 0x46, 0x53, 0x5F, 0x31, 0x38, 0x30, 0x00, 0x2B, 
    0x8E, 0xB8, 0xB2, 0x85, 0x54, 0x72, 0x69, 0x63, 0x6B, 0x5F, 0x42, 0x6C, 
    0x75, 0x6E, 0x74, 0x73, 0x6C, 0x69, 0x64, 0x65, 0x5F, 0x46, 0x53, 0x00, 
    0x2B, 0x90, 0xD8, 0xD2, 0xA6, 0x53, 0x63, 0x72, 0x00, 0x2B, 0x97, 0x18, 
    0x98, 0x85, 0x4C, 0x65, 0x66, 0x74, 0x00, 0x2B, 0xAE, 0xC8, 0x66, 0xCD, 
    0x53, 0x63, 0x6F, 0x72, 0x65, 0x00, 0x2B, 0xBD, 0x38, 0x4C, 0xFE, 0x54, 
    0x72, 0x69, 0x63, 0x6B, 0x5F, 0x45, 0x6C, 0x62, 0x6F, 0x77, 0x80, 0x81, 
    0x6D, 0x80, 0x29, 0x81, 0x73, 0x68, 0x32, 0x00, 0x2B, 0xCA, 0x28, 0xE5, 
    0x90, 0x53, 0x6B, 0x61, 0x74, 0x65, 0x49, 0x6E, 0x4F, 0x72, 0x42, 0x61, 
    0x69, 0x6C, 0x00, 0x2B, 0xD6, 0xA8, 0x21, 0x73, 0x54, 0x79, 0x70, 0x65, 
    0x00, 0x2B, 0xE8, 0xD8, 0x8D, 0x83, 0x45, 0x78, 0x74, 0x72, 0x61, 0x5F, 
    0x4E, 0x6F, 0x73, 0x65, 0x47, 0x72, 0x69, 0x6E, 0x64, 0x73, 0x5F, 0x42, 
    0x53, 0x00, 0x2B, 0xEE, 0x98, 0xC8, 0xDA, 0x46, 0x53, 0x4E, 0x6F, 0x73, 
    0x65, 0x62, 0x6C, 0x75, 0x6E, 0x74, 0x5F, 0x80, 0x0D, 0x83, 0x61, 0x6E, 
    0x67, 0x65, 0x00, 0x2B, 0xF5, 0xF8, 0xBD, 0x8A, 0x54, 0x72, 0x69, 0x63, 
    0x6B, 0x5F, 0x43, 0x72, 0x6F, 0x6F, 0x6B, 0x65, 0x64, 0x5F, 0x42, 0x53, 
    0x5F, 0x31, 0x38, 0x30, 0x00, 0x2B, 0x04, 0xD9, 0x5F, 0xAE, 0x54, 0x72, 
    0x69, 0x63, 0x6B, 0x5F, 0x43, 0x6F, 0x66, 0x66, 0x69, 0x6E, 0x5F, 0x42, 
    0x53, 0x00, 0x2B, 0x05, 0xD9, 0xCB, 0xFA, 0x47, 0x75, 0x69, 0x74, 0x61, 
    0x72, 0x53, 0x6C, 0x69, 0x64, 0x65, 0x00, 0x2B, 0x08, 0xB9, 0x8F, 0x45, 
    0x54, 0x72, 0x69, 0x63, 0x6B, 0x5F, 0x4C, 0x69, 0x70, 0x73, 0x6C, 0x69, 
    0x64, 0x65, 0x5F, 0x42, 0x53, 0x00, 0x2B, 0x0F, 0x59, 0x95, 0x4B, 0x4E, 
    0x6F, 0x73, 0x65, 0x4D, 0x61, 0x6E, 0x75, 0x61, 0x6C, 0x42, 0x61, 0x69, 
    0x6C, 0x32, 0x00, 0x2B, 0x10, 0xE9, 0xEA, 0xC1, 0x44, 0x61, 0x72, 0x6B, 
    0x73, 0x6C, 0x69, 0x64, 0x65, 0x5F, 0x49, 0x6E, 0x69, 0x74, 0x84, 0x55, 
    0x80, 0x1D, 0x29, 0x77, 0xF2, 0x69, 0x67, 0x6E, 0x6F, 0x72, 0x65, 0x00, 
    0x2B, 0x1E, 0xB9, 0x54, 0x3A, 0x42, 0x53, 0x54, 0x61, 0x69, 0x6C, 0x73, 
    0x6C, 0x69, 0x64, 0x65, 0x5F, 0x4F, 0x75, 0x74, 0x00, 0x2B, 0x1F, 0x19, 
    0xE5, 0x10, 0x54, 0x72, 0x69, 0x63, 0x6B, 0x5F, 0x47, 0x72, 0x69, 0x6E, 
    0x64, 0x4F, 0x76, 0x65, 0x72, 0x74, 0x75, 0x80, 0xE9, 0x6E, 0x5F, 0x42, 
    0x53, 0x00, 0x2B, 0x31, 0xC9, 0x6B, 0x0A, 0x54, 0x72, 0x69, 0x63, 0x6B, 
    0x5F, 0x42, 0x6C, 0x75, 0x6E, 0x74, 0x73, 0x6C, 0x69, 0x64, 0x65, 0x5F, 
    0x84, 0x75, 0x80, 0x5F, 0x31, 0x38, 0x30, 0x00, 0x2B, 0x32, 0xB9, 0x2D, 
    0xAF, 0x46, 0x53, 0x4E, 0x6F, 0x73, 0x65, 0x73, 0x6C, 0x69, 0x64, 0x65, 
    0x5F, 0x72, 0x61, 0x6E, 0x67, 0x65, 0x00, 0x2B, 0x36, 0xF9, 0xD1, 0x77, 
    0x42, 0x53, 0x53, 0x61, 0x6C, 0x61, 0x64, 0x47, 0x72, 0x69, 0x6E, 0x64, 
    0x5F, 0x72, 0x61, 0x6E, 0x67, 0x65, 0x00, 0x2B, 0x44, 0x89, 0xB7, 0x8D, 
    0x47, 0x65, 0x74, 0x42, 0x6F, 0x80, 0x3D, 0x80, 0x72, 0x64, 0x53, 0x63, 
    0x75, 0x66, 0x66, 0x00, 0x2B, 0x48, 0xB9, 0x61, 0xD0, 0x4F, 0x6E, 0x47, 
    0x72, 0x6F, 0x75, 0x6E, 0x64, 0x45, 0x78, 0x63, 0x65, 0x70, 0x74, 0x69, 
    0x6F, 0x6E, 0x73, 0x5F, 0x4E, 0x6F, 0x45, 0x6E, 0x64, 0x52, 0x75, 0x6E, 
    0x00, 0x2B, 0x54, 0xE9, 0x8C, 0x26, 0x54, 0x72, 0x80, 0x71, 0x81, 0x63, 
    0x6B, 0x5F, 0x43, 0x72, 0x6F, 0x6F, 0x6B, 0x65, 0x64, 0x42, 0x69, 0x67, 
    0x53, 0x70, 0x69, 0x6E, 0x5F, 0x42, 0x53, 0x00, 0x2B, 0x6F, 0x29, 0xD6, 
    0x63, 0x44, 0x6F, 0x75, 0x62, 0x6C, 0x65, 0x42, 0x6C, 0x75, 0x6E, 0x74, 
    0x5F, 0x49, 0x64, 0x6C, 0x65, 0x00, 0x2B, 0x7C, 0xE9, 0x23, 0x73, 0x78, 
    0x00, 0x2B, 0x8B, 0xB9, 0xC4, 0x30, 0x45, 0x78, 0x74, 0x72, 0x61, 0x5F, 
    0x54, 0x61, 0x69, 0x6C, 0x47, 0x72, 0x69, 0x6E, 0x64, 0x73, 0x5F, 0x46, 
    0x53, 0x00, 0x2B, 0x92, 0xD9, 0x40, 0xF5, 0x53, 0x6B, 0x61, 0x74, 0x65, 
    0x49, 0x6E, 0x4C, 0x61, 0x6E, 0x64, 0x4F, 0x75, 0x80, 0x29, 0x80, 0x00, 
    0x2B, 0x9E, 0xA9, 0xC0, 0x43, 0x52, 0x6F, 0x63, 0x6B, 0x65, 0x74, 0x5F, 
    0x52, 0x61, 0x6E, 0x67, 0x65, 0x00, 0x2B, 0xA0, 0x99, 0xD3, 0x47, 0x54, 
    0x72, 0x69, 0x63, 0x6B, 0x5F, 0x4F, 0x6E, 0x65, 0x46, 0x6F, 0x6F, 0x74, 
    0x53, 0x6D, 0x69, 0x74, 0x68, 0x5F, 0x84, 0x9D, 0x5F, 0x31, 0x38, 0x30, 
    0x00, 0x2B, 0xA9, 0xE9, 0x80, 0x51, 0x80, 0x86, 0x46, 0x53, 0x53, 0x6D, 
    0x69, 0x74, 0x68, 0x5F, 0x72, 0x61, 0x6E, 0x67, 0x65, 0x00, 0x2B, 0xB2, 
    0x89, 0xC9, 0x11, 0x42, 0x53, 0x46, 0x65, 0x65, 0x62, 0x6C, 0x65, 0x5F, 
    0x72, 0x61, 0x6E, 0x67, 0x65, 0x00, 0x2B, 0xB8, 0x19, 0x4B, 0x3B, 0x46, 
    0x53, 0x42, 0x6C, 0x75, 0x6E, 0x74, 0x53, 0x6C, 0x69, 0x64, 0x65, 0x5F, 
    0x80, 0x05, 0x87, 0x61, 0x6E, 0x67, 0x65, 0x00, 0x2B, 0xBD, 0x89, 0x56, 
    0x6E, 0x54, 0x72, 0x69, 0x63, 0x6B, 0x5F, 0x43, 0x61, 0x72, 0x74, 0x57, 
    0x68, 0x65, 0x65, 0x6C, 0x74, 0x6F, 0x35, 0x30, 0x35, 0x30, 0x32, 0x00, 
    0x2B, 0xCA, 0xA9, 0xD0, 0xF2, 0x54, 0x72, 0x69, 0x63, 0x6B, 0x5F, 0x35, 
    0x5F, 0x30, 0x5F, 0x42, 0x53, 0x00, 0x2B, 0xDE, 0xD9, 0x34, 0x8F, 0x42, 
    0x69, 0x67, 0x48, 0x69, 0x74, 0x74, 0x65, 0x72, 0x5F, 0x52, 0x61, 0x6E, 
    0x67, 0x65, 0x00, 0x2B, 0xEA, 0xD9, 0x24, 0x04, 0x79, 0x00, 0x2B, 0xEB, 
    0x79, 0x80, 0xA5, 0x53, 0x65, 0x74, 0x54, 0x61, 0x67, 0x73, 0x00, 0x2B, 
    0xEF, 0x09, 0x04, 0x88, 0x57, 0x61, 0x6C, 0x6C, 0x52, 0x69, 0x64, 0x65, 
    0x00, 0x2B, 0xF7, 0x89, 0x3C, 0xCF, 0x41, 0x69, 0x72, 0x62, 0x6F, 0x72, 
    0x6E, 0x65, 0x00, 0x2B, 0xFE, 0x69, 0x29, 0xF8, 0x54, 0x72, 0x69, 0x63, 
    0x6B, 0x5F, 0x35, 0x30, 0x35, 0x30, 0x5F, 0x46, 0x53, 0x5F, 0x31, 0x38, 
    0x30, 0x00, 0x2B, 0x08, 0x1A, 0x0C, 0x26, 0x42, 0x61, 0x63, 0x6B, 0x77, 
    0x61, 0x72, 0x64, 0x73, 0x47, 0x72, 0x69, 0x6E, 0x64, 0x42, 0x61, 0x69, 
    0x6C, 0x73, 0x00, 0x2B, 0x08, 0xFA, 0xB9, 0xF4, 0x4E, 0x6F, 0x6C, 0x6C, 
    0x69, 0x65, 0x4E, 0x6F, 0x44, 0x69, 0x73, 0x70, 0x6C, 0x61, 0x79, 0x00, 
    0x2B, 0x0A, 0x0A, 0x23, 0x48, 0x54, 0x72, 0x69, 0x63, 0x6B, 0x5F, 0x41, 
    0x6D, 0x65, 0x72, 0x69, 0x63, 0x61, 0x6E, 0x48, 0x65, 0x72, 0x6F, 0x32, 
    0x00, 0x2B, 0x1E, 0x1A, 0xAD, 0xA2, 0x54, 0x72, 0x69, 0x63, 0x6B, 0x5F, 
    0x4D, 0x50, 0x43, 0x47, 0x72, 0x69, 0x6E, 0x64, 0x32, 0x00, 0x2B, 0x26, 
    0x6A, 0x26, 0xFD, 0x57, 0x6F, 0x62, 0x62, 0x6C, 0x65, 0x41, 0x6D, 0x70, 
    0x41, 0x00, 0x2B, 0x27, 0x2A, 0xFF, 0x57, 0x4C, 0x61, 0x80, 0x7D, 0x80, 
    0x64, 0x00, 0x2B, 0x29, 0xBA, 0x78, 0x7C, 0x4F, 0x75, 0x74, 0x41, 0x6E, 
    0x69, 0x6D, 0x4F, 0x6E, 0x4F, 0x6C, 0x6C, 0x69, 0x65, 0x00, 0x2B, 0x2D, 
    0xAA, 0xB3, 0x18, 0x47, 0x75, 0x69, 0x74, 0x61, 0x72, 0x5F, 0x44, 0x65, 
    0x74, 0x61, 0x69, 0x6C, 0x73, 0x00, 0x2B, 0x30, 0xAA, 0xE0, 0x69, 0x54, 
    0x72, 0x69, 0x63, 0x6B, 0x5F, 0x54, 0x61, 0x69, 0x6C, 0x73, 0x6C, 0x69, 
    0x64, 0x65, 0x5F, 0x42, 0x80, 0x59, 0x83, 0x5F, 0x6F, 0x6B, 0x00, 0x2B, 
    0x40, 0xAA, 0xEE, 0x1A, 0x49, 0x73, 0x53, 0x70, 0x65, 0x63, 0x69, 0x61, 
    0x6C, 0x00, 0x2B, 0x41, 0x6A, 0x4C, 0x06, 0x47, 0x72, 0x69, 0x6E, 0x64, 
    0x4F, 0x76, 0x65, 0x72, 0x74, 0x75, 0x72, 0x6E, 0x5F, 0x4F, 0x75, 0x74, 
    0x00, 0x2B, 0x4F, 0xDA, 0xE4, 0x9C, 0x44, 0x6F, 0x42, 0x6F, 0x61, 0x72, 
    0x64, 0x53, 0x63, 0x75, 0x66, 0x66, 0x00, 0x2B, 0x56, 0xCA, 0x18, 0x8A, 
    0x79, 0x65, 0x73, 0x00, 0x2B, 0x59, 0x3A, 0x0E, 0x71, 0x54, 0x72, 0x69, 
    0x63, 0x6B, 0x5F, 0x52, 0x6F, 0x77, 0x6C, 0x65, 0x79, 0x44, 0x61, 0x72, 
    0x6B, 0x53, 0x6C, 0x69, 0x64, 0x65, 0x5F, 0x46, 0x53, 0x5F, 0x31, 0x38, 
    0x30, 0x00, 0x2B, 0x5F, 0xAA, 0x2E, 0xC9, 0x54, 0x72, 0x69, 0x63, 0x6B, 
    0x5F, 0x53, 0x6D, 0x69, 0x74, 0x68, 0x5F, 0x46, 0x53, 0x5F, 0x31, 0x38, 
    0x30, 0x00, 0x2B, 0x6E, 0x1A, 0x87, 0x05, 0x54, 0x72, 0x69, 0x63, 0x6B, 
    0x5F, 0x4D, 0x50, 0x43, 0x47, 0x72, 0x69, 0x6E, 0x64, 0x32, 0x5F, 0x31, 
    0x38, 0x30, 0x84, 0x11, 0x81, 0x86, 0x9A, 0x48, 0x2B, 0x43, 0x69, 0x72, 
    0x63, 0x6C, 0x65, 0x00, 0x2B, 0x8A, 0xDA, 0xC3, 0x06, 0x46, 0x72, 0x6F, 
    0x67, 0x67, 0x79, 0x47, 0x72, 0x69, 0x6E, 0x64, 0x5F, 0x4F, 0x75, 0x74, 
    0x00, 0x2B, 0x98, 0x4A, 0xF6, 0x86, 0x54, 0x72, 0x69, 0x63, 0x6B, 0x5F, 
    0x43, 0x6F, 0x66, 0x66, 0x69, 0x6E, 0x5F, 0x42, 0x53, 0x5F, 0x31, 0x38, 
    0x30, 0x00, 0x2B, 0x9B, 0x6A, 0x02, 0xB7, 0x4D, 0x75, 0x73, 0x6B, 0x61, 
    0x42, 0x65, 0x80, 0xF9, 0x74, 0x7A, 0x00, 0x2B, 0xA4, 0xCA, 0xEE, 0x5D, 
    0x53, 0x70, 0x72, 0x61, 0x79, 0x50, 0x61, 0x69, 0x6E, 0x74, 0x5F, 0x49, 
    0x6E, 0x69, 0x74, 0x00, 0x2B, 0xB2, 0x5A, 0x0C, 0xB0, 0x48, 0x61, 0x80, 
    0xF9, 0x67, 0x54, 0x65, 0x6E, 0x4E, 0x6F, 0x73, 0x65, 0x47, 0x72, 0x69, 
    0x6E, 0x64, 0x5F, 0x52, 0x61, 0x6E, 0x67, 0x65, 0x00, 0x2B, 0xB7, 0xBA, 
    0xAA, 0x89, 0x45, 0x64, 0x64, 0x69, 0x65, 0x47, 0x80, 0x81, 0x69, 0x80, 
    0x05, 0x80, 0x61, 0x72, 0x00, 0x2B, 0xBB, 0x5A, 0x13, 0xD6, 0x42, 0x75, 
    0x74, 0x74, 0x6F, 0x6E, 0x42, 0x00, 0x2B, 0xBF, 0xEA, 0xA9, 0x79, 0x67, 
    0x72, 0x69, 0x6E, 0x64, 0x77, 0x6F, 0x62, 0x62, 0x6C, 0x65, 0x5F, 0x70, 
    0x80, 0x61, 0x81, 0x72, 0x61, 0x6D, 0x73, 0x00, 0x2B, 0xC7, 0x4A, 0x1A, 
    0xDD, 0x46, 0x61, 0x6C, 0x63, 0x6F, 0x6E, 0x53, 0x6C, 0x69, 0x64, 0x65, 
    0x5F, 0x49, 0x6E, 0x69, 0x74, 0x00, 0x2B, 0xE3, 0xBA, 0x2C, 0x11, 0x54, 
    0x72, 0x69, 0x63, 0x6B, 0x5F, 0x43, 0x72, 0x6F, 0x6F, 0x6B, 0x65, 0x64, 
    0x5F, 0x46, 0x53, 0x5F, 0x31, 0x38, 0x30, 0x00, 0x2B, 0xEA, 0x4A, 0xDB, 
    0x23, 0x49, 0x64, 0x6C, 0x65, 0x00, 0x2B, 0xEB, 0x8A, 0x35, 0x4B, 0x52, 
    0x69, 0x67, 0x68, 0x74, 0x00, 0x2B, 0xEC, 0x6A, 0xC8, 0x68, 0x42, 0x6C, 
    0x65, 0x6E, 0x64, 0x70, 0x65, 0x72, 0x69, 0x6F, 0x80, 0x85, 0x4F, 0x75, 
    0x80, 0xCD, 0x00, 0x2B, 0xF0, 0x1A, 0x02, 0xA1, 0x4D, 0x61, 0x64, 0x65, 
    0x4F, 0x74, 0x68, 0x65, 0x72, 0x53, 0x6B, 0x61, 0x74, 0x65, 0x80, 0x41, 
    0x82, 0x42, 0x61, 0x69, 0x6C, 0x00, 0x2B, 0xF1, 0xFA, 0xCF, 0x7B, 0x54, 
    0x72, 0x69, 0x63, 0x6B, 0x5F, 0x43, 0x72, 0x6F, 0x6F, 0x6B, 0x65, 0x64, 
    0x5F, 0x42, 0x53, 0x00, 0x2B, 0xF3, 0xEA, 0x20, 0x38, 0x54, 0x72, 0x69, 
    0x63, 0x6B, 0x5F, 0x4E, 0x6F, 0x73, 0x65, 0x67, 0x72, 0x69, 0x6E, 0x64, 
    0x5F, 0x46, 0x53, 0x00, 0x2B, 0xF7, 0xDA, 0x37, 0x74, 0x42, 0x53, 0x42, 
    0x6F, 0x61, 0x72, 0x64, 0x73, 0x6C, 0x69, 0x64, 0x65, 0x5F, 0x4F, 0x75, 
    0x74, 0x00, 0x2B, 0x01, 0x0B, 0x1A, 0x4F, 0x42, 0x75, 0x74, 0x74, 0x6F, 
    0x6E, 0x41, 0x00, 0x2B, 0x1C, 0x3B, 0x9F, 0xE3, 0x42, 0x61, 0x63, 0x6B, 
    0x77, 0x61, 0x72, 0x64, 0x73, 0x47, 0x72, 0x69, 0x6E, 0x64, 0x00, 0x2B, 
    0x1F, 0x7B, 0x51, 0x92, 0x54, 0x72, 0x80, 0xA5, 0x63, 0x6B, 0x5F, 0x46, 
    0x61, 0x6C, 0x63, 0x6F, 0x6E, 0x53, 0x84, 0xE5, 0x64, 0x65, 0x32, 0x00, 
    0x2B, 0x20, 0x1B, 0xA1, 0xEB, 0x46, 0x6C, 0x69, 0x70, 0x41, 0x66, 0x74, 
    0x65, 0x72, 0x00, 0x2B, 0x20, 0x3B, 0xC3, 0x54, 0x43, 0x6C, 0x80, 0x05, 
    0x81, 0x61, 0x72, 0x54, 0x72, 0x69, 0x63, 0x6B, 0x51, 0x75, 0x65, 0x75, 
    0x65, 0x00, 0x2B, 0x24, 0x3B, 0x3D, 0x19, 0x54, 0x72, 0x69, 0x63, 0x6B, 
    0x5F, 0x42, 0x6F, 0x61, 0x72, 0x64, 0x73, 0x6C, 0x69, 0x64, 0x65, 0x5F, 
    0x42, 0x53, 0x00, 0x2B, 0x27, 0x8B, 0xFA, 0x91, 0x54, 0x72, 0x69, 0x63, 
    0x6B, 0x5F, 0x42, 0x6C, 0x75, 0x6E, 0x74, 0x73, 0x6C, 0x69, 0x64, 0x65, 
    0x5F, 0x42, 0x53, 0x5F, 0x31, 0x38, 0x30, 0x84, 0x75, 0x80, 0x28, 0xFB, 
    0xFE, 0x8F, 0x4F, 0x6C, 0x6C, 0x69, 0x65, 0x64, 0x00, 0x2B, 0x33, 0xEB, 
    0xF9, 0x39, 0x76, 0x65, 0x72, 0x74, 0x5F, 0x61, 0x6D, 0x70, 0x00, 0x2B, 
    0x35, 0x3B, 0xF9, 0x68, 0x4E, 0x6F, 0x72, 0x6D, 0x61, 0x6C, 0x5F, 0x47, 
    0x72, 0x69, 0x6E, 0x64, 0x00, 0x2B, 0x47, 0x4B, 0x16, 0x8D, 0x54, 0x61, 
    0x69, 0x6C, 0x47, 0x72, 0x69, 0x6E, 0x64, 0x46, 0x69, 0x6E, 0x67, 0x65, 
    0x80, 0xA9, 0x46, 0x6C, 0x69, 0x70, 0x00, 0x2B, 0x56, 0x6B, 0x93, 0x27, 
    0x54, 0x84, 0x61, 0x81, 0x63, 0x6B, 0x5F, 0x46, 0x72, 0x6F, 0x67, 0x67, 
    0x79, 0x47, 0x72, 0x69, 0x6E, 0x64, 0x32, 0x5F, 0x31, 0x38, 0x30, 0x00, 
    0x2B, 0x63, 0xCB, 0xE6, 0xFE, 0x48, 0x75, 0x6D, 0x61, 0x6E, 0x44, 0x61, 
    0x72, 0x74, 0x5F, 0x52, 0x61, 0x6E, 0x67, 0x65, 0x00, 0x2B, 0x65, 0xDB, 
    0xB3, 0x6D, 0x54, 0x72, 0x69, 0x63, 0x6B, 0x5F, 0x51, 0x75, 0x69, 0x63, 
    0x6B, 0x44, 0x72, 0x61, 0x77, 0x32, 0x00, 0x2B, 0x65, 0x3B, 0xF0, 0xD3, 
    0x54, 0x72, 0x69, 0x63, 0x6B, 0x5F, 0x44, 0x6F, 0x75, 0x62, 0x6C, 0x65, 
    0x42, 0x6C, 0x75, 0x6E, 0x74, 0x53, 0x6C, 0x69, 0x64, 0x80, 0x29, 0x81, 
    0x32, 0x00, 0x2B, 0x7B, 0x1B, 0x37, 0xBE, 0x42, 0x61, 0x64, 0x4C, 0x65, 
    0x64, 0x67, 0x65, 0x00, 0x2B, 0x84, 0x4B, 0xD4, 0x47, 0x4F, 0x66, 0x66, 
    0x4D, 0x65, 0x74, 0x65, 0x72, 0x42, 0x6F, 0x74, 0x74, 0x6F, 0x6D, 0x00, 
    0x2B, 0x8B, 0x3B, 0x41, 0xA4, 0x53, 0x68, 0x61, 0x6B, 0x65, 0x43, 0x61, 
    0x6D, 0x65, 0x72, 0x61, 0x00, 0x2B, 0x9C, 0x3B, 0x2F, 0x64, 0x57, 0x6F, 
    0x62, 0x62, 0x6C, 0x65, 0x41, 0x6D, 0x70, 0x42, 0x00, 0x2B, 0xA1, 0xEB, 
    0xB8, 0x99, 0x54, 0x80, 0x05, 0x80, 0x69, 0x63, 0x6B, 0x5F, 0x48, 0x75, 
    0x6D, 0x61, 0x6E, 0x44, 0x61, 0x72, 0x74, 0x5F, 0x42, 0x53, 0x00, 0x2B, 
    0xA4, 0x9B, 0x54, 0x98, 0x41, 0x6E, 0x69, 0x6D, 0x00, 0x2B, 0xA6, 0x1B, 
    0x4A, 0xC7, 0x46, 0x61, 0x80, 0x4D, 0x80, 0x63, 0x6F, 0x6E, 0x53, 0x6C, 
    0x69, 0x64, 0x65, 0x5F, 0x49, 0x64, 0x6C, 0x65, 0x00, 0x2B, 0xAA, 0x1B, 
    0x01, 0x65, 0x46, 0x6C, 0x69, 0x70, 0x00, 0x2B, 0xB0, 0x0B, 0x15, 0xC2, 
    0x42, 0x6C, 0x6F, 0x63, 0x6B, 0x73, 0x70, 0x69, 0x6E, 0x00, 0x2B, 0xB0, 
    0x9B, 0xC7, 0xD8, 0x53, 0x65, 0x74, 0x51, 0x75, 0x65, 0x75, 0x65, 0x90, 
    0x5D, 0x82, 0x73, 0x00, 0x2B, 0xB6, 0xDB, 0x42, 0xDC, 0x54, 0x72, 0x69, 
    0x63, 0x6B, 0x5F, 0x4F, 0x6E, 0x65, 0x46, 0x6F, 0x6F, 0x74, 0x53, 0x6D, 
    0x69, 0x74, 0x68, 0x5F, 0x42, 0x53, 0x5F, 0x31, 0x38, 0x30, 0x00, 0x2B, 
    0xBA, 0xFB, 0x11, 0xFE, 0x54, 0x72, 0x69, 0x63, 0x6B, 0x5F, 0x44, 0x61, 
    0x72, 0x6B, 0x73, 0x6C, 0x69, 0x64, 0x65, 0x5F, 0x42, 0x53, 0x00, 0x2B, 
    0xC2, 0xAB, 0xFE, 0x83, 0x46, 0x53, 0x4E, 0x6F, 0x73, 0x65, 0x53, 0x6C, 
    0x69, 0x64, 0x65, 0x4C, 0x69, 0x70, 0x53, 0x6C, 0x69, 0x64, 0x65, 0x00, 
    0x2B, 0xC6, 0xAB, 0xA0, 0xFA, 0x62, 0x75, 0x73, 0x74, 0x65, 0x64, 0x62, 
    0x6F, 0x61, 0x72, 0x64, 0x5F, 0x64, 0x65, 0x74, 0x61, 0x69, 0x6C, 0x73, 
    0x00, 0x2B, 0xCA, 0xDB, 0xB3, 0x62, 0x73, 0x70, 0x65, 0x63, 0x69, 0x61, 
    0x6C, 0x5F, 0x80, 0x35, 0x81, 0x74, 0x65, 0x6D, 0x00, 0x2B, 0xD3, 0x5B, 
    0x85, 0x82, 0x54, 0x72, 0x69, 0x63, 0x6B, 0x5F, 0x53, 0x70, 0x72, 0x61, 
    0x79, 0x50, 0x61, 0x69, 0x6E, 0x74, 0x47, 0x72, 0x69, 0x6E, 0x64, 0x32, 
    0x00, 0x2B, 0xD3, 0xBB, 0xDA, 0x28, 0x53, 0x70, 0x65, 0x63, 0x69, 0x61, 
    0x6C, 0x53, 0x6F, 0x75, 0x6E, 0x64, 0x73, 0x00, 0x2B, 0xD6, 0x0B, 0x1E, 
    0x36, 0x49, 0x6E, 0x69, 0x74, 0x5F, 0x46, 0x53, 0x46, 0x65, 0x65, 0x62, 
    0x6C, 0x65, 0x00, 0x2B, 0xDB, 0x6B, 0x3B, 0x2E, 0x62, 0x69, 0x74, 0x80, 
    0x09, 0x86, 0x68, 0x73, 0x6C, 0x61, 0x70, 0x32, 0x00, 0x2B, 0xE8, 0x2B, 
    0xB8, 0x63, 0x54, 0x72, 0x69, 0x63, 0x6B, 0x5F, 0x35, 0x30, 0x35, 0x30, 
    0x5F, 0x42, 0x53, 0x5F, 0x31, 0x38, 0x30, 0x00, 0x2B, 0xEC, 0x8B, 0x72, 
    0xF8, 0x45, 0x78, 0x00, 0x2B, 0xEC, 0x3B, 0x3D, 0x8E, 0x43, 0x6C, 0x65, 
    0x61, 0x72, 0x4D, 0x61, 0x6E, 0x75, 0x61, 0x6C, 0x54, 0x72, 0x69, 0x63, 
    0x6B, 0x00, 0x2B, 0xF8, 0x5B, 0x22, 0x9F, 0x54, 0x72, 0x69, 0x63, 0x6B, 
    0x5F, 0x35, 0x30, 0x35, 0x30, 0x5F, 0x42, 0x53, 0x00, 0x2B, 0x00, 0x5C, 
    0xA6, 0x91, 0x66, 0x61, 0x6E, 0x64, 0x61, 0x6E, 0x67, 0x6C, 0x65, 0x5F, 
    0x49, 0x6E, 0x69, 0x74, 0x00, 0x2B, 0x00, 0x1C, 0x33, 0xCA, 0x54, 0x72, 
    0x69, 0x63, 0x6B, 0x5F, 0x43, 0x6F, 0x66, 0x66, 0x69, 0x6E, 0x5F, 0x46, 
    0x53, 0x00, 0x2B, 0x07, 0x6C, 0xA1, 0x0A, 0x54, 0x72, 0x69, 0x63, 0x6B, 
    0x5F, 0x4E, 0x6F, 0x73, 0x65, 0x47, 0x72, 0x69, 0x6E, 0x64, 0x5F, 0x46, 
    0x53, 0x5F, 0x31, 0x38, 0x30, 0x00, 0x2B, 0x0C, 0x7C, 0xE3, 0x21, 0x54, 
    0x72, 0x69, 0x63, 0x6B, 0x5F, 0x4C, 0x69, 0x70, 0x73, 0x6C, 0x69, 0x64, 
    0x65, 0x5F, 0x46, 0x53, 0x00, 0x2B, 0x13, 0x1C, 0x15, 0x98, 0x4E, 0x6F, 
    0x73, 0x65, 0x67, 0x72, 0x69, 0x6E, 0x64, 0x50, 0x69, 0x76, 0x6F, 0x74, 
    0x5F, 0x4F, 0x75, 0x74, 0x00, 0x2B, 0x1A, 0x7C, 0x11, 0x82, 0x57, 0x61, 
    0x69, 0x74, 0x00, 0x2B, 0x1B, 0xDC, 0x89, 0x74, 0x54, 0x72, 0x69, 0x63, 
    0x6B, 0x5F, 0x47, 0x72, 0x69, 0x6E, 0x64, 0x4F, 0x76, 0x65, 0x72, 0x74, 
    0x75, 0x80, 0x1D, 0x81, 0x6E, 0x5F, 0x46, 0x53, 0x00, 0x2B, 0x27, 0x6C, 
    0x83, 0xEC, 0x54, 0x72, 0x69, 0x63, 0x6B, 0x5F, 0x48, 0x75, 0x72, 0x72, 
    0x69, 0x63, 0x61, 0x6E, 0x65, 0x5F, 0x42, 0x53, 0x5F, 0x31, 0x38, 0x30, 
    0x00, 0x2B, 0x2A, 0x6C, 0xDC, 0x4A, 0x43, 0x72, 0x6F, 0x75, 0x63, 0x68, 
    0x65, 0x64, 0x00, 0x2B, 0x2F, 0xCC, 0xE3, 0xD4, 0x4D, 0x61, 0x64, 0x65, 
    0x4F, 0x74, 0x68, 0x65, 0x72, 0x53, 0x6B, 0x61, 0x74, 0x65, 0x72, 0x42, 
    0x61, 0x69, 0x6C, 0x5F, 0x80, 0x5D, 0x80, 0x61, 0x6C, 0x6C, 0x65, 0x64, 
    0x00, 0x2B, 0x42, 0x5C, 0xCA, 0x11, 0x43, 0x6C, 0x65, 0x61, 0x72, 0x50, 
    0x61, 0x6E, 0x65, 0x6C, 0x5F, 0x4C, 0x61, 0x6E, 0x64, 0x65, 0x64, 0x00, 
    0x2B, 0x48, 0xCC, 0x7F, 0x1D, 0x47, 0x68, 0x65, 0x74, 0x74, 0x6F, 0x54, 
    0x61, 0x67, 0x47, 0x72, 0x69, 0x6E, 0x64, 0x00, 0x2B, 0x50, 0x2C, 0xE0, 
    0x42, 0x54, 0x72, 0x80, 0x49, 0x80, 0x63, 0x6B, 0x5F, 0x43, 0x72, 0x6F, 
    0x6F, 0x6B, 0x65, 0x64, 0x42, 0x69, 0x67, 0x53, 0x70, 0x69, 0x6E, 0x5F, 
    0x46, 0x53, 0x00, 0x2B, 0x65, 0x0C, 0xDE, 0xD9, 0x46, 0x6C, 0x69, 0x70, 
    0x41, 0x6E, 0x64, 0x52, 0x6F, 0x74, 0x61, 0x74, 0x65, 0x00, 0x2B, 0x6B, 
    0xBC, 0x55, 0x96, 0x49, 0x6E, 0x69, 0x74, 0x5F, 0x42, 0x80, 0x25, 0x81, 
    0x53, 0x6D, 0x69, 0x74, 0x68, 0x00, 0x2B, 0x71, 0xDC, 0x27, 0x76, 0x53, 
    0x65, 0x74, 0x45, 0x78, 0x74, 0x72, 0x61, 0x54, 0x72, 0x69, 0x63, 0x6B, 
    0x73, 0x00, 0x2B, 0x7D, 0xDC, 0x28, 0xB0, 0x46, 0x53, 0x54, 0x61, 0x69, 
    0x6C, 0x73, 0x6C, 0x69, 0x64, 0x65, 0x5F, 0x4F, 0x75, 0x74, 0x00, 0x2B, 
    0x83, 0x9C, 0xE1, 0x5D, 0x57, 0x61, 0x6C, 0x6C, 0x52, 0x69, 0x64, 0x65, 
    0x4C, 0x65, 0x66, 0x74, 0x00, 0x2B, 0x83, 0x2C, 0x07, 0x2D, 0x4E, 0x6F, 
    0x42, 0x6C, 0x80, 0x55, 0x81, 0x6E, 0x64, 0x00, 0x2B, 0x85, 0xAC, 0x6E, 
    0x93, 0x4E, 0x6F, 0x73, 0x65, 0x73, 0x6C, 0x69, 0x64, 0x65, 0x5F, 0x72, 
    0x61, 0x6E, 0x67, 0x65, 0x00, 0x2B, 0x86, 0x8C, 0x24, 0x82, 0x48, 0x75, 
    0x6C, 0x61, 0x48, 0x6F, 0x6F, 0x70, 0x47, 0x72, 0x69, 0x6E, 0x64, 0x5F, 
    0x49, 0x64, 0x6C, 0x65, 0x00, 0x2B, 0x88, 0x1C, 0xDA, 0x10, 0x43, 0x6C, 
    0x65, 0x61, 0x72, 0x45, 0x78, 0x63, 0x65, 0x70, 0x74, 0x69, 0x6F, 0x6E, 
    0x73, 0x00, 0x2B, 0x8F, 0x7C, 0xA8, 0x54, 0x45, 0x78, 0x74, 0x72, 0x61, 
    0x5F, 0x54, 0x61, 0x69, 0x6C, 0x47, 0x72, 0x80, 0xA9, 0x6E, 0x64, 0x73, 
    0x5F, 0x42, 0x53, 0x00, 0x2B, 0x8F, 0x9C, 0xF8, 0x80, 0xA9, 0x45, 0x78, 
    0x74, 0x72, 0x61, 0x5F, 0x46, 0x53, 0x5F, 0x47, 0x72, 0x80, 0xC1, 0x6E, 
    0x64, 0x73, 0x00, 0x2B, 0x94, 0x5C, 0xCF, 0x74, 0x57, 0x61, 0x69, 0x74, 
    0x41, 0x6E, 0x69, 0x6D, 0x84, 0x81, 0x97, 0x80, 0x2D, 0x87, 0x00, 0x58, 
    0x67, 0x72, 0x6F, 0x75, 0x6E, 0x64, 0x00, 0x2B, 0x9C, 0x7C, 0x9B, 0xFB, 
    0x4E, 0x6F, 0x6C, 0x6C, 0x69, 0x65, 0x4F, 0x66, 0x66, 0x00, 0x2B, 0x9E, 
    0xCC, 0x8B, 0x6D, 0x54, 0x72, 0x69, 0x63, 0x6B, 0x5F, 0x46, 0x65, 0x65, 
    0x62, 0x6C, 0x65, 0x5F, 0x46, 0x53, 0x5F, 0x31, 0x38, 0x30, 0x00, 0x2B, 
    0xA0, 0xAC, 0x16, 0x7A, 0x49, 0x73, 0x45, 0x78, 0x74, 0x72, 0x61, 0x00, 
    0x2B, 0xC1, 0x1C, 0x96, 0xC0, 0x54, 0x72, 0x69, 0x63, 0x6B, 0x5F, 0x43, 
    0x61, 0x72, 0x74, 0x57, 0x68, 0x65, 0x65, 0x6C, 0x74, 0x6F, 0x35, 0x30, 
    0x35, 0x30, 0x32, 0x5F, 0x31, 0x38, 0x30, 0x00, 0x2B, 0xC1, 0x9C, 0x77, 
    0xC9, 0x44, 0x72, 0x75, 0x6E, 0x6B, 0x47, 0x72, 0x69, 0x6E, 0x64, 0x5F, 
    0x49, 0x6E, 0x69, 0x74, 0x00, 0x2B, 0xCB, 0x4C, 0x8D, 0x0C, 0x46, 0x61, 
    0x6E, 0x64, 0x61, 0x6E, 0x67, 0x6C, 0x65, 0x5F, 0x4F, 0x75, 0x74, 0x00, 
    0x2B, 0xCB, 0x9C, 0x3B, 0x79, 0x54, 0x72, 0x69, 0x63, 0x6B, 0x5F, 0x4E, 
    0x6F, 0x73, 0x65, 0x62, 0x6C, 0x75, 0x6E, 0x74, 0x73, 0x6C, 0x69, 0x64, 
    0x65, 0x5F, 0x46, 0x53, 0x5F, 0x31, 0x38, 0x30, 0x00, 0x2B, 0xCB, 0x1C, 
    0xB8, 0xCD, 0x47, 0x72, 0x69, 0x6E, 0x64, 0x5F, 0x4B, 0x69, 0x73, 0x73, 
    0x65, 0x64, 0x00, 0x2B, 0xCE, 0x6C, 0xBC, 0x96, 0x54, 0x72, 0x69, 0x63, 
    0x6B, 0x5F, 0x35, 0x5F, 0x30, 0x5F, 0x46, 0x53, 0x00, 0x2B, 0xF0, 0x0C, 
    0x60, 0x9C, 0x54, 0x72, 0x69, 0x63, 0x6B, 0x5F, 0x54, 0x61, 0x69, 0x6C, 
    0x73, 0x6C, 0x69, 0x64, 0x65, 0x5F, 0x46, 0x53, 0x5F, 0x6F, 0x6B, 0x00, 
    0x2B, 0xF3, 0xAC, 0x4A, 0x96, 0x57, 0x6F, 0x62, 0x62, 0x6C, 0x65, 0x4B, 
    0x32, 0x00, 0x2B, 0xF4, 0xCC, 0x7F, 0x94, 0x53, 0x65, 0x74, 0x52, 0x61, 
    0x69, 0x6C, 0x53, 0x6F, 0x75, 0x6E, 0x64, 0x00, 0x2B, 0xF6, 0x6C, 0x14, 
    0x50, 0x54, 0x80, 0xB1, 0x69, 0x63, 0x6B, 0x5F, 0x35, 0x30, 0x46, 0x69, 
    0x6E, 0x67, 0x65, 0x72, 0x66, 0x80, 0x61, 0x80, 0x69, 0x70, 0x32, 0x5F, 
    0x31, 0x38, 0x30, 0x00, 0x2B, 0x04, 0x2D, 0x6C, 0x5C, 0x73, 0x74, 0x61, 
    0x74, 0x65, 0x00, 0x2B, 0x0A, 0xAD, 0x2E, 0x95, 0x54, 0x72, 0x69, 0x63, 
    0x6B, 0x5F, 0x43, 0x72, 0x61, 0x69, 0x6C, 0x53, 0x6C, 0x69, 0x64, 0x65, 
    0x5F, 0x42, 0x53, 0x5F, 0x31, 0x38, 0x30, 0x00, 0x2B, 0x14, 0x7D, 0x2E, 
    0x92, 0x46, 0x72, 0x61, 0x6D, 0x80, 0x29, 0x80, 0x49, 0x73, 0x00, 0x2B, 
    0x1C, 0xBD, 0xDB, 0x94, 0x53, 0x70, 0x65, 0x65, 0x64, 0x4D, 0x75, 0x6C, 
    0x74, 0x00, 0x2B, 0x24, 0x5D, 0xC0, 0x77, 0x54, 0x72, 0x69, 0x63, 0x6B, 
    0x5F, 0x53, 0x6D, 0x69, 0x74, 0x68, 0x5F, 0x46, 0x53, 0x00, 0x2B, 0x3B, 
    0x6D, 0x7B, 0x35, 0x80, 0x81, 0x72, 0x80, 0x39, 0x80, 0x63, 0x6B, 0x5F, 
    0x52, 0x6F, 0x63, 0x6B, 0x65, 0x74, 0x54, 0x61, 0x69, 0x6C, 0x73, 0x6C, 
    0x69, 0x64, 0x65, 0x5F, 0x46, 0x53, 0x5F, 0x31, 0x38, 0x30, 0x00, 0x2B, 
    0x3E, 0xFD, 0xCD, 0xC7, 0x53, 0x70, 0x72, 0x61, 0x79, 0x50, 0x61, 0x69, 
    0x6E, 0x74, 0x5F, 0x52, 0x61, 0x6E, 0x67, 0x65, 0x84, 0x91, 0x3E, 0xFD, 
    0x26, 0x1E, 0x74, 0x8C, 0x05, 0x83, 0x73, 0x00, 0x2B, 0x40, 0x0D, 0x1E, 
    0x5C, 0x54, 0x72, 0x69, 0x63, 0x6B, 0x5F, 0x42, 0x69, 0x67, 0x48, 0x69, 
    0x74, 0x74, 0x65, 0x72, 0x5F, 0x46, 0x53, 0x5F, 0x31, 0x38, 0x30, 0x00, 
    0x2B, 0x49, 0xFD, 0x43, 0x0F, 0x57, 0x6F, 0x62, 0x62, 0x6C, 0x65, 0x4B, 
    0x31, 0x00, 0x2B, 0x4B, 0xCD, 0x0D, 0x7A, 0x41, 0x64, 0x6A, 0x75, 0x73, 
    0x74, 0x42, 0x61, 0x6C, 0x61, 0x6E, 0x63, 0x65, 0x00, 0x2B, 0x5A, 0x9D, 
    0x13, 0x5E, 0x42, 0x69, 0x67, 0x48, 0x69, 0x74, 0x74, 0x65, 0x72, 0x5F, 
    0x6F, 0x75, 0x74, 0x00, 0x2B, 0x5C, 0x8D, 0x2E, 0xF3, 0x44, 0x69, 0x73, 
    0x70, 0x6C, 0x61, 0x79, 0x00, 0x2B, 0x5F, 0x9D, 0x2A, 0x3B, 0x54, 0x72, 
    0x69, 0x63, 0x6B, 0x5F, 0x4E, 0x6F, 0x73, 0x65, 0x73, 0x6C, 0x69, 0x64, 
    0x65, 0x5F, 0x42, 0x53, 0x5F, 0x31, 0x38, 0x30, 0x00, 0x2B, 0x64, 0x3D, 
    0xE6, 0x20, 0x54, 0x72, 0x80, 0xFD, 0x63, 0x6B, 0x5F, 0x43, 0x72, 0x6F, 
    0x6F, 0x6B, 0x65, 0x64, 0x42, 0x69, 0x67, 0x53, 0x70, 0x69, 0x6E, 0x5F, 
    0x42, 0x53, 0x5F, 0x31, 0x38, 0x30, 0x00, 0x2B, 0x71, 0x0D, 0x59, 0x72, 
    0x4E, 0x6F, 0x90, 0x21, 0x80, 0x73, 0x00, 0x2B, 0x75, 0x4D, 0x3C, 0x05, 
    0x54, 0x72, 0x69, 0x63, 0x6B, 0x5F, 0x4E, 0x6F, 0x73, 0x65, 0x53, 0x6C, 
    0x69, 0x64, 0x65, 0x5F, 0x46, 0x53, 0x00, 0x2B, 0x79, 0x1D, 0x71, 0xED, 
    0x42, 0x53, 0x4E, 0x6F, 0x73, 0x65, 0x73, 0x6C, 0x69, 0x64, 0x80, 0x89, 
    0x5F, 0x4F, 0x75, 0x80, 0x2D, 0x81, 0x00, 0x2B, 0x7E, 0x4D, 0x1D, 0xEE, 
    0x52, 0x65, 0x76, 0x65, 0x72, 0x74, 0x73, 0x00, 0x2B, 0x7F, 0x7D, 0x6C, 
    0x48, 0x53, 0x70, 0x72, 0x61, 0x79, 0x50, 0x61, 0x69, 0x6E, 0x74, 0x5F, 
    0x4F, 0x75, 0x74, 0x00, 0x2B, 0x82, 0x3D, 0x9F, 0xFA, 0x54, 0x72, 0x69, 
    0x63, 0x6B, 0x5F, 0x4F, 0x6E, 0x65, 0x46, 0x6F, 0x6F, 0x74, 0x53, 0x6D, 
    0x69, 0x74, 0x68, 0x5F, 0x46, 0x53, 0x00, 0x2B, 0x83, 0xCD, 0x14, 0x34, 
    0x45, 0x78, 0x74, 0x72, 0x61, 0x5F, 0x42, 0x53, 0x5F, 0x47, 0x84, 0x05, 
    0x85, 0x6E, 0x64, 0x73, 0x00, 0x2B, 0x87, 0xED, 0xDD, 0xF7, 0x54, 0x72, 
    0x69, 0x63, 0x6B, 0x5F, 0x54, 0x61, 0x69, 0x6C, 0x73, 0x6C, 0x69, 0x64, 
    0x65, 0x5F, 0x42, 0x53, 0x5F, 0x31, 0x38, 0x30, 0x00, 0x2B, 0x8A, 0x7D, 
    0xDE, 0xE1, 0x54, 0x72, 0x69, 0x63, 0x6B, 0x5F, 0x42, 0x6C, 0x75, 0x6E, 
    0x74, 0x73, 0x6C, 0x69, 0x64, 0x65, 0x5F, 0x42, 0x53, 0x00, 0x2B, 0xA0, 
    0xCD, 0x27, 0xD3, 0x44, 0x72, 0x75, 0x6E, 0x6B, 0x47, 0x72, 0x69, 0x6E, 
    0x64, 0x5F, 0x49, 0x64, 0x6C, 0x65, 0x00, 0x2B, 0xA4, 0x2D, 0xDB, 0x05, 
    0x47, 0x72, 0x69, 0x6E, 0x64, 0x4F, 0x76, 0x65, 0x72, 0x74, 0x75, 0x72, 
    0x6E, 0x5F, 0x52, 0x61, 0x6E, 0x67, 0x65, 0x00, 0x2B, 0xA6, 0xFD, 0x14, 
    0xB9, 0x46, 0x69, 0x66, 0x74, 0x79, 0x46, 0x69, 0x66, 0x74, 0x79, 0x5F, 
    0x52, 0x61, 0x6E, 0x67, 0x65, 0x00, 0x2B, 0xB7, 0x7D, 0x3F, 0x0E, 0x4F, 
    0x75, 0x74, 0x41, 0x6E, 0x69, 0x6D, 0x00, 0x2B, 0xB9, 0x1D, 0x4D, 0xC4, 
    0x54, 0x61, 0x69, 0x6C, 0x62, 0x6C, 0x6F, 0x63, 0x6B, 0x53, 0x6C, 0x69, 
    0x64, 0x65, 0x5F, 0x52, 0x61, 0x6E, 0x67, 0x65, 0x00, 0x2B, 0xBB, 0x8D, 
    0x71, 0x6E, 0x49, 0x6E, 0x69, 0x74, 0x5F, 0x46, 0x69, 0x66, 0x74, 0x79, 
    0x46, 0x69, 0x66, 0x74, 0x79, 0x00, 0x2B, 0xD9, 0x8D, 0x6B, 0xAB, 0x43, 
    0x6C, 0x65, 0x61, 0x80, 0x5D, 0x80, 0x45, 0x78, 0x74, 0x72, 0x61, 0x47, 
    0x72, 0x69, 0x6E, 0x64, 0x54, 0x72, 0x69, 0x63, 0x6B, 0x00, 0x2B, 0xE7, 
    0xDD, 0x74, 0x98, 0x48, 0x75, 0x6C, 0x61, 0x48, 0x6F, 0x6F, 0x70, 0x47, 
    0x72, 0x69, 0x6E, 0x64, 0x5F, 0x49, 0x6E, 0x69, 0x74, 0x00, 0x2B, 0xE8, 
    0x8D, 0x2B, 0xCB, 0x4A, 0x61, 0x6D, 0x69, 0x65, 0x5F, 0x48, 0x65, 0x72, 
    0x6F, 0x53, 0x80, 0x45, 0x80, 0x75, 0x6E, 0x64, 0x73, 0x00, 0x2B, 0xEB, 
    0xBD, 0x91, 0x83, 0x4E, 0x6F, 0x73, 0x65, 0x47, 0x72, 0x69, 0x6E, 0x64, 
    0x5F, 0x52, 0x61, 0x6E, 0x67, 0x65, 0x00, 0x2B, 0xEC, 0x1D, 0xE1, 0xE7, 
    0x45, 0x78, 0x74, 0x72, 0x61, 0x5F, 0x4E, 0x6F, 0x73, 0x65, 0x47, 0x72, 
    0x69, 0x6E, 0x64, 0x73, 0x5F, 0x46, 0x53, 0x84, 0x8D, 0xF3, 0xAD, 0x76, 
    0xC8, 0x84, 0x6D, 0x80, 0x74, 0x61, 0x74, 0x65, 0x00, 0x2B, 0x02, 0x2E, 
    0x8C, 0x4E, 0x52, 0x6F, 0x77, 0x6C, 0x65, 0x79, 0x44, 0x61, 0x72, 0x6B, 
    0x53, 0x6C, 0x69, 0x64, 0x65, 0x5F, 0x52, 0x61, 0x6E, 0x67, 0x65, 0x00, 
    0x2B, 0x09, 0xFE, 0x09, 0xFE, 0x4E, 0x6F, 0x52, 0x65, 0x73, 0x74, 0x61, 
    0x72, 0x74, 0x00, 0x2B, 0x0C, 0x6E, 0x70, 0xC2, 0x53, 0x6D, 0x69, 0x74, 
    0x68, 0x5F, 0x49, 0x6E, 0x80, 0xB9, 0x74, 0x00, 0x2B, 0x0D, 0x1E, 0xA7, 
    0xD0, 0x46, 0x61, 0x6C, 0x6C, 0x69, 0x6E, 0x67, 0x52, 0x80, 0x61, 0x81, 
    0x67, 0x68, 0x74, 0x00, 0x2B, 0x11, 0x2E, 0x30, 0x91, 0x54, 0x72, 0x69, 
    0x63, 0x6B, 0x5F, 0x4E, 0x6F, 0x73, 0x65, 0x47, 0x72, 0x69, 0x6E, 0x64, 
    0x5F, 0x42, 0x53, 0x5F, 0x31, 0x38, 0x30, 0x00, 0x2B, 0x20, 0xFE, 0x51, 
    0x7D, 0x54, 0x72, 0x69, 0x63, 0x6B, 0x5F, 0x42, 0x6F, 0x61, 0x72, 0x64, 
    0x73, 0x6C, 0x69, 0x64, 0x65, 0x5F, 0x46, 0x53, 0x00, 0x2B, 0x23, 0x2E, 
    0xB2, 0xD3, 0x54, 0x72, 0x69, 0x63, 0x6B, 0x5F, 0x52, 0x6F, 0x63, 0x6B, 
    0x4F, 0x75, 0x74, 0x47, 0x72, 0x69, 0x6E, 0x64, 0x32, 0x00, 0x2B, 0x24, 
    0x0E, 0xF1, 0x47, 0x48, 0x75, 0x80, 0xE1, 0x61, 0x68, 0x6F, 0x6F, 0x70, 
    0x5F, 0x64, 0x65, 0x74, 0x61, 0x69, 0x6C, 0x73, 0x00, 0x2B, 0x29, 0x4E, 
    0x62, 0xD6, 0x53, 0x63, 0x72, 0x65, 0x65, 0x6E, 0x80, 0x81, 0x68, 0x80, 
    0xD1, 0x6B, 0x65, 0x00, 0x2B, 0x30, 0x2E, 0x79, 0x7C, 0x46, 0x53, 0x53, 
    0x61, 0x6C, 0x61, 0x64, 0x47, 0x72, 0x69, 0x6E, 0x64, 0x5F, 0x80, 0x1D, 
    0x80, 0x61, 0x6E, 0x67, 0x65, 0x00, 0x2B, 0x31, 0x2E, 0x12, 0x77, 0x54, 
    0x72, 0x69, 0x63, 0x6B, 0x5F, 0x48, 0x75, 0x72, 0x72, 0x69, 0x63, 0x61, 
    0x6E, 0x65, 0x5F, 0x46, 0x53, 0x5F, 0x31, 0x38, 0x30, 0x00, 0x2B, 0x39, 
    0x5E, 0x5E, 0x91, 0x53, 0x6B, 0x80, 0xD5, 0x74, 0x65, 0x72, 0x43, 0x6F, 
    0x6C, 0x6C, 0x69, 0x64, 0x65, 0x42, 0x61, 0x69, 0x6C, 0x00, 0x2B, 0x45, 
    0xCE, 0xAF, 0xD3, 0x48, 0x61, 0x80, 0x4D, 0x81, 0x67, 0x54, 0x65, 0x6E, 
    0x4E, 0x6F, 0x73, 0x65, 0x47, 0x72, 0x69, 0x6E, 0x64, 0x5F, 0x4F, 0x75, 
    0x74, 0x00, 0x2B, 0x4C, 0x5E, 0xDF, 0x64, 0x57, 0x61, 0x69, 0x74, 0x41, 
    0x6E, 0x69, 0x6D, 0x57, 0x68, 0x69, 0x6C, 0x73, 0x74, 0x43, 0x68, 0x65, 
    0x63, 0x6B, 0x69, 0x6E, 0x67, 0x00, 0x2B, 0x57, 0x4E, 0xCE, 0x73, 0x46, 
    0x61, 0x6C, 0x6C, 0x69, 0x6E, 0x67, 0x4C, 0x65, 0x66, 0x74, 0x00, 0x2B, 
    0x5E, 0x0E, 0xF8, 0x42, 0x43, 0x68, 0x65, 0x63, 0x6B, 0x47, 0x61, 0x70, 
    0x54, 0x72, 0x69, 0x63, 0x6B, 0x73, 0x00, 0x2B, 0x80, 0xC9, 0xBE, 0xE9, 
    0x25, 0x46, 0x65, 0x72, 0x72, 0x65, 0x74, 0x5F, 0x49, 0x64, 0x6C, 0x65, 
    0x00, 0x2B, 0x6C, 0x2E, 0x79, 0x80, 0x8D, 0x43, 0x79, 0x63, 0x6C, 0x80, 
    0x99, 0x00, 0x2B, 0x7B, 0x9E, 0x0C, 0x2C, 0x4F, 0x80, 0x75, 0x81, 0x45, 
    0x78, 0x63, 0x65, 0x70, 0x74, 0x69, 0x6F, 0x6E, 0x52, 0x75, 0x6E, 0x00, 
    0x2B, 0x82, 0x0E, 0x1B, 0x47, 0x49, 0x6E, 0x69, 0x74, 0x5F, 0x46, 0x53, 
    0x4E, 0x6F, 0x73, 0x65, 0x73, 0x6C, 0x69, 0x64, 0x65, 0x00, 0x2B, 0x88, 
    0x8E, 0x5D, 0x0B, 0x44, 0x61, 0x72, 0x6B, 0x73, 0x6C, 0x69, 0x64, 0x65, 
    0x5F, 0x52, 0x61, 0x6E, 0x67, 0x65, 0x00, 0x2B, 0x88, 0x8E, 0x1A, 0xF6, 
    0x54, 0x72, 0x69, 0x63, 0x6B, 0x5F, 0x46, 0x65, 0x65, 0x62, 0x6C, 0x65, 
    0x5F, 0x42, 0x53, 0x5F, 0x31, 0x38, 0x30, 0x00, 0x2B, 0x9F, 0x6E, 0xB5, 
    0xD7, 0x46, 0x6C, 0x69, 0x70, 0x41, 0x66, 0x74, 0x65, 0x80, 0xA9, 0x49, 
    0x6E, 0x69, 0x74, 0x00, 0x2B, 0xA5, 0x2E, 0xD4, 0xFD, 0x54, 0x80, 0x11, 
    0x80, 0x69, 0x63, 0x6B, 0x5F, 0x48, 0x75, 0x6D, 0x61, 0x6E, 0x44, 0x61, 
    0x72, 0x74, 0x5F, 0x46, 0x53, 0x00, 0x2B, 0xB3, 0xFE, 0x6C, 0x94, 0x43, 
    0x6F, 0x66, 0x66, 0x69, 0x6E, 0x47, 0x72, 0x69, 0x6E, 0x64, 0x5F, 0x52, 
    0x61, 0x6E, 0x80, 0x41, 0x83, 0x65, 0x00, 0x2B, 0xB6, 0x9E, 0x3A, 0x19, 
    0x4E, 0x6F, 0x73, 0x65, 0x67, 0x72, 0x69, 0x6E, 0x64, 0x50, 0x69, 0x76, 
    0x6F, 0x74, 0x5F, 0x49, 0x6E, 0x69, 0x74, 0x00, 0x2B, 0xBE, 0x3E, 0x7D, 
    0x9A, 0x54, 0x72, 0x69, 0x63, 0x6B, 0x5F, 0x44, 0x61, 0x72, 0x6B, 0x73, 
    0x6C, 0x69, 0x64, 0x65, 0x5F, 0x46, 0x53, 0x00, 0x2B, 0xBE, 0xCE, 0xE3, 
    0x30, 0x42, 0x53, 0x42, 0x6C, 0x75, 0x6E, 0x74, 0x53, 0x6C, 0x69, 0x64, 
    0x65, 0x5F, 0x72, 0x61, 0x6E, 0x67, 0x65, 0x00, 0x2B, 0xC6, 0xFE, 0x01, 
    0x57, 0x52, 0x6F, 0x63, 0x6B, 0x4F, 0x75, 0x74, 0x47, 0x72, 0x69, 0x6E, 
    0x64, 0x5F, 0x49, 0x64, 0x6C, 0x65, 0x00, 0x2B, 0xCE, 0x1E, 0xB1, 0x11, 
    0x53, 0x6D, 0x69, 0x74, 0x68, 0x46, 0x53, 0x5F, 0x52, 0x61, 0x6E, 0x67, 
    0x65, 0x00, 0x2B, 0xD3, 0x1E, 0x15, 0x5A, 0x6D, 0x6F, 0x76, 0x65, 0x79, 
    0x00, 0x2B, 0xD6, 0x1E, 0x8A, 0xD4, 0x45, 0x6C, 0x62, 0x6F, 0x77, 0x53, 
    0x6D, 0x61, 0x73, 0x68, 0x5F, 0x49, 0x80, 0xD9, 0x69, 0x74, 0x00, 0x2B, 
    0xD7, 0x4E, 0x14, 0x8C, 0x47, 0x72, 0x69, 0x6E, 0x64, 0x5F, 0x53, 0x63, 
    0x72, 0x65, 0x65, 0x6E, 0x53, 0x68, 0x61, 0x80, 0x11, 0x84, 0x65, 0x00, 
    0x2B, 0xDD, 0xDE, 0xAA, 0xE2, 0x54, 0x72, 0x69, 0x63, 0x6B, 0x5F, 0x4E, 
    0x6F, 0x73, 0x65, 0x62, 0x6C, 0x75, 0x6E, 0x74, 0x73, 0x6C, 0x69, 0x64, 
    0x65, 0x5F, 0x42, 0x53, 0x5F, 0x31, 0x38, 0x30, 0x00, 0x2B, 0xE1, 0x0E, 
    0x26, 0xD7, 0x4A, 0x61, 0x6E, 0x67, 0x6F, 0x51, 0x75, 0x69, 0x63, 0x6B, 
    0x44, 0x72, 0x61, 0x77, 0x5F, 0x49, 0x6E, 0x69, 0x74, 0x00, 0x2B, 0xEA, 
    0x0E, 0xAE, 0x48, 0x6D, 0x61, 0x75, 0x6C, 0x00, 0x2B, 0xF4, 0xAE, 0x50, 
    0x87, 0x49, 0x6E, 0x69, 0x74, 0x5F, 0x54, 0x61, 0x69, 0x6C, 0x67, 0x72, 
    0x69, 0x6E, 0x64, 0x00, 0x2B, 0xF7, 0x5E, 0xE4, 0xDC, 0x54, 0x72, 0x69, 
    0x63, 0x6B, 0x5F, 0x4E, 0x47, 0x43, 0x52, 0x6F, 0x6F, 0x6B, 0x5F, 0x46, 
    0x53, 0x5F, 0x72, 0x6F, 0x74, 0x00, 0x2B, 0xFC, 0x9E, 0x4E, 0xFB, 0x54, 
    0x72, 0x69, 0x63, 0x6B, 0x5F, 0x35, 0x30, 0x35, 0x30, 0x5F, 0x46, 0x53, 
    0x00, 0x2B, 0xFD, 0x3E, 0x4C, 0x8A, 0x46, 0x6C, 0x69, 0x70, 0x4B, 0x69, 
    0x63, 0x6B, 0x44, 0x00, 0x2B, 0x05, 0xEF, 0xB9, 0x3F, 0x46, 0x65, 0x72, 
    0x72, 0x65, 0x74, 0x5F, 0x49, 0x6E, 0x69, 0x80, 0x5D, 0x80, 0x00, 0x2B, 
    0x0A, 0x5F, 0x8A, 0xDF, 0x56, 0x69, 0x62, 0x72, 0x61, 0x74, 0x65, 0x00, 
    0x2B, 0x10, 0x8F, 0xEA, 0xBA, 0x50, 0x72, 0x6F, 0x66, 0x69, 0x6C, 0x65, 
    0x45, 0x71, 0x75, 0x61, 0x6C, 0x73, 0x00, 0x2B, 0x1C, 0xEF, 0xBF, 0x0E, 
    0x54, 0x72, 0x69, 0x63, 0x6B, 0x5F, 0x43, 0x72, 0x61, 0x69, 0x6C, 0x53, 
    0x6C, 0x69, 0x64, 0x65, 0x5F, 0x46, 0x80, 0x21, 0x81, 0x5F, 0x31, 0x38, 
    0x30, 0x00, 0x2B, 0x21, 0xBF, 0xC0, 0xA9, 0x42, 0x53, 0x4E, 0x6F, 0x73, 
    0x65, 0x62, 0x6C, 0x75, 0x6E, 0x74, 0x5F, 0x72, 0x61, 0x6E, 0x67, 0x65, 
    0x00, 0x2B, 0x25, 0x8F, 0xD5, 0x09, 0x44, 0x6F, 0x4E, 0x65, 0x78, 0x74, 
    0x54, 0x72, 0x69, 0x63, 0x6B, 0x00, 0x2B, 0x26, 0xDF, 0x38, 0x6F, 0x43, 
    0x6F, 0x66, 0x66, 0x69, 0x6E, 0x47, 0x72, 0x69, 0x6E, 0x64, 0x5F, 0x4F, 
    0x75, 0x74, 0x00, 0x2B, 0x28, 0x8F, 0x58, 0x00, 0x49, 0x6E, 0x80, 0xA5, 
    0x74, 0x5F, 0x46, 0x53, 0x42, 0x6C, 0x75, 0x6E, 0x74, 0x53, 0x80, 0x85, 
    0x69, 0x64, 0x88, 0xBD, 0x2C, 0xEF, 0x7B, 0xDE, 0x4E, 0x6F, 0x6C, 0x6C, 
    0x69, 0x65, 0x00, 0x2B, 0x2D, 0x2F, 0xEA, 0xAE, 0x80, 0x81, 0x72, 0x80, 
    0x59, 0x80, 0x63, 0x6B, 0x5F, 0x52, 0x6F, 0x63, 0x6B, 0x65, 0x74, 0x54, 
    0x61, 0x69, 0x6C, 0x73, 0x6C, 0x69, 0x64, 0x65, 0x5F, 0x42, 0x53, 0x5F, 
    0x31, 0x38, 0x30, 0x00, 0x2B, 0x3C, 0x3F, 0x42, 0x85, 0x46, 0x65, 0x72, 
    0x72, 0x65, 0x74, 0x46, 0x69, 0x67, 0x68, 0x74, 0x00, 0x2B, 0x3F, 0x7F, 
    0xA0, 0x79, 0x44, 0x75, 0x72, 0x61, 0x74, 0x69, 0x6F, 0x80, 0x1D, 0x83, 
    0x00, 0x2B, 0x46, 0xEF, 0xED, 0xE3, 0x54, 0x75, 0x72, 0x6E, 0x4F, 0x6E, 
    0x53, 0x70, 0x65, 0x63, 0x69, 0x61, 0x6C, 0x49, 0x74, 0x65, 0x6D, 0x00, 
    0x2B, 0x49, 0xDF, 0xBB, 0xA0, 0x54, 0x72, 0x69, 0x63, 0x6B, 0x5F, 0x4E, 
    0x6F, 0x73, 0x65, 0x73, 0x6C, 0x69, 0x64, 0x65, 0x5F, 0x46, 0x53, 0x5F, 
    0x31, 0x38, 0x30, 0x00, 0x2B, 0x56, 0x4F, 0x8F, 0xC7, 0x54, 0x72, 0x69, 
    0x63, 0x6B, 0x5F, 0x42, 0x69, 0x67, 0x48, 0x69, 0x74, 0x74, 0x65, 0x72, 
    0x5F, 0x42, 0x53, 0x5F, 0x31, 0x38, 0x30, 0x00, 0x2B, 0x5C, 0xAF, 0x9C, 
    0xA0, 0x54, 0x72, 0x69, 0x63, 0x6B, 0x5F, 0x48, 0x75, 0x6C, 0x61, 0x48, 
    0x6F, 0x6F, 0x70, 0x32, 0x00, 0x2B, 0x62, 0x8F, 0x1D, 0x0C, 0x42, 0x53, 
    0x48, 0x75, 0x72, 0x72, 0x69, 0x63, 0x61, 0x6E, 0x65, 0x47, 0x72, 0x69, 
    0x6E, 0x64, 0x5F, 0x4F, 0x75, 0x74, 0x00, 0x2B, 0x64, 0x0F, 0xB6, 0xEB, 
    0x69, 0x6E, 0x69, 0x74, 0x80, 0xAD, 0x6E, 0x69, 0x6D, 0x00, 0x2B, 0x69, 
    0x3F, 0xE9, 0x63, 0x42, 0x6F, 0x61, 0x80, 0xA1, 0x64, 0x52, 0x6F, 0x74, 
    0x61, 0x74, 0x65, 0x41, 0x66, 0x80, 0xF5, 0x65, 0x72, 0x00, 0x2B, 0x6D, 
    0x8F, 0x95, 0xA9, 0x70, 0x69, 0x73, 0x74, 0x6F, 0x6C, 0x5F, 0x64, 0x65, 
    0x74, 0x61, 0x69, 0x6C, 0x73, 0x00, 0x2B, 0x72, 0x7F, 0x77, 0xBB, 0x54, 
    0x72, 0x80, 0x11, 0x82, 0x63, 0x6B, 0x5F, 0x43, 0x72, 0x6F, 0x6F, 0x6B, 
    0x65, 0x64, 0x42, 0x69, 0x67, 0x53, 0x70, 0x69, 0x6E, 0x5F, 0x46, 0x53, 
    0x5F, 0x31, 0x38, 0x30, 0x00, 0x2B, 0x7A, 0xBF, 0x0D, 0x70, 0x54, 0x72, 
    0x69, 0x63, 0x6B, 0x5F, 0x46, 0x6C, 0x69, 0x70, 0x4B, 0x69, 0x63, 0x6B, 
    0x44, 0x61, 0x64, 0x32, 0x5F, 0x31, 0x38, 0x30, 0x00, 0x2B, 0x80, 0x5F, 
    0x76, 0xCD, 0x4A, 0x61, 0x6E, 0x67, 0x6F, 0x51, 0x75, 0x69, 0x63, 0x6B, 
    0x44, 0x72, 0x61, 0x77, 0x5F, 0x49, 0x64, 0x6C, 0x65, 0x00, 0x2B, 0x84, 
    0xDF, 0xFA, 0x24, 0x47, 0x68, 0x65, 0x74, 0x74, 0x6F, 0x42, 0x6C, 0x61, 
    0x73, 0x74, 0x69, 0x6E, 0x00, 0x2B, 0x91, 0xAF, 0x4C, 0x80, 0x29, 0x82, 
    0x54, 0x72, 0x69, 0x63, 0x6B, 0x5F, 0x54, 0x61, 0x69, 0x6C, 0x73, 0x6C, 
    0x69, 0x64, 0x65, 0x5F, 0x46, 0x53, 0x5F, 0x31, 0x38, 0x30, 0x00, 0x2B, 
    0x93, 0x2F, 0xDB, 0xE7, 0x49, 0x6E, 0x69, 0x74, 0x5F, 0x4E, 0x6F, 0x73, 
    0x65, 0x73, 0x6C, 0x69, 0x64, 0x65, 0x00, 0x2B, 0x96, 0xBF, 0x8E, 0x94, 
    0x53, 0x65, 0x74, 0x53, 0x74, 0x61, 0x74, 0x65, 0x00, 0x2B, 0xA1, 0xAF, 
    0x6D, 0x8E, 0x54, 0x72, 0x69, 0x63, 0x6B, 0x5F, 0x44, 0x61, 0x66, 0x66, 
    0x79, 0x42, 0x72, 0x6F, 0x6B, 0x65, 0x6E, 0x47, 0x72, 0x69, 0x6E, 0x64, 
    0x32, 0x00, 0x2B, 0xA7, 0xAF, 0x51, 0x4D, 0x52, 0x6F, 0x63, 0x6B, 0x4F, 
    0x75, 0x74, 0x47, 0x72, 0x69, 0x6E, 0x64, 0x5F, 0x49, 0x6E, 0x69, 0x80, 
    0x49, 0x80, 0x00, 0x2B, 0xAE, 0x1F, 0x1C, 0x89, 0x48, 0x61, 0x6E, 0x64, 
    0x73, 0x74, 0x61, 0x6E, 0x64, 0x35, 0x30, 0x35, 0x30, 0x47, 0x72, 0x69, 
    0x6E, 0x64, 0x5F, 0x49, 0x6E, 0x69, 0x74, 0x00, 0x2B, 0xB3, 0x7F, 0x3E, 
    0x62, 0x52, 0x6F, 0x77, 0x6C, 0x65, 0x79, 0x44, 0x61, 0x72, 0x6B, 0x53, 
    0x6C, 0x69, 0x64, 0x65, 0x5F, 0x80, 0xA1, 0x75, 0x74, 0x00, 0x2B, 0xB7, 
    0x4F, 0xDA, 0xCE, 0x45, 0x80, 0x1D, 0x80, 0x62, 0x6F, 0x77, 0x53, 0x6D, 
    0x61, 0x73, 0x68, 0x5F, 0x49, 0x64, 0x6C, 0x65, 0x00, 0x2B, 0xC6, 0x7F, 
    0x49, 0x9E, 0x50, 0x65, 0x72, 0x63, 0x65, 0x6E, 0x74, 0x00, 0x2B, 0xCF, 
    0xEF, 0x1F, 0x90, 0x53, 0x65, 0x74, 0x45, 0x78, 0x63, 0x65, 0x70, 0x80, 
    0xC9, 0x69, 0x6F, 0x6E, 0x00, 0x2B, 0xD2, 0x8F, 0x3A, 0xCB, 0x53, 0x65, 
    0x74, 0x54, 0x72, 0x69, 0x63, 0x6B, 0x53, 0x63, 0x80, 0x19, 0x81, 0x72, 
    0x65, 0x00, 0x2B, 0xE6, 0xEF, 0x93, 0xFF, 0x45, 0x6C, 0x62, 0x6F, 0x77, 
    0x73, 0x6D, 0x61, 0x73, 0x68, 0x5F, 0x6F, 0x75, 0x74, 0x00, 0x2B, 0xF5, 
    0x3F, 0xA3, 0x1F, 0x54, 0x72, 0x69, 0x63, 0x6B, 0x5F, 0x43, 0x72, 0x6F, 
    0x6F, 0x6B, 0x65, 0x64, 0x5F, 0x46, 0x53, 0x00, 0x2B, 0xF7, 0x2F, 0x4C, 
    0x5C, 0x54, 0x72, 0x69, 0x63, 0x6B, 0x5F, 0x4E, 0x6F, 0x73, 0x65, 0x67, 
    0x72, 0x69, 0x6E, 0x64, 0x5F, 0x42, 0x53, 0x00, 0x2B, 0xF9, 0x80, 0x89, 
    0x7B, 0xD7, 0x4F, 0xAD, 0x66, 0x66, 0x4D, 0x65, 0x74, 0x65, 0x72, 0x54, 
    0x6F, 0x70, 0x00, 0x00, 0x54, 0xC3, 0x90, 0xC7, 0x31, 0x05, 0x74, 0xBE, 
    0x0D, 0x94, 0x79, 0x8C
};
INCBIN_CONST INCBIN_ALIGN unsigned char *const gGrindScriptsPs2ToPcBothEnd = gGrindScriptsPs2ToPcBothData + sizeof(gGrindScriptsPs2ToPcBothData);
INCBIN_CONST unsigned int gGrindScriptsPs2ToPcBothSize = sizeof(gGrindScriptsPs2ToPcBothData);
/* INCBIN(GrindScriptsPs2ToPcL1R1Either, "patches/grindscripts_ps2topc_l1r1_either.bps"); */
INCBIN_CONST INCBIN_ALIGN unsigned char gGrindScriptsPs2ToPcL1R1EitherData[] = {
    0x42, 0x50, 0x53, 0x31, 0x58, 0x27, 0x81, 0x58, 0x27, 0x81, 0x80, 0x30, 
    0xA3, 0x8D, 0x65, 0x87, 0x47, 0x7B, 0x70, 0xC9, 0x8D, 0x91, 0xC9, 0xB0, 
    0x26, 0x3C, 0x80, 0x81, 0x08, 0x0C, 0x80, 0x8D, 0x4E, 0xF6, 0xF1, 0xF2, 
    0x64, 0xB2, 0x8D, 0x14, 0x00, 0x22, 0x82, 0x1C, 0x8B, 0x8D, 0x14, 0x00, 
    0x22, 0x82, 0x54, 0x81, 0x8D, 0x14, 0x00, 0x22, 0x82, 0x7C, 0x10, 0x84, 
    0x8D, 0x14, 0x00, 0x22, 0x82, 0x10, 0x5A, 0x81, 0x54, 0xC3, 0x90, 0xC7, 
    0xD5, 0xA3, 0xEF, 0xCD, 0x5D, 0x2C, 0xD6, 0x87
};
INCBIN_CONST INCBIN_ALIGN unsigned char *const gGrindScriptsPs2ToPcL1R1EitherEnd = gGrindScriptsPs2ToPcL1R1EitherData + sizeof(gGrindScriptsPs2ToPcL1R1EitherData);
INCBIN_CONST unsigned int gGrindScriptsPs2ToPcL1R1EitherSize = sizeof(gGrindScriptsPs2ToPcL1R1EitherData);
/* INCBIN(GrindScriptsPs2ToPcL1Only, "patches/grindscripts_ps2topc_l1_only.bps"); */
INCBIN_CONST INCBIN_ALIGN unsigned char gGrindScriptsPs2ToPcL1OnlyData[] = {
    0x42, 0x50, 0x53, 0x31, 0x58, 0x27, 0x81, 0x58, 0x27, 0x81, 0x80, 0x30, 
    0xA3, 0x8D, 0x65, 0x87, 0x47, 0x7B, 0x70, 0xC9, 0x8D, 0x91, 0xC9, 0xB0, 
    0x26, 0x3C, 0x80, 0x81, 0x08, 0x0C, 0x80, 0x8D, 0x91, 0xC9, 0xB0, 0x26, 
    0xE4, 0x8D, 0x57, 0x4E, 0xCE, 0x73, 0xAC, 0x8D, 0x65, 0x87, 0x47, 0x7B, 
    0x84, 0x8D, 0x08, 0x00, 0x00, 0x00, 0x14, 0xB1, 0x8D, 0x14, 0x00, 0x22, 
    0x82, 0x1C, 0x8B, 0x8D, 0x14, 0x00, 0x22, 0x82, 0x54, 0x81, 0x8D, 0x14, 
    0x00, 0x22, 0x82, 0x7C, 0x10, 0x84, 0x8D, 0x14, 0x00, 0x22, 0x82, 0x10, 
    0x5A, 0x81, 0x54, 0xC3, 0x90, 0xC7, 0xD4, 0x85, 0x5B, 0x2D, 0xFE, 0x22, 
    0xB4, 0xCB
};
INCBIN_CONST INCBIN_ALIGN unsigned char *const gGrindScriptsPs2ToPcL1OnlyEnd = gGrindScriptsPs2ToPcL1OnlyData + sizeof(gGrindScriptsPs2ToPcL1OnlyData);
INCBIN_CONST unsigned int gGrindScriptsPs2ToPcL1OnlySize = sizeof(gGrindScriptsPs2ToPcL1OnlyData);
/* INCBIN(GrindScriptsPs2ToPcR1Only, "patches/grindscripts_ps2topc_r1_only.bps"); */
INCBIN_CONST INCBIN_ALIGN unsigned char gGrindScriptsPs2ToPcR1OnlyData[] = {
    0x42, 0x50, 0x53, 0x31, 0x58, 0x27, 0x81, 0x58, 0x27, 0x81, 0x80, 0x30, 
    0xA3, 0x8D, 0x65, 0x87, 0x47, 0x7B, 0x70, 0xC9, 0x8D, 0x4E, 0xF6, 0xF1, 
    0xF2, 0xE4, 0x8D, 0x0D, 0x1E, 0xA7, 0xD0, 0xAC, 0x8D, 0x44, 0xC6, 0x78, 
    0x18, 0x84, 0x8D, 0xFB, 0xFF, 0xFF, 0xFF, 0x00, 0x80, 0x8D, 0x4E, 0xF6, 
    0xF1, 0xF2, 0x64, 0xB2, 0x8D, 0x14, 0x00, 0x22, 0x82, 0x1C, 0x8B, 0x8D, 
    0x14, 0x00, 0x22, 0x82, 0x54, 0x81, 0x8D, 0x14, 0x00, 0x22, 0x82, 0x7C, 
    0x10, 0x84, 0x8D, 0x14, 0x00, 0x22, 0x82, 0x10, 0x5A, 0x81, 0x54, 0xC3, 
    0x90, 0xC7, 0x59, 0xD9, 0xAA, 0xF1, 0x27, 0x40, 0xAD, 0x78
};
INCBIN_CONST INCBIN_ALIGN unsigned char *const gGrindScriptsPs2ToPcR1OnlyEnd = gGrindScriptsPs2ToPcR1OnlyData + sizeof(gGrindScriptsPs2ToPcR1OnlyData);
INCBIN_CONST unsigned int gGrindScriptsPs2ToPcR1OnlySize = sizeof(gGrindScriptsPs2ToPcR1OnlyData);
/* INCBIN(GrindScriptsPs2ToPcBothL1R1, "patches/grindscripts_ps2topc_both_l1r1.bps"); */
INCBIN_CONST INCBIN_ALIGN unsigned char gGrindScriptsPs2ToPcBothL1R1Data[] = {
    0x42, 0x50, 0x53, 0x31, 0x58, 0x27, 0x81, 0x64, 0x27, 0x81, 0x80, 0x30, 
    0xA3, 0x8D, 0x65, 0x87, 0x47, 0x7B, 0x58, 0xC9, 0x8D, 0x18, 0x23, 0x48, 
    0x7D, 0x84, 0x8D, 0x91, 0xC9, 0xB0, 0x26, 0x80, 0xAD, 0x16, 0x4E, 0xF6, 
    0xF1, 0xF2, 0x09, 0x17, 0x64, 0x00, 0x00, 0x00, 0x04, 0x80, 0xCD, 0x90, 
    0xD8, 0xD2, 0xA6, 0x07, 0x16, 0xCA, 0x28, 0xE5, 0x90, 0x16, 0x0C, 0xF1, 
    0x31, 0x70, 0x07, 0x03, 0x16, 0x0D, 0x1E, 0x80, 0x81, 0xD0, 0x80, 0xF5, 
    0x42, 0x44, 0xE2, 0xA7, 0x07, 0x16, 0xF7, 0x89, 0x3C, 0xCF, 0x16, 0x44, 
    0xC6, 0x78, 0x18, 0x07, 0x17, 0xFB, 0xFF, 0xFF, 0xFF, 0x16, 0xD3, 0x1E, 
    0x15, 0x5A, 0x07, 0x17, 0x05, 0x00, 0x84, 0xB9, 0x04, 0x04, 0x02, 0xE7, 
    0x00, 0x00, 0x00, 0x03, 0x16, 0xA2, 0xF0, 0x94, 0xE5, 0x07, 0x03, 0x80, 
    0x8D, 0x18, 0x23, 0x48, 0x7D, 0x80, 0x95, 0x16, 0x4E, 0xF6, 0xF1, 0xF2, 
    0x09, 0x80, 0xC1, 0x91, 0xC9, 0xB0, 0x26, 0x09, 0x17, 0x64, 0x00, 0x00, 
    0x00, 0x04, 0x16, 0x90, 0xD8, 0xD2, 0xA6, 0x07, 0x80, 0x8D, 0xCA, 0x28, 
    0xE5, 0x90, 0x80, 0x8D, 0x0C, 0xF1, 0x31, 0x70, 0x80, 0x11, 0x80, 0x03, 
    0x16, 0x0D, 0x1E, 0xA7, 0xD0, 0x16, 0x42, 0x44, 0xE2, 0xA7, 0x07, 0x16, 
    0xF7, 0x89, 0x3C, 0xCF, 0x16, 0x44, 0xC6, 0x78, 0x18, 0x07, 0x17, 0xFB, 
    0xFF, 0xFF, 0xFF, 0x16, 0xD3, 0x1E, 0x15, 0x5A, 0x07, 0x17, 0x05, 0x00, 
    0x84, 0xE9, 0x04, 0x04, 0x02, 0xE8, 0x00, 0x00, 0x00, 0x06, 0x02, 0xE9, 
    0x00, 0x00, 0x00, 0x23, 0x16, 0x6F, 0xD8, 0x5E, 0x25, 0x16, 0x60, 0x97, 
    0x73, 0x64, 0x07, 0x17, 0x07, 0x84, 0xB5, 0x00, 0x16, 0xDF, 0x41, 0xC3, 
    0xEC, 0x07, 0x17, 0x00, 0x00, 0x00, 0x00, 0x02, 0xF8, 0x80, 0xD9, 0x00, 
    0x00, 0x16, 0x51, 0x32, 0x81, 0xD5, 0x02, 0xF9, 0x00, 0x00, 0x00, 0x16, 
    0xEB, 0x79, 0x80, 0xA5, 0x16, 0x04, 0x2D, 0x6C, 0x5C, 0x07, 0x80, 0x8D, 
    0x4D, 0x86, 0x29, 0x4A, 0x80, 0x8D, 0xB7, 0x7D, 0x3F, 0x0E, 0x88, 0x8D, 
    0xB7, 0x7D, 0x3F, 0x0E, 0x80, 0x8D, 0x64, 0x0F, 0xB6, 0xEB, 0x88, 0xC5, 
    0x64, 0x0F, 0xB6, 0xEB, 0x16, 0xA4, 0x9B, 0x54, 0x98, 0x07, 0x2D, 0x16, 
    0xA4, 0x9B, 0x54, 0x98, 0x02, 0xFA, 0x84, 0xA9, 0x00, 0x16, 0xBC, 0xE2, 
    0x2E, 0x4B, 0x1B, 0x01, 0x00, 0x00, 0x00, 0x80, 0x85, 0x02, 0xFC, 0x80, 
    0xF1, 0x00, 0x00, 0x16, 0xD2, 0x8F, 0x3A, 0xCB, 0x17, 0x00, 0x00, 0x00, 
    0x00, 0x02, 0xFD, 0x00, 0x00, 0x00, 0x16, 0x5C, 0x8D, 0x2E, 0xF3, 0x16, 
    0xB0, 0x0B, 0x15, 0xC2, 0x02, 0xFE, 0x84, 0x15, 0x81, 0x00, 0x25, 0x16, 
    0x68, 0x51, 0x1D, 0x0E, 0x02, 0x00, 0x01, 0x00, 0x00, 0x16, 0x96, 0xBF, 
    0x8E, 0x94, 0x16, 0x04, 0x47, 0x9F, 0x43, 0x02, 0x01, 0x01, 0x00, 0x00, 
    0x16, 0x7F, 0xA3, 0x9F, 0xAD, 0x16, 0x67, 0x28, 0x43, 0x03, 0x02, 0x02, 
    0x01, 0x00, 0x00, 0x28, 0x02, 0x03, 0x01, 0x00, 0x00, 0x16, 0x64, 0x78, 
    0x3D, 0x8C, 0x02, 0x04, 0x01, 0x00, 0x00, 0x16, 0xF9, 0x67, 0x2B, 0x6C, 
    0x16, 0xDF, 0xA5, 0x61, 0xF1, 0x02, 0x05, 0x80, 0x01, 0x80, 0x00, 0x00, 
    0x16, 0xF9, 0x67, 0x2B, 0x6C, 0x16, 0xDC, 0xC3, 0x88, 0x01, 0x02, 0x06, 
    0x01, 0x00, 0x00, 0x25, 0x16, 0x7B, 0x71, 0x66, 0xCF, 0x16, 0x77, 0xB3, 
    0xBC, 0x13, 0x02, 0x07, 0x01, 0x00, 0x00, 0x80, 0x4D, 0x82, 0x46, 0xEF, 
    0xED, 0xE3, 0x16, 0x77, 0xB3, 0xBC, 0x13, 0x07, 0x2D, 0x16, 0x77, 0xB3, 
    0xBC, 0x13, 0x02, 0x08, 0x01, 0x00, 0x00, 0x28, 0x02, 0x09, 0x01, 0x00, 
    0x00, 0x25, 0x16, 0x7B, 0x71, 0x66, 0xCF, 0x16, 0xD3, 0xBB, 0xDA, 0x28, 
    0x02, 0x0B, 0x01, 0x00, 0x00, 0x16, 0xC2, 0xE5, 0xA4, 0x23, 0x2D, 0x16, 
    0xD3, 0xBB, 0xDA, 0x28, 0x02, 0x0C, 0x01, 0x00, 0x00, 0x28, 0x02, 0x0D, 
    0x01, 0x00, 0x00, 0x25, 0x16, 0x7B, 0x71, 0x66, 0xCF, 0x16, 0xE3, 0x41, 
    0x16, 0x0F, 0x02, 0x0F, 0x01, 0x00, 0x00, 0x16, 0x33, 0xA2, 0x05, 0xDB, 
    0x2D, 0x16, 0xE3, 0x41, 0x16, 0x0F, 0x02, 0x10, 0x01, 0x00, 0x00, 0x28, 
    0x02, 0x11, 0x01, 0x00, 0x00, 0x16, 0x0A, 0x5F, 0x8A, 0xDF, 0x16, 0x31, 
    0xC1, 0x4F, 0x11, 0x07, 0x17, 0x01, 0x84, 0x1D, 0x80, 0x00, 0x16, 0xC6, 
    0x7F, 0x49, 0x9E, 0x07, 0x17, 0x32, 0x00, 0x00, 0x00, 0x16, 0x3F, 0x7F, 
    0xA0, 0x79, 0x07, 0x1A, 0x00, 0x00, 0x80, 0x3E, 0x02, 0x13, 0x01, 0x00, 
    0x00, 0x16, 0x0A, 0x5F, 0x8A, 0xDF, 0x16, 0x31, 0xC1, 0x4F, 0x11, 0x07, 
    0x17, 0x88, 0x1D, 0x81, 0x00, 0x16, 0xC6, 0x7F, 0x49, 0x9E, 0x07, 0x17, 
    0x32, 0x00, 0x00, 0x00, 0x02, 0x14, 0x01, 0x00, 0x00, 0x25, 0x16, 0x55, 
    0x86, 0x88, 0xED, 0x2D, 0x16, 0xD6, 0xA8, 0x21, 0x73, 0x02, 0x15, 0x01, 
    0x00, 0x00, 0x16, 0xA2, 0x94, 0x2F, 0xE6, 0x02, 0x16, 0x01, 0x00, 0x00, 
    0x25, 0x16, 0x7B, 0x71, 0x66, 0xCF, 0x16, 0x2C, 0xEF, 0x7B, 0xDE, 0x02, 
    0x18, 0x01, 0x00, 0x00, 0x16, 0xEB, 0x79, 0x80, 0xA5, 0x16, 0xA2, 0x87, 
    0xA6, 0x1D, 0x07, 0x17, 0x88, 0xE1, 0x00, 0x02, 0x19, 0x01, 0x00, 0x00, 
    0x26, 0x02, 0x1A, 0x01, 0x00, 0x00, 0x16, 0xEB, 0x79, 0x80, 0xA5, 0x16, 
    0xA2, 0x87, 0xA6, 0x1D, 0x07, 0x17, 0x00, 0x84, 0x81, 0x00, 0x80, 0x81, 
    0x1B, 0x88, 0x3D, 0x80, 0x28, 0x02, 0x1C, 0x01, 0x00, 0x00, 0x26, 0x02, 
    0x1D, 0x01, 0x00, 0x00, 0x16, 0x44, 0x89, 0xB7, 0x8D, 0x02, 0x20, 0x01, 
    0x00, 0x00, 0x2D, 0x16, 0xDF, 0x41, 0xC3, 0xEC, 0x07, 0x0E, 0x2D, 0x16, 
    0xDF, 0x41, 0xC3, 0xEC, 0x0B, 0x17, 0x01, 0x00, 0x00, 0x00, 0x0F, 0x02, 
    0x21, 0x01, 0x00, 0x00, 0x80, 0xD1, 0xEB, 0x79, 0x80, 0xA5, 0x16, 0xDF, 
    0x41, 0xC3, 0xEC, 0x07, 0x2D, 0x16, 0xDF, 0x41, 0xC3, 0xEC, 0x02, 0x22, 
    0x01, 0x00, 0x00, 0x80, 0x4D, 0x80, 0x4F, 0xDA, 0xE4, 0x9C, 0x16, 0xDF, 
    0x41, 0xC3, 0xEC, 0x07, 0x2D, 0x16, 0xDF, 0x41, 0xC3, 0xEC, 0x02, 0x23, 
    0x01, 0x00, 0x00, 0x16, 0x35, 0xA3, 0x36, 0x54, 0x02, 0x25, 0x01, 0x00, 
    0x00, 0x28, 0x02, 0x26, 0x01, 0x00, 0x00, 0x16, 0x88, 0x1C, 0xDA, 0x10, 
    0x02, 0x27, 0x01, 0x00, 0x00, 0x25, 0x16, 0x7B, 0x71, 0x66, 0x80, 0x79, 
    0x80, 0x16, 0x2C, 0xEF, 0x7B, 0xDE, 0x02, 0x28, 0x01, 0x00, 0x00, 0x16, 
    0xCF, 0xEF, 0x1F, 0x90, 0x16, 0xEC, 0x8B, 0x72, 0xF8, 0x07, 0x16, 0x28, 
    0xFB, 0xFE, 0x8F, 0x16, 0x90, 0xD8, 0xD2, 0xA6, 0x07, 0x16, 0x08, 0xFA, 
    0xB9, 0xF4, 0x02, 0x29, 0x01, 0x00, 0x00, 0x16, 0x0B, 0x71, 0xEB, 0x41, 
    0x02, 0x2A, 0x01, 0x00, 0x00, 0x26, 0x02, 0x2B, 0x01, 0x00, 0x00, 0x25, 
    0x16, 0x7B, 0x71, 0x66, 0x80, 0x11, 0x83, 0x16, 0x29, 0xBA, 0x78, 0x7C, 
    0x02, 0x2C, 0x01, 0x00, 0x00, 0x16, 0xCF, 0xEF, 0x1F, 0x90, 0x16, 0xEC, 
    0x8B, 0x72, 0xF8, 0x07, 0x16, 0x28, 0xFB, 0xFE, 0x8F, 0x16, 0x90, 0xD8, 
    0xD2, 0xA6, 0x07, 0x16, 0xB8, 0xD7, 0x65, 0x9B, 0x16, 0x0C, 0xF1, 0x31, 
    0x70, 0x07, 0x03, 0x2C, 0x04, 0x02, 0x2D, 0x01, 0x00, 0x00, 0x26, 0x02, 
    0x2E, 0x01, 0x00, 0x00, 0x16, 0xCF, 0xEF, 0x1F, 0x90, 0x16, 0xEC, 0x8B, 
    0x72, 0xF8, 0x07, 0x16, 0x28, 0xFB, 0xFE, 0x8F, 0x16, 0x90, 0xD8, 0xD2, 
    0xA6, 0x07, 0x16, 0xB8, 0xD7, 0x65, 0x9B, 0x02, 0x2F, 0x01, 0x00, 0x00, 
    0x28, 0x02, 0x30, 0x01, 0x00, 0x00, 0x16, 0x9C, 0x7C, 0x9B, 0xFB, 0x02, 
    0x31, 0x01, 0x00, 0x00, 0x28, 0x02, 0x32, 0x01, 0x00, 0x00, 0x16, 0xCF, 
    0xEF, 0x1F, 0x90, 0x16, 0xEC, 0x8B, 0x72, 0xF8, 0x07, 0x16, 0xBA, 0x46, 
    0xAA, 0xAF, 0x16, 0x90, 0xD8, 0xD2, 0xA6, 0x07, 0x80, 0xA9, 0xBA, 0x46, 
    0xAA, 0xAF, 0x16, 0x0C, 0xF1, 0x31, 0x70, 0x07, 0x03, 0x80, 0x8D, 0x64, 
    0x0F, 0xB6, 0xEB, 0x88, 0x8D, 0x64, 0x0F, 0xB6, 0xEB, 0x80, 0x8D, 0xB7, 
    0x7D, 0x3F, 0x0E, 0x88, 0x79, 0x83, 0xB7, 0x7D, 0x3F, 0x0E, 0x16, 0x44, 
    0xA6, 0xF3, 0xE0, 0x07, 0x2D, 0x16, 0x44, 0xA6, 0xF3, 0xE0, 0x04, 0x02, 
    0x33, 0x01, 0x00, 0x00, 0x16, 0xCF, 0xEF, 0x1F, 0x90, 0x16, 0xEC, 0x8B, 
    0x72, 0xF8, 0x07, 0x16, 0xEF, 0x16, 0x2B, 0x53, 0x16, 0x90, 0xD8, 0xD2, 
    0xA6, 0x07, 0x16, 0x27, 0x2A, 0xFF, 0x57, 0x02, 0x34, 0x01, 0x00, 0x00, 
    0x16, 0xCF, 0xEF, 0x1F, 0x90, 0x16, 0xEC, 0x8B, 0x72, 0xF8, 0x07, 0x16, 
    0xF9, 0x6F, 0x7B, 0xD7, 0x16, 0x90, 0xD8, 0xD2, 0xA6, 0x07, 0x16, 0xCA, 
    0x28, 0xE5, 0x90, 0x16, 0x0C, 0xF1, 0x31, 0x70, 0x07, 0x03, 0x2C, 0x16, 
    0x57, 0x4E, 0xCE, 0x73, 0x04, 0x02, 0x35, 0x01, 0x00, 0x00, 0x16, 0xCF, 
    0xEF, 0x1F, 0x90, 0x16, 0xEC, 0x8B, 0x72, 0xF8, 0x07, 0x16, 0x84, 0x4B, 
    0xD4, 0x47, 0x16, 0x90, 0xD8, 0xD2, 0xA6, 0x07, 0x16, 0xCA, 0x28, 0xE5, 
    0x90, 0x16, 0x0C, 0xF1, 0x31, 0x70, 0x07, 0x03, 0x2C, 0x16, 0x0D, 0x1E, 
    0xA7, 0xD0, 0x04, 0x02, 0x36, 0x01, 0x00, 0x00, 0x16, 0xCF, 0xEF, 0x1F, 
    0x90, 0x16, 0xEC, 0x8B, 0x72, 0xF8, 0x07, 0x16, 0x39, 0x80, 0x41, 0x81, 
    0x5E, 0x91, 0x16, 0x90, 0xD8, 0xD2, 0xA6, 0x07, 0x16, 0x39, 0x5E, 0x5E, 
    0x91, 0x02, 0x37, 0x01, 0x00, 0x00, 0x16, 0xCF, 0xEF, 0x1F, 0x90, 0x16, 
    0xEC, 0x8B, 0x72, 0xF8, 0x07, 0x16, 0xF0, 0x1A, 0x02, 0xA1, 0x16, 0x90, 
    0xD8, 0xD2, 0xA6, 0x07, 0x16, 0x2F, 0xCC, 0xE3, 0xD4, 0x16, 0xAB, 0x22, 
    0x7A, 0x19, 0x02, 0x38, 0x01, 0x00, 0x00, 0x16, 0xD2, 0x8F, 0x3A, 0xCB, 
    0x17, 0x32, 0x00, 0x00, 0x00, 0x02, 0x3C, 0x01, 0x00, 0x00, 0x16, 0xBC, 
    0xE2, 0x2E, 0x4B, 0x1B, 0x10, 0x00, 0x00, 0x00, 0x4B, 0x80, 0x11, 0x83, 
    0x73, 0x73, 0x65, 0x64, 0x20, 0x74, 0x68, 0x65, 0x20, 0x52, 0x61, 0x69, 
    0x6C, 0x00, 0x02, 0x3D, 0x01, 0x00, 0x00, 0x16, 0x7B, 0x9E, 0x0C, 0x2C, 
    0x16, 0xCB, 0x1C, 0xB8, 0xCD, 0x02, 0x3E, 0x01, 0x00, 0x00, 0x16, 0x20, 
    0x3B, 0xC3, 0x54, 0x02, 0x3F, 0x01, 0x00, 0x00, 0x16, 0xEC, 0x3B, 0x3D, 
    0x8E, 0x02, 0x40, 0x01, 0x00, 0x00, 0x16, 0xD9, 0x8D, 0x6B, 0xAB, 0x02, 
    0x41, 0x01, 0x00, 0x00, 0x16, 0xB0, 0x9B, 0xC7, 0xD8, 0x16, 0x71, 0x0D, 
    0x59, 0x72, 0x02, 0x42, 0x01, 0x00, 0x00, 0x16, 0x0A, 0x08, 0xCF, 0x1F, 
    0x16, 0x71, 0x0D, 0x59, 0x72, 0x02, 0x43, 0x01, 0x00, 0x00, 0x16, 0xF4, 
    0xCC, 0x7F, 0x94, 0x2D, 0x16, 0xD6, 0xA8, 0x21, 0x73, 0x02, 0x44, 0x01, 
    0x00, 0x00, 0x25, 0x16, 0x7B, 0x71, 0x66, 0xCF, 0x16, 0x40, 0xAA, 0xEE, 
    0x1A, 0x02, 0x45, 0x01, 0x00, 0x00, 0x16, 0xB7, 0x93, 0xB9, 0x71, 0x17, 
    0x24, 0x84, 0x21, 0x81, 0x00, 0x02, 0x46, 0x01, 0x00, 0x00, 0x26, 0x02, 
    0x48, 0x01, 0x00, 0x00, 0x16, 0xB7, 0x93, 0xB9, 0x71, 0x2D, 0x16, 0x60, 
    0x97, 0x73, 0x64, 0x02, 0x49, 0x01, 0x00, 0x00, 0x28, 0x02, 0x4A, 0x01, 
    0x00, 0x00, 0x25, 0x16, 0x7B, 0x71, 0x66, 0xCF, 0x16, 0xA0, 0xAC, 0x16, 
    0x7A, 0x02, 0x4B, 0x01, 0x00, 0x00, 0x16, 0xC6, 0xA4, 0xDC, 0xDB, 0x02, 
    0x4C, 0x01, 0x00, 0x00, 0x16, 0x4B, 0xCD, 0x0D, 0x7A, 0x16, 0x1C, 0xBD, 
    0xDB, 0x94, 0x07, 0x1A, 0x00, 0x80, 0xF5, 0xA0, 0x3F, 0x02, 0x4D, 0x01, 
    0x00, 0x00, 0x28, 0x02, 0x4E, 0x01, 0x00, 0x00, 0x25, 0x16, 0x7B, 0x71, 
    0x66, 0xCF, 0x16, 0xF0, 0x55, 0xA8, 0x7E, 0x02, 0x4F, 0x01, 0x00, 0x00, 
    0x25, 0x80, 0x35, 0x80, 0x10, 0x8F, 0xEA, 0xBA, 0x16, 0x08, 0xD0, 0xE3, 
    0xC2, 0x07, 0x2D, 0x16, 0xF0, 0x55, 0xA8, 0x7E, 0x02, 0x50, 0x01, 0x00, 
    0x00, 0x16, 0x28, 0xC1, 0xD0, 0x07, 0x16, 0xCA, 0xDB, 0xB3, 0x62, 0x02, 
    0x51, 0x01, 0x00, 0x00, 0x16, 0x84, 0xD0, 0x8F, 0xE4, 0x16, 0x30, 0x46, 
    0xE0, 0xD5, 0x80, 0x81, 0x52, 0x88, 0xED, 0x28, 0x02, 0x53, 0x01, 0x00, 
    0x00, 0x28, 0x02, 0x54, 0x01, 0x00, 0x00, 0x25, 0x16, 0x7B, 0x71, 0x66, 
    0xCF, 0x16, 0x83, 0x2C, 0x07, 0x2D, 0x02, 0x55, 0x01, 0x00, 0x00, 0x80, 
    0x8D, 0x91, 0x72, 0x1E, 0x0B, 0x80, 0x8D, 0xA4, 0x9B, 0x54, 0x98, 0x80, 
    0xB5, 0x2D, 0x16, 0x64, 0x0F, 0xB6, 0xEB, 0x16, 0xED, 0x24, 0x0D, 0x8F, 
    0x07, 0x1A, 0x00, 0x84, 0xAD, 0x00, 0x02, 0x56, 0x01, 0x00, 0x00, 0x26, 
    0x02, 0x59, 0x01, 0x00, 0x00, 0x80, 0x8D, 0x91, 0x72, 0x1E, 0x0B, 0x80, 
    0x8D, 0xA4, 0x9B, 0x54, 0x98, 0x80, 0x45, 0x80, 0x2D, 0x16, 0x64, 0x0F, 
    0xB6, 0xEB, 0x16, 0xED, 0x24, 0x0D, 0x8F, 0x07, 0x1A, 0x9A, 0x99, 0x99, 
    0x3E, 0x02, 0x5A, 0x01, 0x00, 0x00, 0x28, 0x02, 0x5B, 0x01, 0x00, 0x00, 
    0x16, 0x0C, 0x67, 0x92, 0x7E, 0x16, 0x01, 0x0B, 0x1A, 0x4F, 0x07, 0x16, 
    0xEB, 0x8A, 0x35, 0x4B, 0x16, 0xBB, 0x5A, 0x13, 0xD6, 0x07, 0x80, 0x8D, 
    0x97, 0x18, 0x98, 0x85, 0x80, 0xED, 0xD6, 0xA8, 0x21, 0x73, 0x07, 0x2D, 
    0x16, 0xD6, 0xA8, 0x21, 0x73, 0x16, 0x77, 0xE6, 0x04, 0x13, 0x02, 0x5F, 
    0x01, 0x00, 0x00, 0x16, 0x1A, 0x7C, 0x11, 0x82, 0x17, 0x0A, 0x80, 0xA5, 
    0x00, 0x00, 0x16, 0xC5, 0x76, 0x91, 0x01, 0x02, 0x64, 0x01, 0x80, 0x31, 
    0x83, 0x00, 0x25, 0x16, 0x14, 0x00, 0x22, 0x82, 0x02, 0x68, 0x01, 0x00, 
    0x00, 0x16, 0x71, 0xDC, 0x27, 0x76, 0x16, 0x8B, 0x50, 0x77, 0x90, 0x02, 
    0x69, 0x01, 0x00, 0x00, 0x28, 0x02, 0x6A, 0x01, 0x00, 0x00, 0x25, 0x16, 
    0x7B, 0x71, 0x66, 0xCF, 0x16, 0x40, 0xAA, 0xEE, 0x1A, 0x02, 0x6C, 0x01, 
    0x00, 0x00, 0x16, 0x55, 0xB8, 0x59, 0xAD, 0x16, 0x38, 0x58, 0x74, 0xC4, 
    0x07, 0x1B, 0x0E, 0x00, 0x00, 0x00, 0x53, 0x70, 0x65, 0x63, 0x69, 0x61, 
    0x6C, 0x20, 0x47, 0x72, 0x69, 0x6E, 0x64, 0x00, 0x02, 0x6D, 0x01, 0x00, 
    0x00, 0x28, 0x02, 0x6E, 0x01, 0x00, 0x00, 0x16, 0x7B, 0x9E, 0x0C, 0x2C, 
    0x16, 0x35, 0x3B, 0xF9, 0x68, 0x02, 0x73, 0x01, 0x00, 0x00, 0x16, 0xBC, 
    0xE2, 0x2E, 0x4B, 0x2D, 0x16, 0xF9, 0x81, 0xDC, 0xA1, 0x02, 0x74, 0x01, 
    0x00, 0x00, 0x16, 0xD2, 0x8F, 0x3A, 0xCB, 0x2D, 0x16, 0xAE, 0xC8, 0x66, 
    0xCD, 0x02, 0x75, 0x01, 0x00, 0x00, 0x16, 0x5C, 0x8D, 0x2E, 0x80, 0x21, 
    0x81, 0x16, 0xB0, 0x0B, 0x15, 0xC2, 0x02, 0x76, 0x01, 0x00, 0x00, 0x16, 
    0xF3, 0xA7, 0x3E, 0x60, 0x02, 0x7F, 0x01, 0x00, 0x00, 0x25, 0x16, 0x7B, 
    0x71, 0x66, 0xCF, 0x16, 0x9F, 0x6E, 0xB5, 0xD7, 0x02, 0x81, 0x01, 0x00, 
    0x00, 0x16, 0xAA, 0x1B, 0x01, 0x65, 0x02, 0x82, 0x01, 0x00, 0x00, 0x16, 
    0x57, 0xE4, 0x69, 0x00, 0x02, 0x83, 0x01, 0x00, 0x00, 0x16, 0x44, 0xA6, 
    0xF3, 0xE0, 0x02, 0x84, 0x01, 0x00, 0x00, 0x16, 0xEC, 0x6A, 0xC8, 0x68, 
    0x17, 0x00, 0x84, 0xED, 0x00, 0x02, 0x85, 0x01, 0x00, 0x00, 0x28, 0x02, 
    0x86, 0x01, 0x00, 0x00, 0x25, 0x16, 0x7B, 0x71, 0x66, 0xCF, 0x16, 0xEA, 
    0x4A, 0xDB, 0x23, 0x02, 0x87, 0x01, 0x00, 0x00, 0x80, 0x8D, 0x91, 0x72, 
    0x1E, 0x0B, 0x80, 0xFD, 0xA4, 0x9B, 0x54, 0x98, 0x07, 0x2D, 0x16, 0xA4, 
    0x9B, 0x54, 0x98, 0x16, 0x6C, 0x2E, 0x79, 0x4F, 0x16, 0x09, 0xFE, 0x09, 
    0xFE, 0x02, 0x88, 0x01, 0x00, 0x00, 0x26, 0x02, 0x89, 0x01, 0x00, 0x00, 
    0x80, 0x8D, 0x91, 0x72, 0x1E, 0x0B, 0x80, 0x1D, 0x81, 0xA4, 0x9B, 0x54, 
    0x98, 0x07, 0x2D, 0x16, 0xA4, 0x9B, 0x54, 0x98, 0x16, 0x03, 0x12, 0x94, 
    0x6D, 0x16, 0x9C, 0x37, 0x95, 0xD0, 0x07, 0x16, 0xBF, 0xEA, 0xA9, 0x79, 
    0x02, 0x8A, 0x01, 0x00, 0x00, 0x28, 0x02, 0x8B, 0x01, 0x00, 0x00, 0x25, 
    0x16, 0x46, 0x96, 0x0F, 0x1A, 0x05, 0x16, 0xA6, 0xFD, 0x14, 0xB9, 0x16, 
    0xEB, 0xBD, 0x91, 0x83, 0x16, 0x5F, 0xF0, 0x96, 0x78, 0x06, 0x02, 0x8F, 
    0x01, 0x00, 0x00, 0x16, 0x1A, 0x7C, 0x11, 0x82, 0x1A, 0x84, 0xB1, 0x80, 
    0x3E, 0x16, 0x19, 0xF6, 0x29, 0xD0, 0x02, 0x90, 0x01, 0x00, 0x00, 0x28, 
    0x80, 0xC5, 0x91, 0x01, 0x00, 0x00, 0x25, 0x16, 0x7B, 0x71, 0x66, 0xCF, 
    0x16, 0x02, 0x51, 0x85, 0x6E, 0x02, 0x93, 0x01, 0x80, 0x99, 0x00, 0x25, 
    0x16, 0x14, 0x00, 0x22, 0x82, 0x80, 0xA1, 0x94, 0x01, 0x00, 0x00, 0x16, 
    0x71, 0xDC, 0x27, 0x76, 0x84, 0x8D, 0x02, 0x51, 0x85, 0x6E, 0x80, 0x85, 
    0x1D, 0x29, 0x80, 0xC9, 0xF2, 0x07, 0x2D, 0x16, 0xF9, 0x81, 0xDC, 0xA1, 
    0x16, 0x8B, 0x50, 0x77, 0x90, 0x02, 0x95, 0x01, 0x00, 0x00, 0x26, 0x80, 
    0xA1, 0x96, 0x01, 0x00, 0x00, 0x16, 0x71, 0xDC, 0x27, 0x76, 0x84, 0xBD, 
    0x02, 0x51, 0x85, 0x6E, 0x16, 0x1D, 0x29, 0x77, 0xF2, 0x07, 0x2D, 0x16, 
    0xF9, 0x81, 0xDC, 0xA1, 0x80, 0x81, 0x97, 0x88, 0x89, 0x28, 0x02, 0x98, 
    0x80, 0x95, 0x00, 0x00, 0x26, 0x02, 0x99, 0x01, 0x80, 0xD5, 0x00, 0x25, 
    0x16, 0x14, 0x00, 0x22, 0x82, 0x02, 0x9A, 0x01, 0x00, 0x00, 0x16, 0x71, 
    0xDC, 0x27, 0x76, 0x16, 0x8B, 0x50, 0x77, 0x90, 0x80, 0x81, 0x9B, 0x88, 
    0xED, 0x28, 0x02, 0x9C, 0x01, 0x00, 0x00, 0x28, 0x02, 0x9D, 0x01, 0x00, 
    0x00, 0x25, 0x16, 0x7B, 0x71, 0x66, 0xCF, 0x16, 0x29, 0x4E, 0x62, 0xD6, 
    0x02, 0x9F, 0x01, 0x00, 0x00, 0x80, 0x81, 0xD7, 0x80, 0xB5, 0x14, 0x8C, 
    0x16, 0x29, 0x4E, 0x62, 0xD6, 0x07, 0x2D, 0x16, 0x29, 0x4E, 0x62, 0xD6, 
    0x80, 0x81, 0xA0, 0x88, 0x99, 0x28, 0x02, 0xA1, 0x01, 0x00, 0x00, 0x24, 
    0x80, 0xC5, 0xA2, 0x01, 0x00, 0x00, 0x23, 0x16, 0x44, 0x89, 0xB7, 0x8D, 
    0x16, 0x02, 0x27, 0x48, 0xE8, 0x07, 0x1C, 0x05, 0x80, 0x35, 0x83, 0x00, 
    0x00, 0x6E, 0x6F, 0x6E, 0x65, 0x00, 0x02, 0xA4, 0x01, 0x00, 0x00, 0x16, 
    0x36, 0xC1, 0x11, 0x36, 0x02, 0xA5, 0x01, 0x00, 0x00, 0x29, 0x16, 0xDF, 
    0x41, 0xC3, 0xEC, 0x07, 0x2D, 0x16, 0xDF, 0x41, 0xC3, 0xEC, 0x02, 0xA6, 
    0x01, 0x00, 0x00, 0x24, 0x02, 0xA7, 0x01, 0x00, 0x00, 0x23, 0x16, 0xD7, 
    0x4E, 0x14, 0x8C, 0x16, 0x32, 0xC3, 0x07, 0x4A, 0x07, 0x17, 0x3C, 0x00, 
    0x00, 0x00, 0x02, 0xA9, 0x01, 0x00, 0x00, 0x25, 0x16, 0x46, 0x96, 0x0F, 
    0x1A, 0x05, 0x16, 0xB7, 0x4F, 0xDA, 0xCE, 0x16, 0xB0, 0xF7, 0x4A, 0x56, 
    0x06, 0x02, 0xAA, 0x01, 0x00, 0x00, 0x20, 0x02, 0xAB, 0x01, 0x00, 0x00, 
    0x25, 0x16, 0x14, 0x7D, 0x2E, 0x92, 0x2D, 0x16, 0x29, 0x4E, 0x62, 0xD6, 
    0x02, 0xAC, 0x01, 0x00, 0x00, 0x16, 0x27, 0x15, 0x6E, 0x2B, 0x02, 0xAD, 
    0x01, 0x00, 0x00, 0x16, 0xB1, 0xB2, 0x51, 0x51, 0x16, 0xDB, 0x6B, 0x3B, 
    0x2E, 0x16, 0x14, 0x68, 0xA3, 0xF6, 0x07, 0x17, 0xC8, 0x80, 0xA5, 0x00, 
    0x00, 0x16, 0x26, 0x41, 0x60, 0xD8, 0x07, 0x30, 0x1F, 0x80, 0xA5, 0x00, 
    0x20, 0x42, 0x00, 0x00, 0x70, 0x42, 0x02, 0xAE, 0x01, 0x80, 0x59, 0x81, 
    0x00, 0x16, 0x8B, 0x3B, 0x41, 0xA4, 0x03, 0x02, 0xAF, 0x01, 0x00, 0x00, 
    0x16, 0x3F, 0x7F, 0xA0, 0x79, 0x07, 0x1A, 0x00, 0x00, 0x00, 0x3F, 0x02, 
    0xB0, 0x01, 0x00, 0x00, 0x16, 0x33, 0xEB, 0xF9, 0x39, 0x07, 0x1A, 0x00, 
    0x00, 0x10, 0x41, 0x02, 0xB1, 0x01, 0x00, 0x00, 0x16, 0x31, 0xC7, 0xC5, 
    0x4A, 0x07, 0x1A, 0x00, 0x00, 0x40, 0x40, 0x02, 0xB2, 0x01, 0x00, 0x00, 
    0x16, 0x81, 0x88, 0x48, 0xFC, 0x07, 0x1A, 0xEC, 0x51, 0x24, 0x41, 0x02, 
    0xB3, 0x01, 0x00, 0x00, 0x16, 0x83, 0xA4, 0x74, 0x8F, 0x07, 0x1A, 0xA4, 
    0x70, 0xBD, 0x40, 0x80, 0x81, 0xB4, 0x88, 0xC9, 0x04, 0x02, 0xB5, 0x01, 
    0x00, 0x00, 0x28, 0x02, 0xB6, 0x01, 0x00, 0x00, 0x16, 0x1A, 0x7C, 0x11, 
    0x82, 0x17, 0x01, 0x80, 0x99, 0x00, 0x00, 0x16, 0x32, 0xC3, 0x07, 0x4A, 
    0x80, 0x81, 0xB7, 0x88, 0x81, 0x21, 0x80, 0x81, 0xB8, 0x88, 0x99, 0x28, 
    0x02, 0xB9, 0x01, 0x00, 0x00, 0x24, 0x80, 0x81, 0xBA, 0x8C, 0x8D, 0xBF, 
    0xEA, 0xA9, 0x79, 0x84, 0x75, 0x82, 0x02, 0xBC, 0x01, 0x00, 0x00, 0x16, 
    0x26, 0x6A, 0x26, 0xFD, 0x07, 0x03, 0x1F, 0xCD, 0xCC, 0xCC, 0x3D, 0xCD, 
    0xCC, 0xCC, 0x3D, 0x16, 0xBE, 0xD5, 0xC9, 0x95, 0x04, 0x02, 0xBE, 0x01, 
    0x00, 0x00, 0x16, 0x9C, 0x3B, 0x2F, 0x64, 0x07, 0x03, 0x1F, 0x0A, 0xD7, 
    0x23, 0x3D, 0x0A, 0xD7, 0x23, 0x3D, 0x16, 0xBE, 0xD5, 0xC9, 0x95, 0x04, 
    0x02, 0xBF, 0x01, 0x00, 0x00, 0x16, 0x49, 0xFD, 0x43, 0x0F, 0x07, 0x03, 
    0x1F, 0xE0, 0x2D, 0x10, 0x3B, 0xE0, 0x2D, 0x10, 0x3B, 0x16, 0xBE, 0xD5, 
    0xC9, 0x95, 0x04, 0x02, 0xC0, 0x01, 0x00, 0x00, 0x16, 0xF3, 0xAC, 0x4A, 
    0x96, 0x07, 0x03, 0x1F, 0x89, 0xD2, 0xDE, 0x3A, 0x89, 0xD2, 0xDE, 0x3A, 
    0x16, 0xBE, 0xD5, 0xC9, 0x95, 0x04, 0x02, 0xC1, 0x01, 0x00, 0x00, 0x16, 
    0x24, 0x08, 0x0B, 0xF9, 0x07, 0x03, 0x1F, 0x00, 0x00, 0xC0, 0x3F, 0x00, 
    0x80, 0xC1, 0xC0, 0x3F, 0x16, 0xBE, 0xD5, 0xC9, 0x95, 0x04, 0x02, 0xC2, 
    0x01, 0x00, 0x00, 0x04, 0x02, 0xC4, 0x01, 0x80, 0x2D, 0x81, 0x00, 0x23, 
    0x16, 0xCB, 0x1C, 0xB8, 0xCD, 0x02, 0xC6, 0x01, 0x00, 0x00, 0x25, 0x16, 
    0x7B, 0x71, 0x66, 0xCF, 0x16, 0xF0, 0x1A, 0x02, 0xA1, 0x02, 0xC7, 0x01, 
    0x00, 0x00, 0x26, 0x02, 0xC8, 0x01, 0x00, 0x00, 0x16, 0x51, 0x32, 0x81, 
    0xD5, 0x02, 0xC9, 0x01, 0x00, 0x00, 0x28, 0x02, 0xCA, 0x01, 0x00, 0x00, 
    0x25, 0x16, 0x17, 0x67, 0xB5, 0x3B, 0x16, 0xBA, 0x46, 0xAA, 0xAF, 0x02, 
    0xCB, 0x01, 0x00, 0x00, 0x16, 0x5C, 0x8D, 0x2E, 0xF3, 0x16, 0xB0, 0x0B, 
    0x15, 0xC2, 0x80, 0x81, 0xCC, 0x88, 0xA5, 0x28, 0x02, 0xCD, 0x01, 0x00, 
    0x00, 0x24, 0x02, 0xCE, 0x01, 0x80, 0x19, 0x82, 0x00, 0x23, 0x16, 0x35, 
    0x3B, 0xF9, 0x68, 0x02, 0xD0, 0x01, 0x00, 0x00, 0x25, 0x16, 0x7B, 0x71, 
    0x66, 0xCF, 0x16, 0xF0, 0x1A, 0x02, 0xA1, 0x02, 0xD1, 0x01, 0x00, 0x00, 
    0x26, 0x02, 0xD2, 0x01, 0x00, 0x00, 0x16, 0x51, 0x32, 0x81, 0xD5, 0x02, 
    0xD3, 0x01, 0x00, 0x00, 0x28, 0x02, 0xD4, 0x01, 0x00, 0x00, 0x25, 0x16, 
    0x10, 0x8F, 0xEA, 0xBA, 0x16, 0x08, 0xD0, 0xE3, 0xC2, 0x07, 0x16, 0xEA, 
    0x0E, 0xAE, 0x48, 0x02, 0xD5, 0x01, 0x00, 0x00, 0x26, 0x02, 0xD6, 0x01, 
    0x00, 0x00, 0x16, 0x84, 0xD0, 0x8F, 0xE4, 0x16, 0xCA, 0xDB, 0xB3, 0x62, 
    0x02, 0xD7, 0x01, 0x00, 0x00, 0x16, 0x28, 0xC1, 0xD0, 0x07, 0x16, 0x30, 
    0x46, 0xE0, 0xD5, 0x80, 0x81, 0xD8, 0x88, 0xA5, 0x28, 0x02, 0xD9, 0x01, 
    0x00, 0x00, 0x24, 0x02, 0xDC, 0x01, 0x80, 0x05, 0x80, 0x00, 0x23, 0x16, 
    0xBA, 0x46, 0xAA, 0xAF, 0x02, 0xDF, 0x01, 0x00, 0x00, 0x16, 0x51, 0x32, 
    0x81, 0xD5, 0x02, 0xE0, 0x01, 0x00, 0x00, 0x16, 0x0A, 0x5F, 0x8A, 0xDF, 
    0x16, 0x31, 0xC1, 0x4F, 0x11, 0x07, 0x17, 0x88, 0x55, 0x81, 0x00, 0x16, 
    0xC6, 0x7F, 0x49, 0x9E, 0x07, 0x17, 0x00, 0x00, 0x00, 0x00, 0x02, 0xE1, 
    0x01, 0x00, 0x00, 0x16, 0x96, 0xBF, 0x8E, 0x94, 0x16, 0x04, 0x47, 0x9F, 
    0x43, 0x02, 0xE2, 0x01, 0x00, 0x00, 0x16, 0xCF, 0xEF, 0x1F, 0x90, 0x16, 
    0xEC, 0x8B, 0x72, 0xF8, 0x07, 0x16, 0xEF, 0x16, 0x2B, 0x53, 0x16, 0x90, 
    0xD8, 0xD2, 0xA6, 0x07, 0x16, 0x27, 0x2A, 0xFF, 0x57, 0x02, 0xE3, 0x01, 
    0x00, 0x00, 0x16, 0xCF, 0xEF, 0x1F, 0x90, 0x16, 0xEC, 0x8B, 0x72, 0xF8, 
    0x07, 0x16, 0x83, 0x9C, 0xE1, 0x5D, 0x16, 0x90, 0xD8, 0xD2, 0xA6, 0x07, 
    0x80, 0x2D, 0x80, 0xEF, 0x09, 0x04, 0x88, 0x16, 0x0C, 0xF1, 0x31, 0x70, 
    0x07, 0x03, 0x16, 0x97, 0x18, 0x98, 0x85, 0x04, 0x02, 0xE4, 0x01, 0x00, 
    0x00, 0x16, 0xCF, 0xEF, 0x1F, 0x90, 0x16, 0xEC, 0x8B, 0x72, 0xF8, 0x07, 
    0x16, 0x12, 0x27, 0x37, 0x51, 0x16, 0x90, 0xD8, 0xD2, 0xA6, 0x07, 0x80, 
    0x3D, 0x80, 0xEF, 0x09, 0x04, 0x88, 0x16, 0x0C, 0xF1, 0x31, 0x70, 0x07, 
    0x03, 0x16, 0xEB, 0x8A, 0x35, 0x4B, 0x04, 0x02, 0xE5, 0x01, 0x00, 0x00, 
    0x16, 0x25, 0x8F, 0xD5, 0x09, 0x02, 0xE6, 0x01, 0x00, 0x00, 0x25, 0x16, 
    0x7B, 0x71, 0x66, 0xCF, 0x16, 0x03, 0xA4, 0xA3, 0x65, 0x02, 0xE7, 0x01, 
    0x00, 0x00, 0x80, 0x8D, 0x91, 0x72, 0x1E, 0x0B, 0x80, 0x8D, 0xA4, 0x9B, 
    0x54, 0x98, 0x80, 0x01, 0x81, 0x2D, 0x16, 0x03, 0xA4, 0xA3, 0x65, 0x16, 
    0xED, 0x24, 0x0D, 0x8F, 0x07, 0x1A, 0xCD, 0xCC, 0xCC, 0x3D, 0x16, 0x15, 
    0xD5, 0xCF, 0xF8, 0x02, 0xE8, 0x01, 0x00, 0x00, 0x26, 0x02, 0xE9, 0x01, 
    0x00, 0x00, 0x25, 0x16, 0x7B, 0x71, 0x66, 0xCF, 0x16, 0xB7, 0x7D, 0x3F, 
    0x0E, 0x02, 0xEA, 0x01, 0x00, 0x00, 0x25, 0x16, 0x7B, 0x71, 0x66, 0xCF, 
    0x16, 0x9A, 0xA3, 0x48, 0x9E, 0x02, 0xEB, 0x01, 0x00, 0x00, 0x80, 0x8D, 
    0x91, 0x72, 0x1E, 0x0B, 0x80, 0x15, 0x80, 0xA4, 0x9B, 0x54, 0x98, 0x07, 
    0x2D, 0x16, 0xB7, 0x7D, 0x3F, 0x0E, 0x16, 0x15, 0xD5, 0xCF, 0xF8, 0x16, 
    0xED, 0x24, 0x0D, 0x8F, 0x07, 0x1A, 0xCD, 0xCC, 0xCC, 0x3D, 0x02, 0xEC, 
    0x01, 0x00, 0x00, 0x26, 0x02, 0xED, 0x01, 0x00, 0x00, 0x80, 0x8D, 0x91, 
    0x72, 0x1E, 0x0B, 0x80, 0x8D, 0xA4, 0x9B, 0x54, 0x98, 0x80, 0xC1, 0x2D, 
    0x16, 0xB7, 0x7D, 0x3F, 0x0E, 0x16, 0xED, 0x24, 0x0D, 0x8F, 0x07, 0x1A, 
    0xCD, 0xCC, 0xCC, 0x3D, 0x80, 0x81, 0xEE, 0x88, 0xAD, 0x28, 0x02, 0xEF, 
    0x01, 0x00, 0x00, 0x26, 0x02, 0xF0, 0x01, 0x00, 0x00, 0x80, 0x8D, 0x91, 
    0x72, 0x1E, 0x0B, 0x80, 0x8D, 0xA4, 0x9B, 0x54, 0x98, 0x80, 0xD5, 0x2D, 
    0x16, 0x64, 0x0F, 0xB6, 0xEB, 0x16, 0xED, 0x24, 0x0D, 0x8F, 0x07, 0x1A, 
    0xCD, 0xCC, 0xCC, 0x3D, 0x16, 0x15, 0xD5, 0xCF, 0xF8, 0x80, 0x81, 0xF1, 
    0x88, 0x71, 0x81, 0x28, 0x02, 0xF2, 0x01, 0x00, 0x00, 0x28, 0x02, 0xF3, 
    0x01, 0x00, 0x00, 0x25, 0x16, 0x7B, 0x71, 0x66, 0xCF, 0x16, 0x44, 0xA6, 
    0xF3, 0xE0, 0x02, 0xF4, 0x01, 0x00, 0x00, 0x16, 0xEC, 0x6A, 0xC8, 0x68, 
    0x17, 0x00, 0x00, 0x00, 0x00, 0x02, 0xF5, 0x01, 0x00, 0x00, 0x16, 0x69, 
    0x3F, 0xE9, 0x63, 0x02, 0xF6, 0x01, 0x00, 0x00, 0x28, 0x02, 0xF7, 0x01, 
    0x00, 0x00, 0x25, 0x16, 0x7B, 0x71, 0x66, 0xCF, 0x16, 0x20, 0x1B, 0xA1, 
    0xEB, 0x02, 0xF8, 0x01, 0x00, 0x00, 0x16, 0x0E, 0xC6, 0xE8, 0x2D, 0x1B, 
    0x1B, 0x00, 0x00, 0x00, 0x66, 0x6C, 0x69, 0x70, 0x70, 0x69, 0x6E, 0x67, 
    0x94, 0x15, 0x82, 0x2E, 0x2E, 0x2E, 0x2E, 0x2E, 0x2E, 0x2E, 0x2E, 0x2E, 
    0x2E, 0x2E, 0x2E, 0x00, 0x02, 0xF9, 0x01, 0x00, 0x00, 0x16, 0x20, 0x1B, 
    0xA1, 0xEB, 0x02, 0xFA, 0x01, 0x00, 0x00, 0x28, 0x02, 0xFB, 0x01, 0x00, 
    0x00, 0x16, 0xF3, 0xA7, 0x3E, 0x60, 0x02, 0xFC, 0x01, 0x00, 0x00, 0x16, 
    0x7F, 0xA3, 0x9F, 0xAD, 0x16, 0xF7, 0x89, 0x3C, 0xCF, 0x02, 0xFD, 0x01, 
    0x00, 0x00, 0x24, 0x02, 0xFE, 0x01, 0x00, 0x00, 0x23, 0x16, 0xF8, 0x5B, 
    0x22, 0x9F, 0x16, 0xF9, 0x81, 0xDC, 0xA1, 0x07, 0x1C, 0x09, 0x00, 0x00, 
    0x00, 0x42, 0x53, 0x20, 0x35, 0x30, 0x2D, 0x35, 0x30, 0x00, 0x02, 0x0B, 
    0x02, 0x00, 0x00, 0x16, 0x6F, 0xD8, 0x5E, 0x25, 0x03, 0x80, 0x8D, 0xF9, 
    0x81, 0xDC, 0xA1, 0x80, 0x31, 0x80, 0x2D, 0x16, 0xF9, 0x81, 0xDC, 0xA1, 
    0x16, 0xAE, 0xC8, 0x66, 0xCD, 0x07, 0x17, 0x64, 0x00, 0x00, 0x00, 0x16, 
    0x64, 0x0F, 0xB6, 0xEB, 0x07, 0x16, 0xBB, 0x8D, 0x71, 0x6E, 0x16, 0xA4, 
    0x9B, 0x54, 0x98, 0x07, 0x16, 0xA6, 0xFD, 0x14, 0xB9, 0x16, 0xD6, 0xA8, 
    0x21, 0x73, 0x07, 0x80, 0xB5, 0x6F, 0xD8, 0x5E, 0x25, 0x16, 0x83, 0x2C, 
    0x07, 0x2D, 0x07, 0x2D, 0x16, 0x83, 0x2C, 0x80, 0xD9, 0x2D, 0x02, 0x0C, 
    0x02, 0x00, 0x00, 0x16, 0x42, 0x44, 0xE2, 0xA7, 0x07, 0x16, 0xC2, 0x23, 
    0x2B, 0xE6, 0x16, 0x02, 0x51, 0x85, 0x6E, 0x07, 0x80, 0x01, 0x81, 0x42, 
    0x25, 0xA4, 0x24, 0x16, 0xA0, 0xAC, 0x16, 0x7A, 0x07, 0x2D, 0x16, 0xA0, 
    0xAC, 0x16, 0x7A, 0x04, 0x02, 0x0D, 0x02, 0x00, 0x00, 0x24, 0x02, 0x0E, 
    0x02, 0x00, 0x00, 0x23, 0x16, 0xFC, 0x9E, 0x4E, 0xFB, 0x16, 0xF9, 0x81, 
    0xDC, 0xA1, 0x07, 0x1C, 0x09, 0x00, 0x00, 0x00, 0x46, 0x53, 0x20, 0x35, 
    0x30, 0x2D, 0x35, 0x30, 0x00, 0x02, 0x10, 0x02, 0x00, 0x00, 0x16, 0x6F, 
    0xD8, 0x5E, 0x25, 0x03, 0x80, 0x8D, 0xF9, 0x81, 0xDC, 0xA1, 0x80, 0x31, 
    0x80, 0x2D, 0x16, 0xF9, 0x81, 0xDC, 0xA1, 0x16, 0xAE, 0xC8, 0x66, 0xCD, 
    0x07, 0x17, 0x64, 0x00, 0x00, 0x00, 0x16, 0x64, 0x0F, 0xB6, 0xEB, 0x07, 
    0x16, 0xBB, 0x8D, 0x71, 0x6E, 0x16, 0xA4, 0x9B, 0x54, 0x98, 0x07, 0x16, 
    0xA6, 0xFD, 0x14, 0xB9, 0x16, 0xD6, 0xA8, 0x21, 0x73, 0x07, 0x80, 0xB5, 
    0x6F, 0xD8, 0x5E, 0x25, 0x16, 0x83, 0x2C, 0x07, 0x2D, 0x07, 0x2D, 0x16, 
    0x83, 0x2C, 0x80, 0xD9, 0x2D, 0x02, 0x11, 0x02, 0x00, 0x00, 0x16, 0x42, 
    0x44, 0xE2, 0xA7, 0x07, 0x16, 0xC2, 0x23, 0x2B, 0xE6, 0x16, 0x02, 0x51, 
    0x85, 0x6E, 0x07, 0x80, 0xE5, 0x46, 0xE0, 0xC8, 0x40, 0x16, 0xA0, 0xAC, 
    0x16, 0x7A, 0x07, 0x2D, 0x16, 0xA0, 0xAC, 0x16, 0x7A, 0x04, 0x02, 0x12, 
    0x02, 0x00, 0x00, 0x24, 0x02, 0x13, 0x02, 0x80, 0x99, 0x00, 0x23, 0x16, 
    0xE8, 0x2B, 0xB8, 0x63, 0x80, 0xA1, 0x15, 0x02, 0x00, 0x00, 0x16, 0x65, 
    0x0C, 0xDE, 0xD9, 0x80, 0xC9, 0x16, 0x02, 0x00, 0x00, 0x16, 0x69, 0x3F, 
    0xE9, 0x63, 0x02, 0x17, 0x02, 0x00, 0x00, 0x16, 0x7F, 0xA3, 0x9F, 0xAD, 
    0x80, 0xFD, 0xF8, 0x5B, 0x22, 0x9F, 0x16, 0x0C, 0xF1, 0x31, 0x70, 0x07, 
    0x03, 0x16, 0x83, 0x2C, 0x07, 0x2D, 0x07, 0x16, 0x56, 0xCA, 0x18, 0x8A, 
    0x04, 0x02, 0x18, 0x02, 0x00, 0x00, 0x24, 0x02, 0x19, 0x02, 0x80, 0x99, 
    0x00, 0x23, 0x16, 0xFE, 0x69, 0x29, 0xF8, 0x80, 0xA1, 0x1B, 0x02, 0x00, 
    0x00, 0x16, 0x65, 0x0C, 0xDE, 0xD9, 0x80, 0xC9, 0x1C, 0x02, 0x00, 0x00, 
    0x16, 0x69, 0x3F, 0xE9, 0x63, 0x02, 0x1D, 0x02, 0x00, 0x00, 0x16, 0x7F, 
    0xA3, 0x9F, 0xAD, 0x80, 0x01, 0x81, 0xFC, 0x9E, 0x4E, 0xFB, 0x16, 0x0C, 
    0xF1, 0x31, 0x70, 0x07, 0x03, 0x16, 0x83, 0x2C, 0x07, 0x2D, 0x07, 0x16, 
    0x56, 0xCA, 0x18, 0x8A, 0x04, 0x02, 0x1E, 0x02, 0x00, 0x00, 0x24, 0x02, 
    0x1F, 0x02, 0x00, 0x00, 0x23, 0x16, 0x20, 0xFE, 0x51, 0x7D, 0x16, 0xF9, 
    0x81, 0xDC, 0xA1, 0x07, 0x1C, 0x0E, 0x00, 0x00, 0x00, 0x46, 0x53, 0x20, 
    0x42, 0x6F, 0x61, 0x72, 0x64, 0x73, 0x6C, 0x69, 0x64, 0x65, 0x00, 0x80, 
    0xCD, 0x22, 0x02, 0x00, 0x00, 0x16, 0xF3, 0xAD, 0x76, 0xC8, 0x02, 0x23, 
    0x02, 0x00, 0x00, 0x16, 0x6F, 0xD8, 0x5E, 0x25, 0x03, 0x80, 0x8D, 0xF9, 
    0x81, 0xDC, 0xA1, 0x80, 0xB5, 0x2D, 0x16, 0xF9, 0x81, 0xDC, 0xA1, 0x16, 
    0xAE, 0xC8, 0x66, 0xCD, 0x07, 0x17, 0xC8, 0x84, 0x61, 0x81, 0x00, 0x16, 
    0x60, 0x97, 0x73, 0x64, 0x07, 0x17, 0x0E, 0x00, 0x00, 0x00, 0x16, 0x64, 
    0x0F, 0xB6, 0xEB, 0x07, 0x16, 0x1D, 0x78, 0x8C, 0x62, 0x16, 0xA4, 0x9B, 
    0x54, 0x98, 0x07, 0x16, 0x6B, 0x32, 0x8D, 0x77, 0x16, 0xB7, 0x7D, 0x3F, 
    0x0E, 0x07, 0x16, 0x70, 0x96, 0x06, 0xA0, 0x16, 0xD6, 0xA8, 0x21, 0x73, 
    0x07, 0x16, 0x9D, 0x11, 0x10, 0x8D, 0x16, 0x83, 0x2C, 0x07, 0x2D, 0x07, 
    0x16, 0x56, 0xCA, 0x18, 0x8A, 0x02, 0x24, 0x02, 0x00, 0x00, 0x16, 0x42, 
    0x44, 0xE2, 0xA7, 0x07, 0x16, 0x7C, 0x27, 0xD5, 0x5C, 0x16, 0x02, 0x51, 
    0x85, 0x6E, 0x07, 0x80, 0x15, 0x81, 0x8F, 0x9C, 0xF8, 0x69, 0x16, 0xA0, 
    0xAC, 0x16, 0x7A, 0x07, 0x2D, 0x16, 0xA0, 0xAC, 0x16, 0x7A, 0x04, 0x02, 
    0x25, 0x02, 0x00, 0x00, 0x24, 0x02, 0x26, 0x02, 0x00, 0x00, 0x23, 0x16, 
    0x24, 0x3B, 0x3D, 0x19, 0x16, 0xF9, 0x81, 0xDC, 0xA1, 0x07, 0x1C, 0x0E, 
    0x00, 0x00, 0x00, 0x42, 0x53, 0x20, 0x42, 0x6F, 0x61, 0x72, 0x64, 0x73, 
    0x6C, 0x69, 0x64, 0x65, 0x00, 0x02, 0x28, 0x02, 0x00, 0x00, 0x16, 0x6F, 
    0xD8, 0x5E, 0x25, 0x03, 0x80, 0x8D, 0xF9, 0x81, 0xDC, 0xA1, 0x80, 0xB5, 
    0x2D, 0x16, 0xF9, 0x81, 0xDC, 0xA1, 0x16, 0xAE, 0xC8, 0x66, 0xCD, 0x07, 
    0x17, 0xC8, 0x84, 0x61, 0x81, 0x00, 0x16, 0x60, 0x97, 0x73, 0x64, 0x07, 
    0x17, 0x0E, 0x00, 0x00, 0x00, 0x16, 0x64, 0x0F, 0xB6, 0xEB, 0x07, 0x16, 
    0x62, 0x43, 0x8A, 0x61, 0x16, 0xA4, 0x9B, 0x54, 0x98, 0x07, 0x16, 0x6D, 
    0xE5, 0x25, 0x7C, 0x16, 0xB7, 0x7D, 0x3F, 0x0E, 0x07, 0x16, 0xF7, 0xDA, 
    0x37, 0x74, 0x16, 0xD6, 0xA8, 0x21, 0x73, 0x07, 0x16, 0x9D, 0x11, 0x10, 
    0x8D, 0x16, 0x83, 0x2C, 0x07, 0x2D, 0x07, 0x16, 0x56, 0xCA, 0x18, 0x8A, 
    0x02, 0x29, 0x02, 0x00, 0x00, 0x16, 0x42, 0x44, 0xE2, 0xA7, 0x07, 0x16, 
    0x7C, 0x27, 0xD5, 0x5C, 0x16, 0x02, 0x51, 0x85, 0x6E, 0x07, 0x80, 0x2D, 
    0x80, 0x83, 0xCD, 0x14, 0x34, 0x16, 0xA0, 0xAC, 0x16, 0x7A, 0x07, 0x2D, 
    0x16, 0xA0, 0xAC, 0x16, 0x7A, 0x04, 0x02, 0x2A, 0x02, 0x00, 0x00, 0x24, 
    0x02, 0x2B, 0x02, 0x00, 0x00, 0x23, 0x16, 0x0C, 0x7C, 0xE3, 0x21, 0x16, 
    0xF9, 0x81, 0xDC, 0xA1, 0x07, 0x1C, 0x0C, 0x00, 0x00, 0x80, 0xD9, 0x46, 
    0x53, 0x20, 0x4C, 0x69, 0x70, 0x73, 0x6C, 0x69, 0x64, 0x65, 0x00, 0x02, 
    0x2D, 0x02, 0x00, 0x00, 0x16, 0x6F, 0xD8, 0x5E, 0x25, 0x03, 0x80, 0x8D, 
    0xF9, 0x81, 0xDC, 0xA1, 0x80, 0xB5, 0x2D, 0x16, 0xF9, 0x81, 0xDC, 0xA1, 
    0x16, 0xAE, 0xC8, 0x66, 0xCD, 0x07, 0x17, 0xC8, 0x84, 0x61, 0x81, 0x00, 
    0x16, 0x60, 0x97, 0x73, 0x64, 0x07, 0x17, 0x0E, 0x00, 0x00, 0x00, 0x16, 
    0x64, 0x0F, 0xB6, 0xEB, 0x07, 0x16, 0xB9, 0x14, 0x18, 0x2D, 0x16, 0xA4, 
    0x9B, 0x54, 0x98, 0x07, 0x16, 0x6D, 0xE5, 0x25, 0x7C, 0x16, 0xB7, 0x7D, 
    0x3F, 0x0E, 0x07, 0x16, 0xF7, 0xDA, 0x37, 0x74, 0x16, 0xD6, 0xA8, 0x21, 
    0x73, 0x07, 0x16, 0x9D, 0x11, 0x10, 0x8D, 0x16, 0x83, 0x2C, 0x07, 0x2D, 
    0x07, 0x16, 0x56, 0xCA, 0x18, 0x8A, 0x02, 0x2E, 0x02, 0x00, 0x00, 0x16, 
    0x42, 0x44, 0xE2, 0xA7, 0x07, 0x16, 0x7C, 0x27, 0xD5, 0x5C, 0x16, 0x02, 
    0x51, 0x85, 0x6E, 0x07, 0x80, 0x2D, 0x80, 0x8F, 0x9C, 0xF8, 0x69, 0x16, 
    0xA0, 0xAC, 0x16, 0x7A, 0x07, 0x2D, 0x16, 0xA0, 0xAC, 0x16, 0x7A, 0x04, 
    0x02, 0x2F, 0x02, 0x00, 0x00, 0x24, 0x02, 0x30, 0x02, 0x00, 0x00, 0x23, 
    0x16, 0x08, 0xB9, 0x8F, 0x45, 0x16, 0xF9, 0x81, 0xDC, 0xA1, 0x07, 0x1C, 
    0x0C, 0x00, 0x00, 0x80, 0xAD, 0x42, 0x53, 0x20, 0x4C, 0x69, 0x70, 0x73, 
    0x6C, 0x69, 0x64, 0x65, 0x00, 0x80, 0xCD, 0x32, 0x02, 0x00, 0x00, 0x16, 
    0xF3, 0xAD, 0x76, 0xC8, 0x02, 0x33, 0x02, 0x00, 0x00, 0x16, 0x6F, 0xD8, 
    0x5E, 0x25, 0x03, 0x80, 0x8D, 0xF9, 0x81, 0xDC, 0xA1, 0x80, 0xB5, 0x2D, 
    0x16, 0xF9, 0x81, 0xDC, 0xA1, 0x16, 0xAE, 0xC8, 0x66, 0xCD, 0x07, 0x17, 
    0xC8, 0x84, 0x61, 0x81, 0x00, 0x16, 0x60, 0x97, 0x73, 0x64, 0x07, 0x17, 
    0x0E, 0x00, 0x00, 0x00, 0x16, 0x64, 0x0F, 0xB6, 0xEB, 0x07, 0x16, 0xC3, 
    0xB4, 0xF3, 0x24, 0x16, 0xA4, 0x9B, 0x54, 0x98, 0x07, 0x16, 0x6B, 0x32, 
    0x8D, 0x77, 0x16, 0xB7, 0x7D, 0x3F, 0x0E, 0x07, 0x16, 0x70, 0x96, 0x06, 
    0xA0, 0x16, 0xD6, 0xA8, 0x21, 0x73, 0x07, 0x16, 0x9D, 0x11, 0x10, 0x8D, 
    0x16, 0x83, 0x2C, 0x07, 0x2D, 0x07, 0x16, 0x56, 0xCA, 0x18, 0x8A, 0x02, 
    0x34, 0x02, 0x00, 0x00, 0x16, 0x42, 0x44, 0xE2, 0xA7, 0x07, 0x16, 0x7C, 
    0x27, 0xD5, 0x5C, 0x16, 0x02, 0x51, 0x85, 0x6E, 0x07, 0x80, 0xE5, 0x83, 
    0xCD, 0x14, 0x34, 0x16, 0xA0, 0xAC, 0x16, 0x7A, 0x07, 0x2D, 0x16, 0xA0, 
    0xAC, 0x16, 0x7A, 0x04, 0x02, 0x35, 0x02, 0x00, 0x00, 0x24, 0x02, 0x36, 
    0x02, 0x80, 0xA5, 0x00, 0x23, 0x16, 0x94, 0xC4, 0x4A, 0x2D, 0x02, 0x39, 
    0x02, 0x80, 0xC1, 0x00, 0x25, 0x16, 0x7B, 0x1B, 0x37, 0xBE, 0x02, 0x3A, 
    0x02, 0x00, 0x00, 0x16, 0x7F, 0xA3, 0x9F, 0xAD, 0x80, 0x1D, 0x80, 0x84, 
    0xE7, 0xE7, 0x92, 0x16, 0x0C, 0xF1, 0x31, 0x70, 0x07, 0x03, 0x16, 0xA0, 
    0xAC, 0x16, 0x7A, 0x07, 0x2D, 0x16, 0xA0, 0xAC, 0x16, 0x7A, 0x04, 0x02, 
    0x3B, 0x02, 0x00, 0x00, 0x26, 0x02, 0x3C, 0x02, 0x00, 0x00, 0x16, 0x7F, 
    0xA3, 0x9F, 0xAD, 0x80, 0xDD, 0xF0, 0x0C, 0x60, 0x9C, 0x16, 0x0C, 0xF1, 
    0x31, 0x70, 0x07, 0x03, 0x16, 0xA0, 0xAC, 0x16, 0x7A, 0x07, 0x2D, 0x16, 
    0xA0, 0xAC, 0x16, 0x7A, 0x04, 0x80, 0x81, 0x3D, 0x88, 0x51, 0x80, 0x28, 
    0x02, 0x3E, 0x02, 0x00, 0x00, 0x24, 0x02, 0x3F, 0x02, 0x00, 0x00, 0x23, 
    0x16, 0xF0, 0x0C, 0x60, 0x9C, 0x16, 0xF9, 0x81, 0xDC, 0xA1, 0x07, 0x1C, 
    0x0D, 0x00, 0x00, 0x00, 0x46, 0x53, 0x20, 0x54, 0x61, 0x69, 0x6C, 0x73, 
    0x6C, 0x69, 0x64, 0x65, 0x00, 0x02, 0x41, 0x02, 0x00, 0x00, 0x16, 0x6F, 
    0xD8, 0x5E, 0x25, 0x03, 0x80, 0x8D, 0xF9, 0x81, 0xDC, 0xA1, 0x80, 0xB5, 
    0x2D, 0x16, 0xF9, 0x81, 0xDC, 0xA1, 0x16, 0xAE, 0xC8, 0x66, 0xCD, 0x07, 
    0x17, 0x96, 0x84, 0x99, 0x00, 0x16, 0x60, 0x97, 0x73, 0x64, 0x07, 0x80, 
    0x29, 0x80, 0x0B, 0x00, 0x00, 0x00, 0x16, 0x64, 0x0F, 0xB6, 0xEB, 0x07, 
    0x16, 0x17, 0x46, 0xDE, 0x8F, 0x16, 0xA4, 0x9B, 0x54, 0x98, 0x07, 0x16, 
    0x86, 0xF4, 0x2A, 0x54, 0x16, 0xB7, 0x7D, 0x3F, 0x0E, 0x07, 0x16, 0x7D, 
    0xDC, 0x28, 0xB0, 0x16, 0xD6, 0xA8, 0x21, 0x73, 0x07, 0x80, 0xB5, 0x9D, 
    0x11, 0x10, 0x8D, 0x16, 0x83, 0x2C, 0x07, 0x2D, 0x07, 0x2D, 0x16, 0x83, 
    0x2C, 0x80, 0xD9, 0x2D, 0x02, 0x42, 0x02, 0x00, 0x00, 0x16, 0x42, 0x44, 
    0xE2, 0xA7, 0x07, 0x16, 0xC2, 0x23, 0x2B, 0xE6, 0x16, 0x02, 0x51, 0x85, 
    0x6E, 0x07, 0x80, 0xE5, 0x8B, 0xB9, 0xC4, 0x30, 0x16, 0xA0, 0xAC, 0x16, 
    0x7A, 0x07, 0x2D, 0x16, 0xA0, 0xAC, 0x16, 0x7A, 0x04, 0x02, 0x43, 0x02, 
    0x00, 0x00, 0x24, 0x02, 0x44, 0x02, 0x80, 0xA5, 0x00, 0x23, 0x16, 0x90, 
    0x01, 0x26, 0x49, 0x02, 0x46, 0x02, 0x80, 0xC1, 0x00, 0x25, 0x16, 0x7B, 
    0x1B, 0x37, 0xBE, 0x02, 0x47, 0x02, 0x00, 0x00, 0x16, 0x7F, 0xA3, 0x9F, 
    0xAD, 0x80, 0x1D, 0x80, 0x44, 0x41, 0x67, 0x67, 0x16, 0x0C, 0xF1, 0x31, 
    0x70, 0x07, 0x03, 0x16, 0xA0, 0xAC, 0x16, 0x7A, 0x07, 0x2D, 0x16, 0xA0, 
    0xAC, 0x16, 0x7A, 0x04, 0x02, 0x48, 0x02, 0x00, 0x00, 0x26, 0x02, 0x49, 
    0x02, 0x00, 0x00, 0x16, 0x7F, 0xA3, 0x9F, 0xAD, 0x80, 0xDD, 0x30, 0xAA, 
    0xE0, 0x69, 0x16, 0x0C, 0xF1, 0x31, 0x70, 0x07, 0x03, 0x16, 0xA0, 0xAC, 
    0x16, 0x7A, 0x07, 0x2D, 0x16, 0xA0, 0xAC, 0x16, 0x7A, 0x04, 0x80, 0x81, 
    0x4A, 0x88, 0x51, 0x80, 0x28, 0x02, 0x4B, 0x02, 0x00, 0x00, 0x24, 0x02, 
    0x4C, 0x02, 0x00, 0x00, 0x23, 0x16, 0x30, 0xAA, 0xE0, 0x69, 0x16, 0xF9, 
    0x81, 0xDC, 0xA1, 0x07, 0x1C, 0x0D, 0x00, 0x00, 0x00, 0x42, 0x53, 0x20, 
    0x54, 0x61, 0x69, 0x6C, 0x73, 0x6C, 0x69, 0x64, 0x65, 0x00, 0x02, 0x4E, 
    0x02, 0x00, 0x00, 0x16, 0x6F, 0xD8, 0x5E, 0x25, 0x03, 0x80, 0x8D, 0xF9, 
    0x81, 0xDC, 0xA1, 0x80, 0xB5, 0x2D, 0x16, 0xF9, 0x81, 0xDC, 0xA1, 0x16, 
    0xAE, 0xC8, 0x66, 0xCD, 0x07, 0x17, 0x96, 0x84, 0x49, 0x80, 0x00, 0x16, 
    0x60, 0x97, 0x73, 0x64, 0x07, 0x17, 0x0B, 0x00, 0x00, 0x00, 0x16, 0x64, 
    0x0F, 0xB6, 0xEB, 0x07, 0x16, 0x06, 0x67, 0x1E, 0x2F, 0x16, 0xA4, 0x9B, 
    0x54, 0x98, 0x07, 0x16, 0x31, 0xE1, 0x69, 0x68, 0x16, 0xB7, 0x7D, 0x3F, 
    0x0E, 0x07, 0x16, 0x1E, 0xB9, 0x54, 0x3A, 0x16, 0xD6, 0xA8, 0x21, 0x73, 
    0x07, 0x80, 0xB5, 0x9D, 0x11, 0x10, 0x8D, 0x16, 0x83, 0x2C, 0x07, 0x2D, 
    0x07, 0x2D, 0x16, 0x83, 0x2C, 0x80, 0xD9, 0x2D, 0x02, 0x4F, 0x02, 0x00, 
    0x00, 0x16, 0x42, 0x44, 0xE2, 0xA7, 0x07, 0x16, 0x08, 0x1A, 0x0C, 0x26, 
    0x16, 0x02, 0x51, 0x85, 0x6E, 0x07, 0x80, 0xE5, 0x8F, 0x7C, 0xA8, 0x54, 
    0x16, 0xA0, 0xAC, 0x16, 0x7A, 0x07, 0x2D, 0x16, 0xA0, 0xAC, 0x16, 0x7A, 
    0x04, 0x02, 0x50, 0x02, 0x00, 0x00, 0x24, 0x02, 0x51, 0x02, 0x80, 0x99, 
    0x00, 0x23, 0x16, 0x91, 0xAF, 0x4C, 0x6C, 0x80, 0xA1, 0x53, 0x02, 0x00, 
    0x00, 0x16, 0x65, 0x0C, 0xDE, 0xD9, 0x80, 0xC9, 0x54, 0x02, 0x00, 0x00, 
    0x16, 0x69, 0x3F, 0xE9, 0x63, 0x02, 0x55, 0x02, 0x00, 0x00, 0x16, 0x7F, 
    0xA3, 0x9F, 0xAD, 0x80, 0xFD, 0x90, 0x01, 0x26, 0x49, 0x16, 0x0C, 0xF1, 
    0x31, 0x70, 0x07, 0x03, 0x16, 0x83, 0x2C, 0x07, 0x2D, 0x07, 0x16, 0x56, 
    0xCA, 0x18, 0x8A, 0x04, 0x02, 0x56, 0x02, 0x00, 0x00, 0x24, 0x02, 0x57, 
    0x02, 0x80, 0x99, 0x00, 0x23, 0x16, 0x87, 0xED, 0xDD, 0xF7, 0x80, 0xA1, 
    0x59, 0x02, 0x00, 0x00, 0x16, 0x65, 0x0C, 0xDE, 0xD9, 0x80, 0xC9, 0x5A, 
    0x02, 0x00, 0x00, 0x16, 0x69, 0x3F, 0xE9, 0x63, 0x02, 0x5B, 0x02, 0x00, 
    0x00, 0x16, 0x7F, 0xA3, 0x9F, 0xAD, 0x80, 0x89, 0x94, 0xC4, 0x4A, 0x80, 
    0xED, 0x16, 0x0C, 0xF1, 0x31, 0x70, 0x07, 0x03, 0x16, 0x83, 0x2C, 0x07, 
    0x2D, 0x07, 0x16, 0x56, 0xCA, 0x18, 0x8A, 0x04, 0x02, 0x5C, 0x02, 0x00, 
    0x00, 0x24, 0x02, 0x5D, 0x02, 0x80, 0xA5, 0x00, 0x23, 0x16, 0x75, 0x4D, 
    0x3C, 0x05, 0x02, 0x5F, 0x02, 0x80, 0xC1, 0x00, 0x25, 0x16, 0x7B, 0x1B, 
    0x37, 0xBE, 0x02, 0x60, 0x02, 0x00, 0x00, 0x16, 0x7F, 0xA3, 0x9F, 0xAD, 
    0x80, 0x1D, 0x80, 0x30, 0xAA, 0xE0, 0x69, 0x16, 0x0C, 0xF1, 0x31, 0x70, 
    0x07, 0x03, 0x16, 0xA0, 0xAC, 0x16, 0x7A, 0x07, 0x2D, 0x16, 0xA0, 0xAC, 
    0x16, 0x7A, 0x04, 0x02, 0x61, 0x02, 0x00, 0x00, 0x26, 0x02, 0x62, 0x02, 
    0x00, 0x00, 0x16, 0x7F, 0xA3, 0x9F, 0xAD, 0x80, 0xDD, 0x44, 0x41, 0x67, 
    0x67, 0x16, 0x0C, 0xF1, 0x31, 0x70, 0x07, 0x03, 0x16, 0xA0, 0xAC, 0x16, 
    0x7A, 0x07, 0x2D, 0x16, 0xA0, 0xAC, 0x16, 0x7A, 0x04, 0x80, 0x81, 0x63, 
    0x88, 0x51, 0x80, 0x28, 0x02, 0x64, 0x02, 0x00, 0x00, 0x24, 0x02, 0x65, 
    0x02, 0x00, 0x00, 0x23, 0x16, 0x44, 0x41, 0x67, 0x67, 0x16, 0xF9, 0x81, 
    0xDC, 0xA1, 0x07, 0x1C, 0x0D, 0x00, 0x00, 0x00, 0x46, 0x53, 0x20, 0x4E, 
    0x6F, 0x73, 0x65, 0x73, 0x6C, 0x69, 0x64, 0x65, 0x00, 0x02, 0x67, 0x02, 
    0x00, 0x00, 0x16, 0x6F, 0xD8, 0x5E, 0x25, 0x03, 0x80, 0x8D, 0xF9, 0x81, 
    0xDC, 0xA1, 0x80, 0xB5, 0x2D, 0x16, 0xF9, 0x81, 0xDC, 0xA1, 0x16, 0xAE, 
    0xC8, 0x66, 0xCD, 0x07, 0x17, 0x96, 0x84, 0x75, 0x80, 0x00, 0x16, 0x60, 
    0x97, 0x73, 0x64, 0x07, 0x17, 0x0B, 0x00, 0x00, 0x00, 0x16, 0x64, 0x0F, 
    0xB6, 0xEB, 0x07, 0x16, 0x82, 0x0E, 0x1B, 0x47, 0x16, 0xA4, 0x9B, 0x54, 
    0x98, 0x07, 0x16, 0x32, 0xB9, 0x2D, 0xAF, 0x16, 0xD6, 0xA8, 0x21, 0x73, 
    0x07, 0x16, 0x9D, 0x11, 0x10, 0x8D, 0x16, 0x2C, 0xEF, 0x7B, 0xDE, 0x07, 
    0x16, 0x56, 0xCA, 0x18, 0x8A, 0x16, 0xB7, 0x7D, 0x3F, 0x0E, 0x07, 0x80, 
    0xB5, 0x1A, 0x78, 0x0D, 0x67, 0x16, 0x83, 0x2C, 0x07, 0x2D, 0x07, 0x2D, 
    0x16, 0x83, 0x2C, 0x80, 0xD9, 0x2D, 0x02, 0x68, 0x02, 0x00, 0x00, 0x16, 
    0x42, 0x44, 0xE2, 0xA7, 0x07, 0x16, 0x08, 0x1A, 0x0C, 0x26, 0x16, 0x02, 
    0x51, 0x85, 0x6E, 0x07, 0x80, 0xE5, 0xEC, 0x1D, 0xE1, 0xE7, 0x16, 0xA0, 
    0xAC, 0x16, 0x7A, 0x07, 0x2D, 0x16, 0xA0, 0xAC, 0x16, 0x7A, 0x04, 0x02, 
    0x69, 0x02, 0x00, 0x00, 0x24, 0x02, 0x6A, 0x02, 0x80, 0xA5, 0x00, 0x23, 
    0x16, 0x71, 0x88, 0x50, 0x61, 0x02, 0x6C, 0x02, 0x80, 0xC1, 0x00, 0x25, 
    0x16, 0x7B, 0x1B, 0x37, 0xBE, 0x02, 0x6D, 0x02, 0x00, 0x00, 0x16, 0x7F, 
    0xA3, 0x9F, 0xAD, 0x80, 0x1D, 0x80, 0xF0, 0x0C, 0x60, 0x9C, 0x16, 0x0C, 
    0xF1, 0x31, 0x70, 0x07, 0x03, 0x16, 0xA0, 0xAC, 0x16, 0x7A, 0x07, 0x2D, 
    0x16, 0xA0, 0xAC, 0x16, 0x7A, 0x04, 0x02, 0x6E, 0x02, 0x00, 0x00, 0x26, 
    0x02, 0x6F, 0x02, 0x00, 0x00, 0x16, 0x7F, 0xA3, 0x9F, 0xAD, 0x80, 0xDD, 
    0x84, 0xE7, 0xE7, 0x92, 0x16, 0x0C, 0xF1, 0x31, 0x70, 0x07, 0x03, 0x16, 
    0xA0, 0xAC, 0x16, 0x7A, 0x07, 0x2D, 0x16, 0xA0, 0xAC, 0x16, 0x7A, 0x04, 
    0x80, 0x81, 0x70, 0x88, 0x51, 0x80, 0x28, 0x02, 0x71, 0x02, 0x00, 0x00, 
    0x24, 0x02, 0x72, 0x02, 0x00, 0x00, 0x23, 0x16, 0x84, 0xE7, 0xE7, 0x92, 
    0x16, 0xF9, 0x81, 0xDC, 0xA1, 0x07, 0x1C, 0x0D, 0x00, 0x00, 0x00, 0x42, 
    0x53, 0x20, 0x4E, 0x6F, 0x73, 0x65, 0x73, 0x6C, 0x69, 0x64, 0x65, 0x00, 
    0x02, 0x74, 0x02, 0x00, 0x00, 0x16, 0x6F, 0xD8, 0x5E, 0x25, 0x03, 0x80, 
    0x8D, 0xF9, 0x81, 0xDC, 0xA1, 0x80, 0xB5, 0x2D, 0x16, 0xF9, 0x81, 0xDC, 
    0xA1, 0x16, 0xAE, 0xC8, 0x66, 0xCD, 0x07, 0x17, 0x96, 0x84, 0x61, 0x80, 
    0x00, 0x16, 0x60, 0x97, 0x73, 0x64, 0x07, 0x17, 0x0B, 0x00, 0x00, 0x00, 
    0x16, 0x64, 0x0F, 0xB6, 0xEB, 0x07, 0x16, 0x93, 0x2F, 0xDB, 0xE7, 0x16, 
    0xA4, 0x9B, 0x54, 0x98, 0x07, 0x16, 0x85, 0xAC, 0x6E, 0x93, 0x16, 0xB7, 
    0x7D, 0x3F, 0x0E, 0x07, 0x16, 0x79, 0x1D, 0x71, 0xED, 0x16, 0xD6, 0xA8, 
    0x21, 0x73, 0x07, 0x16, 0x9D, 0x11, 0x10, 0x8D, 0x16, 0x80, 0x8D, 0xEF, 
    0x7B, 0xDE, 0x07, 0x80, 0xB5, 0x56, 0xCA, 0x18, 0x8A, 0x16, 0x83, 0x2C, 
    0x07, 0x2D, 0x07, 0x2D, 0x16, 0x83, 0x2C, 0x80, 0xD9, 0x2D, 0x02, 0x75, 
    0x02, 0x00, 0x00, 0x16, 0x42, 0x44, 0xE2, 0xA7, 0x07, 0x16, 0xC2, 0x23, 
    0x2B, 0xE6, 0x16, 0x02, 0x51, 0x85, 0x6E, 0x07, 0x80, 0xE5, 0xE8, 0xD8, 
    0x8D, 0x83, 0x16, 0xA0, 0xAC, 0x16, 0x7A, 0x07, 0x2D, 0x16, 0xA0, 0xAC, 
    0x16, 0x7A, 0x04, 0x02, 0x76, 0x02, 0x00, 0x00, 0x24, 0x02, 0x77, 0x02, 
    0x80, 0x99, 0x00, 0x23, 0x16, 0x49, 0xDF, 0xBB, 0xA0, 0x80, 0xA1, 0x79, 
    0x02, 0x00, 0x00, 0x16, 0x65, 0x0C, 0xDE, 0xD9, 0x80, 0xC9, 0x7A, 0x02, 
    0x00, 0x00, 0x16, 0x69, 0x3F, 0xE9, 0x63, 0x02, 0x7B, 0x02, 0x00, 0x00, 
    0x16, 0x7F, 0xA3, 0x9F, 0xAD, 0x80, 0xFD, 0x71, 0x88, 0x50, 0x61, 0x16, 
    0x0C, 0xF1, 0x31, 0x70, 0x07, 0x03, 0x16, 0x83, 0x2C, 0x07, 0x2D, 0x07, 
    0x16, 0x56, 0xCA, 0x18, 0x8A, 0x04, 0x02, 0x7C, 0x02, 0x00, 0x00, 0x24, 
    0x02, 0x7D, 0x02, 0x80, 0x99, 0x00, 0x23, 0x16, 0x5F, 0x9D, 0x2A, 0x3B, 
    0x80, 0xA1, 0x7F, 0x02, 0x00, 0x00, 0x16, 0x65, 0x0C, 0xDE, 0xD9, 0x80, 
    0xC9, 0x80, 0x02, 0x00, 0x00, 0x16, 0x69, 0x3F, 0xE9, 0x63, 0x02, 0x81, 
    0x02, 0x00, 0x00, 0x16, 0x7F, 0xA3, 0x9F, 0xAD, 0x80, 0x29, 0x81, 0x75, 
    0x4D, 0x3C, 0x05, 0x16, 0x0C, 0xF1, 0x31, 0x70, 0x07, 0x03, 0x16, 0x83, 
    0x2C, 0x07, 0x2D, 0x07, 0x16, 0x56, 0xCA, 0x18, 0x8A, 0x04, 0x02, 0x82, 
    0x02, 0x00, 0x00, 0x24, 0x02, 0x83, 0x02, 0x00, 0x00, 0x23, 0x16, 0xF3, 
    0xEA, 0x20, 0x38, 0x16, 0xF9, 0x81, 0xDC, 0xA1, 0x07, 0x1C, 0x0D, 0x00, 
    0x00, 0x00, 0x46, 0x53, 0x20, 0x4E, 0x6F, 0x73, 0x65, 0x67, 0x72, 0x69, 
    0x6E, 0x64, 0x00, 0x02, 0x86, 0x02, 0x00, 0x00, 0x16, 0x6F, 0xD8, 0x5E, 
    0x25, 0x03, 0x80, 0x8D, 0xF9, 0x81, 0xDC, 0xA1, 0x80, 0x49, 0x80, 0x2D, 
    0x16, 0xF9, 0x81, 0xDC, 0xA1, 0x16, 0xAE, 0xC8, 0x66, 0xCD, 0x07, 0x17, 
    0x64, 0x00, 0x00, 0x00, 0x16, 0x64, 0x0F, 0xB6, 0xEB, 0x07, 0x16, 0x61, 
    0xE6, 0x95, 0x4F, 0x16, 0xA4, 0x9B, 0x54, 0x98, 0x07, 0x16, 0xEB, 0xBD, 
    0x91, 0x83, 0x16, 0xD6, 0xA8, 0x21, 0x73, 0x07, 0x16, 0x6F, 0xD8, 0x5E, 
    0x25, 0x16, 0x80, 0x8D, 0xEF, 0x7B, 0xDE, 0x07, 0x80, 0xB5, 0x56, 0xCA, 
    0x18, 0x8A, 0x16, 0x83, 0x2C, 0x07, 0x2D, 0x07, 0x2D, 0x16, 0x83, 0x2C, 
    0x80, 0xD9, 0x2D, 0x02, 0x87, 0x02, 0x00, 0x00, 0x16, 0x42, 0x44, 0xE2, 
    0xA7, 0x07, 0x16, 0xC2, 0x23, 0x2B, 0xE6, 0x16, 0x02, 0x51, 0x85, 0x6E, 
    0x07, 0x80, 0x11, 0x81, 0xEC, 0x1D, 0xE1, 0xE7, 0x16, 0xA0, 0xAC, 0x16, 
    0x7A, 0x07, 0x2D, 0x16, 0xA0, 0xAC, 0x16, 0x7A, 0x04, 0x02, 0x88, 0x02, 
    0x00, 0x00, 0x24, 0x02, 0x89, 0x02, 0x00, 0x00, 0x23, 0x16, 0xF7, 0x2F, 
    0x4C, 0x5C, 0x16, 0xF9, 0x81, 0xDC, 0xA1, 0x07, 0x1C, 0x0D, 0x00, 0x00, 
    0x00, 0x42, 0x53, 0x20, 0x4E, 0x6F, 0x73, 0x65, 0x67, 0x72, 0x69, 0x6E, 
    0x64, 0x00, 0x02, 0x8B, 0x02, 0x00, 0x00, 0x16, 0x6F, 0xD8, 0x5E, 0x25, 
    0x03, 0x80, 0x8D, 0xF9, 0x81, 0xDC, 0xA1, 0x80, 0x49, 0x80, 0x2D, 0x16, 
    0xF9, 0x81, 0xDC, 0xA1, 0x16, 0xAE, 0xC8, 0x66, 0xCD, 0x07, 0x17, 0x64, 
    0x00, 0x00, 0x00, 0x16, 0x64, 0x0F, 0xB6, 0xEB, 0x07, 0x16, 0x61, 0xE6, 
    0x95, 0x4F, 0x16, 0xA4, 0x9B, 0x54, 0x98, 0x07, 0x16, 0xEB, 0xBD, 0x91, 
    0x83, 0x16, 0xD6, 0xA8, 0x21, 0x73, 0x07, 0x16, 0x6F, 0xD8, 0x5E, 0x25, 
    0x16, 0x80, 0x8D, 0xEF, 0x7B, 0xDE, 0x07, 0x80, 0xB5, 0x56, 0xCA, 0x18, 
    0x8A, 0x16, 0x83, 0x2C, 0x07, 0x2D, 0x07, 0x2D, 0x16, 0x83, 0x2C, 0x80, 
    0xD9, 0x2D, 0x02, 0x8C, 0x02, 0x00, 0x00, 0x16, 0x42, 0x44, 0xE2, 0xA7, 
    0x07, 0x16, 0xC2, 0x23, 0x2B, 0xE6, 0x16, 0x02, 0x51, 0x85, 0x6E, 0x07, 
    0x80, 0xE5, 0xE8, 0xD8, 0x8D, 0x83, 0x16, 0xA0, 0xAC, 0x16, 0x7A, 0x07, 
    0x2D, 0x16, 0xA0, 0xAC, 0x16, 0x7A, 0x04, 0x02, 0x8D, 0x02, 0x00, 0x00, 
    0x24, 0x02, 0x8E, 0x02, 0x80, 0x99, 0x00, 0x23, 0x16, 0x11, 0x2E, 0x30, 
    0x91, 0x80, 0xA1, 0x90, 0x02, 0x00, 0x00, 0x16, 0x65, 0x0C, 0xDE, 0xD9, 
    0x80, 0xC9, 0x92, 0x02, 0x00, 0x00, 0x16, 0x69, 0x3F, 0xE9, 0x63, 0x02, 
    0x93, 0x02, 0x00, 0x00, 0x16, 0x7F, 0xA3, 0x9F, 0xAD, 0x80, 0xFD, 0xCE, 
    0x6C, 0xBC, 0x96, 0x16, 0x0C, 0xF1, 0x31, 0x70, 0x07, 0x03, 0x16, 0x83, 
    0x2C, 0x07, 0x2D, 0x07, 0x16, 0x56, 0xCA, 0x18, 0x8A, 0x04, 0x02, 0x94, 
    0x02, 0x00, 0x00, 0x24, 0x02, 0x95, 0x02, 0x80, 0x99, 0x00, 0x23, 0x16, 
    0x07, 0x6C, 0xA1, 0x0A, 0x80, 0xA1, 0x97, 0x02, 0x00, 0x00, 0x16, 0x65, 
    0x0C, 0xDE, 0xD9, 0x80, 0xC9, 0x99, 0x02, 0x00, 0x00, 0x16, 0x69, 0x3F, 
    0xE9, 0x63, 0x02, 0x9A, 0x02, 0x00, 0x00, 0x16, 0x7F, 0xA3, 0x9F, 0xAD, 
    0x80, 0x41, 0x80, 0xCA, 0xA9, 0xD0, 0xF2, 0x16, 0x0C, 0xF1, 0x31, 0x70, 
    0x07, 0x03, 0x16, 0x83, 0x2C, 0x07, 0x2D, 0x07, 0x16, 0x56, 0xCA, 0x18, 
    0x8A, 0x04, 0x02, 0x9B, 0x02, 0x00, 0x00, 0x24, 0x02, 0x9C, 0x02, 0x00, 
    0x00, 0x23, 0x16, 0xCE, 0x6C, 0xBC, 0x96, 0x16, 0xF9, 0x81, 0xDC, 0xA1, 
    0x07, 0x1C, 0x07, 0x00, 0x84, 0xC5, 0x46, 0x53, 0x20, 0x35, 0x2D, 0x30, 
    0x00, 0x02, 0x9F, 0x02, 0x00, 0x00, 0x16, 0x6F, 0xD8, 0x5E, 0x25, 0x03, 
    0x80, 0x8D, 0xF9, 0x81, 0xDC, 0xA1, 0x80, 0x31, 0x80, 0x2D, 0x16, 0xF9, 
    0x81, 0xDC, 0xA1, 0x16, 0xAE, 0xC8, 0x66, 0xCD, 0x07, 0x17, 0x64, 0x00, 
    0x00, 0x00, 0x16, 0x64, 0x0F, 0xB6, 0xEB, 0x07, 0x16, 0xF4, 0xAE, 0x50, 
    0x87, 0x16, 0xA4, 0x9B, 0x54, 0x98, 0x07, 0x16, 0x5F, 0xF0, 0x96, 0x78, 
    0x16, 0xD6, 0xA8, 0x21, 0x73, 0x07, 0x80, 0xB5, 0x6F, 0xD8, 0x5E, 0x25, 
    0x16, 0x83, 0x2C, 0x07, 0x2D, 0x07, 0x2D, 0x16, 0x83, 0x2C, 0x80, 0xD9, 
    0x2D, 0x02, 0xA0, 0x02, 0x00, 0x00, 0x16, 0x42, 0x44, 0xE2, 0xA7, 0x07, 
    0x16, 0xC2, 0x23, 0x2B, 0xE6, 0x16, 0x02, 0x51, 0x85, 0x6E, 0x07, 0x80, 
    0x29, 0x80, 0x8B, 0xB9, 0xC4, 0x30, 0x16, 0xA0, 0xAC, 0x16, 0x7A, 0x07, 
    0x2D, 0x16, 0xA0, 0xAC, 0x16, 0x7A, 0x04, 0x02, 0xA1, 0x02, 0x00, 0x00, 
    0x24, 0x02, 0xA2, 0x02, 0x00, 0x00, 0x23, 0x16, 0xCA, 0xA9, 0xD0, 0xF2, 
    0x16, 0xF9, 0x81, 0xDC, 0xA1, 0x07, 0x1C, 0x07, 0x00, 0x84, 0xC5, 0x42, 
    0x53, 0x20, 0x35, 0x2D, 0x30, 0x00, 0x02, 0xA4, 0x02, 0x00, 0x00, 0x16, 
    0x6F, 0xD8, 0x5E, 0x25, 0x03, 0x80, 0x8D, 0xF9, 0x81, 0xDC, 0xA1, 0x80, 
    0x31, 0x80, 0x2D, 0x16, 0xF9, 0x81, 0xDC, 0xA1, 0x16, 0xAE, 0xC8, 0x66, 
    0xCD, 0x07, 0x17, 0x64, 0x00, 0x00, 0x00, 0x16, 0x64, 0x0F, 0xB6, 0xEB, 
    0x07, 0x16, 0xF4, 0xAE, 0x50, 0x87, 0x16, 0xA4, 0x9B, 0x54, 0x98, 0x07, 
    0x16, 0x5F, 0xF0, 0x96, 0x78, 0x16, 0xD6, 0xA8, 0x21, 0x73, 0x07, 0x80, 
    0xB5, 0x6F, 0xD8, 0x5E, 0x25, 0x16, 0x83, 0x2C, 0x07, 0x2D, 0x07, 0x2D, 
    0x16, 0x83, 0x2C, 0x80, 0xD9, 0x2D, 0x02, 0xA5, 0x02, 0x00, 0x00, 0x16, 
    0x42, 0x44, 0xE2, 0xA7, 0x07, 0x16, 0xC2, 0x23, 0x2B, 0xE6, 0x16, 0x02, 
    0x51, 0x85, 0x6E, 0x07, 0x80, 0xE5, 0x8F, 0x7C, 0xA8, 0x54, 0x16, 0xA0, 
    0xAC, 0x16, 0x7A, 0x07, 0x2D, 0x16, 0xA0, 0xAC, 0x16, 0x7A, 0x04, 0x02, 
    0xA6, 0x02, 0x00, 0x00, 0x24, 0x02, 0xA7, 0x02, 0x80, 0x99, 0x00, 0x23, 
    0x16, 0xB0, 0x60, 0xC2, 0x01, 0x80, 0xA1, 0xA9, 0x02, 0x00, 0x00, 0x16, 
    0x65, 0x0C, 0xDE, 0xD9, 0x80, 0xC9, 0xAB, 0x02, 0x00, 0x00, 0x16, 0x69, 
    0x3F, 0xE9, 0x63, 0x02, 0xAC, 0x02, 0x00, 0x00, 0x16, 0x7F, 0xA3, 0x9F, 
    0xAD, 0x80, 0xFD, 0xF7, 0x2F, 0x4C, 0x5C, 0x16, 0x0C, 0xF1, 0x31, 0x70, 
    0x07, 0x03, 0x16, 0x83, 0x2C, 0x07, 0x2D, 0x07, 0x16, 0x56, 0xCA, 0x18, 
    0x8A, 0x04, 0x02, 0xAD, 0x02, 0x00, 0x00, 0x24, 0x02, 0xAE, 0x02, 0x80, 
    0x99, 0x00, 0x23, 0x16, 0xA6, 0x22, 0x53, 0x9A, 0x80, 0xA1, 0xB0, 0x02, 
    0x00, 0x00, 0x16, 0x65, 0x0C, 0xDE, 0xD9, 0x80, 0xC9, 0xB2, 0x02, 0x00, 
    0x00, 0x16, 0x69, 0x3F, 0xE9, 0x63, 0x02, 0xB3, 0x02, 0x00, 0x00, 0x16, 
    0x7F, 0xA3, 0x9F, 0xAD, 0x80, 0x41, 0x80, 0xF7, 0x2F, 0x4C, 0x5C, 0x16, 
    0x0C, 0xF1, 0x31, 0x70, 0x07, 0x03, 0x16, 0x83, 0x2C, 0x07, 0x2D, 0x07, 
    0x16, 0x56, 0xCA, 0x18, 0x8A, 0x04, 0x02, 0xB4, 0x02, 0x00, 0x00, 0x24, 
    0x02, 0xB5, 0x02, 0x00, 0x00, 0x23, 0x16, 0xF5, 0x3F, 0xA3, 0x1F, 0x16, 
    0xF9, 0x81, 0xDC, 0xA1, 0x07, 0x1C, 0x0B, 0x00, 0x80, 0x95, 0x00, 0x46, 
    0x53, 0x20, 0x43, 0x72, 0x80, 0xBD, 0x6F, 0x6B, 0x65, 0x64, 0x00, 0x02, 
    0xB9, 0x02, 0x00, 0x00, 0x16, 0x6F, 0xD8, 0x5E, 0x25, 0x03, 0x80, 0x8D, 
    0xF9, 0x81, 0xDC, 0xA1, 0x80, 0xB5, 0x2D, 0x16, 0xF9, 0x81, 0xDC, 0xA1, 
    0x16, 0xAE, 0xC8, 0x66, 0xCD, 0x07, 0x17, 0x7D, 0x84, 0x35, 0x80, 0x00, 
    0x16, 0x60, 0x97, 0x73, 0x64, 0x07, 0x17, 0x09, 0x00, 0x00, 0x00, 0x16, 
    0x64, 0x0F, 0xB6, 0xEB, 0x07, 0x16, 0xD6, 0x07, 0x27, 0xD4, 0x16, 0xA4, 
    0x9B, 0x54, 0x98, 0x07, 0x16, 0x49, 0xA1, 0xD7, 0xD7, 0x16, 0xD6, 0xA8, 
    0x21, 0x73, 0x07, 0x16, 0x6F, 0xD8, 0x5E, 0x25, 0x16, 0x80, 0x8D, 0xEF, 
    0x7B, 0xDE, 0x07, 0x80, 0xB5, 0x56, 0xCA, 0x18, 0x8A, 0x16, 0x83, 0x2C, 
    0x07, 0x2D, 0x07, 0x2D, 0x16, 0x83, 0x2C, 0x80, 0xD9, 0x2D, 0x02, 0xBA, 
    0x02, 0x00, 0x00, 0x16, 0x42, 0x44, 0xE2, 0xA7, 0x07, 0x16, 0xC2, 0x23, 
    0x2B, 0xE6, 0x16, 0x02, 0x51, 0x85, 0x6E, 0x07, 0x80, 0xE5, 0xEC, 0x1D, 
    0xE1, 0xE7, 0x16, 0xA0, 0xAC, 0x16, 0x7A, 0x07, 0x2D, 0x16, 0xA0, 0xAC, 
    0x16, 0x7A, 0x04, 0x02, 0xBB, 0x02, 0x00, 0x00, 0x24, 0x02, 0xBC, 0x02, 
    0x80, 0x99, 0x00, 0x23, 0x16, 0x60, 0xC7, 0xBB, 0xE7, 0x80, 0x95, 0xBE, 
    0x02, 0x00, 0x00, 0x16, 0xF3, 0x80, 0x29, 0x80, 0x76, 0xC8, 0x02, 0xBF, 
    0x02, 0x00, 0x00, 0x16, 0x7F, 0xA3, 0x9F, 0xAD, 0x16, 0xF5, 0x3F, 0xA3, 
    0x1F, 0x02, 0xC0, 0x02, 0x00, 0x00, 0x24, 0x02, 0xC1, 0x02, 0x00, 0x00, 
    0x23, 0x16, 0xF1, 0xFA, 0xCF, 0x7B, 0x16, 0xF9, 0x81, 0xDC, 0xA1, 0x07, 
    0x1C, 0x0B, 0x00, 0x80, 0x95, 0x00, 0x42, 0x53, 0x20, 0x43, 0x72, 0x80, 
    0xBD, 0x6F, 0x6B, 0x65, 0x64, 0x00, 0x02, 0xC3, 0x02, 0x00, 0x00, 0x16, 
    0x6F, 0xD8, 0x5E, 0x25, 0x03, 0x80, 0x8D, 0xF9, 0x81, 0xDC, 0xA1, 0x80, 
    0xB5, 0x2D, 0x16, 0xF9, 0x81, 0xDC, 0xA1, 0x16, 0xAE, 0xC8, 0x66, 0xCD, 
    0x07, 0x17, 0x7D, 0x84, 0x35, 0x80, 0x00, 0x16, 0x60, 0x97, 0x73, 0x64, 
    0x07, 0x17, 0x09, 0x00, 0x00, 0x00, 0x16, 0x64, 0x0F, 0xB6, 0xEB, 0x07, 
    0x16, 0xDA, 0x56, 0xCB, 0x89, 0x16, 0xA4, 0x9B, 0x54, 0x98, 0x07, 0x16, 
    0x2A, 0xC4, 0xAB, 0x5D, 0x16, 0xD6, 0xA8, 0x21, 0x73, 0x07, 0x16, 0x6F, 
    0xD8, 0x5E, 0x25, 0x16, 0x80, 0x8D, 0xEF, 0x7B, 0xDE, 0x07, 0x80, 0xB5, 
    0x56, 0xCA, 0x18, 0x8A, 0x16, 0x83, 0x2C, 0x07, 0x2D, 0x07, 0x2D, 0x16, 
    0x83, 0x2C, 0x80, 0xD9, 0x2D, 0x02, 0xC4, 0x02, 0x00, 0x00, 0x16, 0x42, 
    0x44, 0xE2, 0xA7, 0x07, 0x16, 0xC2, 0x23, 0x2B, 0xE6, 0x16, 0x02, 0x51, 
    0x85, 0x6E, 0x07, 0x80, 0xE5, 0xE8, 0xD8, 0x8D, 0x83, 0x16, 0xA0, 0xAC, 
    0x16, 0x7A, 0x07, 0x2D, 0x16, 0xA0, 0xAC, 0x16, 0x7A, 0x04, 0x02, 0xC5, 
    0x02, 0x00, 0x00, 0x24, 0x02, 0xC6, 0x02, 0x80, 0xA5, 0x00, 0x23, 0x16, 
    0xE3, 0xBA, 0x2C, 0x11, 0x02, 0xC8, 0x02, 0x80, 0x55, 0x80, 0x00, 0x25, 
    0x16, 0x15, 0xD5, 0xCF, 0xF8, 0x02, 0xC9, 0x02, 0x00, 0x00, 0x16, 0x0E, 
    0xC6, 0xE8, 0x2D, 0x1B, 0x1A, 0x00, 0x00, 0x00, 0x49, 0x27, 0x6D, 0x20, 
    0x62, 0x61, 0x63, 0x6B, 0x77, 0x61, 0x72, 0x64, 0x73, 0x2E, 0x2E, 0x2E, 
    0x2E, 0x2E, 0x2E, 0x2E, 0x2E, 0x2E, 0x2E, 0x2E, 0x2E, 0x00, 0x02, 0xCA, 
    0x02, 0x00, 0x00, 0x28, 0x80, 0xA1, 0xCB, 0x02, 0x00, 0x00, 0x16, 0x65, 
    0x0C, 0xDE, 0xD9, 0x80, 0xC9, 0xCD, 0x02, 0x00, 0x00, 0x16, 0x69, 0x3F, 
    0xE9, 0x63, 0x02, 0xCE, 0x02, 0x00, 0x00, 0x16, 0x7F, 0xA3, 0x9F, 0xAD, 
    0x80, 0xFD, 0xF1, 0xFA, 0xCF, 0x7B, 0x16, 0x0C, 0xF1, 0x31, 0x70, 0x07, 
    0x03, 0x16, 0x83, 0x2C, 0x07, 0x2D, 0x07, 0x16, 0x56, 0xCA, 0x18, 0x8A, 
    0x04, 0x02, 0xD0, 0x02, 0x00, 0x00, 0x24, 0x02, 0xD1, 0x02, 0x80, 0x99, 
    0x00, 0x23, 0x16, 0xF5, 0xF8, 0xBD, 0x8A, 0x80, 0xA1, 0xD3, 0x02, 0x00, 
    0x00, 0x16, 0x65, 0x0C, 0xDE, 0xD9, 0x80, 0xC9, 0xD4, 0x02, 0x00, 0x00, 
    0x16, 0x69, 0x3F, 0xE9, 0x63, 0x02, 0xD5, 0x02, 0x00, 0x00, 0x16, 0x7F, 
    0xA3, 0x9F, 0xAD, 0x80, 0xFD, 0xF5, 0x3F, 0xA3, 0x1F, 0x16, 0x0C, 0xF1, 
    0x31, 0x70, 0x07, 0x03, 0x16, 0x83, 0x2C, 0x07, 0x2D, 0x07, 0x16, 0x56, 
    0xCA, 0x18, 0x8A, 0x04, 0x02, 0xD7, 0x02, 0x00, 0x00, 0x24, 0x02, 0xD8, 
    0x02, 0x80, 0x99, 0x00, 0x23, 0x16, 0xF7, 0x5E, 0xE4, 0xDC, 0x80, 0x1D, 
    0x80, 0xDA, 0x02, 0x00, 0x00, 0x16, 0xF3, 0xAD, 0x76, 0xC8, 0x02, 0xDB, 
    0x02, 0x00, 0x00, 0x16, 0x0E, 0xC6, 0xE8, 0x2D, 0x1B, 0x31, 0x00, 0x00, 
    0x00, 0x66, 0x69, 0x78, 0x65, 0x64, 0x20, 0x69, 0x74, 0x20, 0x62, 0x69, 
    0x74, 0x63, 0x68, 0x65, 0x73, 0xCC, 0x3D, 0x81, 0x2E, 0x2E, 0x2E, 0x2E, 
    0x2E, 0x2E, 0x2E, 0x2E, 0x2E, 0x2E, 0x2E, 0x2E, 0x00, 0x02, 0xDC, 0x02, 
    0x00, 0x00, 0x16, 0x7F, 0xA3, 0x9F, 0xAD, 0x16, 0xDB, 0x11, 0xEE, 0xD4, 
    0x02, 0xDD, 0x02, 0x00, 0x00, 0x24, 0x02, 0xDE, 0x02, 0x00, 0x00, 0x23, 
    0x16, 0xDB, 0x11, 0xEE, 0xD4, 0x16, 0xF9, 0x81, 0xDC, 0xA1, 0x07, 0x1C, 
    0x0D, 0x00, 0x00, 0x00, 0x46, 0x53, 0x20, 0x4F, 0x76, 0x65, 0x72, 0x63, 
    0x72, 0x6F, 0x6F, 0x6B, 0x00, 0x02, 0xE0, 0x02, 0x00, 0x00, 0x16, 0x6F, 
    0xD8, 0x5E, 0x25, 0x03, 0x80, 0x8D, 0xF9, 0x81, 0xDC, 0xA1, 0x80, 0xB5, 
    0x2D, 0x16, 0xF9, 0x81, 0xDC, 0xA1, 0x16, 0xAE, 0xC8, 0x66, 0xCD, 0x07, 
    0x17, 0x7D, 0x84, 0x35, 0x80, 0x00, 0x16, 0x60, 0x97, 0x73, 0x64, 0x07, 
    0x17, 0x09, 0x00, 0x00, 0x00, 0x16, 0x64, 0x0F, 0xB6, 0xEB, 0x07, 0x16, 
    0x46, 0x94, 0xAE, 0xF9, 0x16, 0xA4, 0x9B, 0x54, 0x98, 0x07, 0x16, 0x93, 
    0xB7, 0x8E, 0x5B, 0x16, 0xD6, 0xA8, 0x21, 0x73, 0x07, 0x16, 0x6F, 0xD8, 
    0x5E, 0x25, 0x16, 0x80, 0x8D, 0xEF, 0x7B, 0xDE, 0x07, 0x80, 0xB5, 0x56, 
    0xCA, 0x18, 0x8A, 0x16, 0x83, 0x2C, 0x07, 0x2D, 0x07, 0x2D, 0x16, 0x83, 
    0x2C, 0x80, 0xD9, 0x2D, 0x02, 0xE1, 0x02, 0x00, 0x00, 0x16, 0x42, 0x44, 
    0xE2, 0xA7, 0x07, 0x16, 0xC2, 0x23, 0x2B, 0xE6, 0x16, 0x02, 0x51, 0x85, 
    0x6E, 0x07, 0x80, 0x11, 0x81, 0xEC, 0x1D, 0xE1, 0xE7, 0x16, 0xA0, 0xAC, 
    0x16, 0x7A, 0x07, 0x2D, 0x16, 0xA0, 0xAC, 0x16, 0x7A, 0x04, 0x02, 0xE2, 
    0x02, 0x00, 0x00, 0x24, 0x02, 0xE3, 0x02, 0x00, 0x00, 0x23, 0x16, 0xDF, 
    0xD4, 0x82, 0xB0, 0x16, 0xF9, 0x81, 0xDC, 0xA1, 0x07, 0x1C, 0x0D, 0x00, 
    0x00, 0x00, 0x42, 0x53, 0x20, 0x4F, 0x76, 0x65, 0x72, 0x63, 0x72, 0x6F, 
    0x6F, 0x6B, 0x00, 0x02, 0xE5, 0x02, 0x00, 0x00, 0x16, 0x6F, 0xD8, 0x5E, 
    0x25, 0x03, 0x80, 0x8D, 0xF9, 0x81, 0xDC, 0xA1, 0x80, 0xB5, 0x2D, 0x16, 
    0xF9, 0x81, 0xDC, 0xA1, 0x16, 0xAE, 0xC8, 0x66, 0xCD, 0x07, 0x17, 0x7D, 
    0x84, 0x35, 0x80, 0x00, 0x16, 0x60, 0x97, 0x73, 0x64, 0x07, 0x17, 0x09, 
    0x00, 0x00, 0x00, 0x16, 0x64, 0x0F, 0xB6, 0xEB, 0x07, 0x16, 0xC4, 0xE7, 
    0x77, 0x49, 0x16, 0xA4, 0x9B, 0x54, 0x98, 0x07, 0x16, 0x5C, 0x90, 0x86, 
    0x28, 0x16, 0xD6, 0xA8, 0x21, 0x73, 0x07, 0x16, 0x6F, 0xD8, 0x5E, 0x25, 
    0x16, 0x80, 0x8D, 0xEF, 0x7B, 0xDE, 0x07, 0x80, 0xB5, 0x56, 0xCA, 0x18, 
    0x8A, 0x16, 0x83, 0x2C, 0x07, 0x2D, 0x07, 0x2D, 0x16, 0x83, 0x2C, 0x80, 
    0xD9, 0x2D, 0x02, 0xE6, 0x02, 0x00, 0x00, 0x16, 0x42, 0x44, 0xE2, 0xA7, 
    0x07, 0x16, 0xC2, 0x23, 0x2B, 0xE6, 0x16, 0x02, 0x51, 0x85, 0x6E, 0x07, 
    0x80, 0xE5, 0xE8, 0xD8, 0x8D, 0x83, 0x16, 0xA0, 0xAC, 0x16, 0x7A, 0x07, 
    0x2D, 0x16, 0xA0, 0xAC, 0x16, 0x7A, 0x04, 0x02, 0xE7, 0x02, 0x00, 0x00, 
    0x24, 0x02, 0xE8, 0x02, 0x80, 0x99, 0x00, 0x23, 0x16, 0x74, 0x23, 0x73, 
    0x2A, 0x80, 0xC9, 0xEA, 0x02, 0x00, 0x00, 0x16, 0x65, 0x0C, 0xDE, 0xD9, 
    0x02, 0xEC, 0x02, 0x00, 0x00, 0x16, 0x7F, 0xA3, 0x9F, 0xAD, 0x80, 0xFD, 
    0xDF, 0xD4, 0x82, 0xB0, 0x16, 0x0C, 0xF1, 0x31, 0x70, 0x07, 0x03, 0x16, 
    0x83, 0x2C, 0x07, 0x2D, 0x07, 0x16, 0x56, 0xCA, 0x18, 0x8A, 0x04, 0x02, 
    0xED, 0x02, 0x00, 0x00, 0x24, 0x02, 0xEE, 0x02, 0x80, 0x99, 0x00, 0x23, 
    0x16, 0x62, 0x61, 0xE2, 0xB1, 0x80, 0xC9, 0xF0, 0x02, 0x00, 0x00, 0x16, 
    0x65, 0x0C, 0xDE, 0xD9, 0x02, 0xF2, 0x02, 0x00, 0x00, 0x16, 0x7F, 0xA3, 
    0x9F, 0xAD, 0x80, 0x19, 0x81, 0xDB, 0x11, 0xEE, 0xD4, 0x16, 0x0C, 0xF1, 
    0x31, 0x70, 0x07, 0x03, 0x16, 0x83, 0x2C, 0x07, 0x2D, 0x07, 0x16, 0x56, 
    0xCA, 0x18, 0x8A, 0x04, 0x02, 0xF3, 0x02, 0x00, 0x00, 0x24, 0x02, 0xF4, 
    0x02, 0x00, 0x00, 0x23, 0x16, 0x24, 0x5D, 0xC0, 0x77, 0x16, 0xF9, 0x81, 
    0xDC, 0xA1, 0x07, 0x1C, 0x09, 0x00, 0x00, 0x00, 0x46, 0x53, 0x20, 0x53, 
    0x6D, 0x69, 0x74, 0x68, 0x00, 0x02, 0xF7, 0x02, 0x00, 0x00, 0x16, 0x6F, 
    0xD8, 0x5E, 0x25, 0x03, 0x80, 0x8D, 0xF9, 0x81, 0xDC, 0xA1, 0x80, 0xB5, 
    0x2D, 0x16, 0xF9, 0x81, 0xDC, 0xA1, 0x16, 0xAE, 0xC8, 0x66, 0xCD, 0x07, 
    0x17, 0x7D, 0x84, 0x1D, 0x80, 0x00, 0x16, 0x60, 0x97, 0x73, 0x64, 0x07, 
    0x17, 0x09, 0x00, 0x00, 0x00, 0x16, 0x64, 0x0F, 0xB6, 0xEB, 0x07, 0x16, 
    0x78, 0x98, 0x1A, 0x62, 0x16, 0xA4, 0x9B, 0x54, 0x98, 0x07, 0x16, 0xA9, 
    0xE9, 0x6E, 0x86, 0x16, 0xD6, 0xA8, 0x21, 0x73, 0x07, 0x80, 0xB5, 0x6F, 
    0xD8, 0x5E, 0x25, 0x16, 0x83, 0x2C, 0x07, 0x2D, 0x07, 0x2D, 0x16, 0x83, 
    0x2C, 0x80, 0xD9, 0x2D, 0x02, 0xF8, 0x02, 0x00, 0x00, 0x16, 0x42, 0x44, 
    0xE2, 0xA7, 0x07, 0x16, 0x7C, 0x27, 0xD5, 0x5C, 0x16, 0x02, 0x51, 0x85, 
    0x6E, 0x07, 0x80, 0xE5, 0x8B, 0xB9, 0xC4, 0x30, 0x16, 0xA0, 0xAC, 0x16, 
    0x7A, 0x07, 0x2D, 0x16, 0xA0, 0xAC, 0x16, 0x7A, 0x04, 0x02, 0xF9, 0x02, 
    0x00, 0x00, 0x24, 0x02, 0xFA, 0x02, 0x80, 0x99, 0x00, 0x23, 0x16, 0xDC, 
    0xD7, 0xB9, 0x3F, 0x80, 0x95, 0xFC, 0x02, 0x00, 0x00, 0x16, 0xF3, 0x80, 
    0x01, 0x81, 0x76, 0xC8, 0x02, 0xFD, 0x02, 0x00, 0x00, 0x16, 0x7F, 0xA3, 
    0x9F, 0xAD, 0x16, 0x24, 0x5D, 0xC0, 0x77, 0x02, 0xFE, 0x02, 0x00, 0x00, 
    0x24, 0x02, 0xFF, 0x02, 0x00, 0x00, 0x23, 0x16, 0x20, 0x98, 0xAC, 0x13, 
    0x16, 0xF9, 0x81, 0xDC, 0xA1, 0x07, 0x1C, 0x09, 0x00, 0x00, 0x00, 0x42, 
    0x53, 0x20, 0x53, 0x6D, 0x69, 0x74, 0x68, 0x00, 0x02, 0x01, 0x03, 0x00, 
    0x00, 0x16, 0x6F, 0xD8, 0x5E, 0x25, 0x03, 0x80, 0x8D, 0xF9, 0x81, 0xDC, 
    0xA1, 0x80, 0xB5, 0x2D, 0x16, 0xF9, 0x81, 0xDC, 0xA1, 0x16, 0xAE, 0xC8, 
    0x66, 0xCD, 0x07, 0x17, 0x7D, 0x84, 0x1D, 0x80, 0x00, 0x16, 0x60, 0x97, 
    0x73, 0x64, 0x07, 0x17, 0x09, 0x00, 0x00, 0x00, 0x16, 0x64, 0x0F, 0xB6, 
    0xEB, 0x07, 0x16, 0x6B, 0xBC, 0x55, 0x96, 0x16, 0xA4, 0x9B, 0x54, 0x98, 
    0x07, 0x16, 0x3F, 0x83, 0xD7, 0x46, 0x16, 0xD6, 0xA8, 0x21, 0x73, 0x07, 
    0x80, 0xB5, 0x6F, 0xD8, 0x5E, 0x25, 0x16, 0x83, 0x2C, 0x07, 0x2D, 0x07, 
    0x2D, 0x16, 0x83, 0x2C, 0x80, 0xB1, 0x2D, 0x02, 0x02, 0x03, 0x00, 0x00, 
    0x16, 0x42, 0x44, 0xE2, 0xA7, 0x07, 0x16, 0x80, 0xA1, 0x27, 0xD5, 0x5C, 
    0x16, 0x02, 0x51, 0x85, 0x6E, 0x07, 0x80, 0xE5, 0x8F, 0x7C, 0xA8, 0x54, 
    0x16, 0xA0, 0xAC, 0x16, 0x7A, 0x07, 0x2D, 0x16, 0xA0, 0xAC, 0x16, 0x7A, 
    0x04, 0x02, 0x03, 0x03, 0x00, 0x00, 0x24, 0x02, 0x04, 0x03, 0x80, 0xE9, 
    0x00, 0x23, 0x16, 0x5F, 0xAA, 0x2E, 0xC9, 0x02, 0x06, 0x03, 0x00, 0x00, 
    0x16, 0x65, 0x0C, 0xDE, 0xD9, 0x02, 0x08, 0x03, 0x00, 0x00, 0x16, 0x7F, 
    0xA3, 0x9F, 0xAD, 0x80, 0xFD, 0x20, 0x98, 0xAC, 0x13, 0x16, 0x0C, 0xF1, 
    0x31, 0x70, 0x07, 0x03, 0x16, 0x83, 0x2C, 0x07, 0x2D, 0x07, 0x16, 0x56, 
    0xCA, 0x18, 0x8A, 0x04, 0x02, 0x09, 0x03, 0x00, 0x00, 0x24, 0x02, 0x0A, 
    0x03, 0x80, 0xE9, 0x00, 0x23, 0x16, 0x49, 0xE8, 0xBF, 0x52, 0x02, 0x0C, 
    0x03, 0x00, 0x00, 0x16, 0x65, 0x0C, 0xDE, 0xD9, 0x02, 0x0E, 0x03, 0x00, 
    0x00, 0x16, 0x7F, 0xA3, 0x9F, 0xAD, 0x80, 0x3D, 0x80, 0x24, 0x5D, 0xC0, 
    0x77, 0x16, 0x0C, 0xF1, 0x31, 0x70, 0x07, 0x03, 0x16, 0x83, 0x2C, 0x07, 
    0x2D, 0x07, 0x16, 0x56, 0xCA, 0x18, 0x8A, 0x04, 0x02, 0x0F, 0x03, 0x00, 
    0x00, 0x24, 0x02, 0x10, 0x03, 0x00, 0x00, 0x23, 0x16, 0x7D, 0x15, 0xFC, 
    0xA4, 0x16, 0xF9, 0x81, 0xDC, 0xA1, 0x07, 0x1C, 0x0A, 0x80, 0xD9, 0x00, 
    0x00, 0x46, 0x53, 0x20, 0x46, 0x65, 0x65, 0x62, 0x6C, 0x65, 0x00, 0x02, 
    0x12, 0x03, 0x00, 0x00, 0x16, 0x6F, 0xD8, 0x5E, 0x25, 0x03, 0x80, 0x8D, 
    0xF9, 0x81, 0xDC, 0xA1, 0x80, 0xB5, 0x2D, 0x16, 0xF9, 0x81, 0xDC, 0xA1, 
    0x16, 0xAE, 0xC8, 0x66, 0xCD, 0x07, 0x17, 0x7D, 0x84, 0x1D, 0x80, 0x00, 
    0x16, 0x60, 0x97, 0x73, 0x64, 0x07, 0x17, 0x09, 0x00, 0x00, 0x00, 0x16, 
    0x64, 0x0F, 0xB6, 0xEB, 0x07, 0x16, 0xD6, 0x0B, 0x1E, 0x36, 0x16, 0xA4, 
    0x9B, 0x54, 0x98, 0x07, 0x16, 0xA9, 0x06, 0x65, 0x08, 0x16, 0xD6, 0xA8, 
    0x21, 0x73, 0x07, 0x80, 0xB5, 0x6F, 0xD8, 0x5E, 0x25, 0x16, 0x83, 0x2C, 
    0x07, 0x2D, 0x07, 0x2D, 0x16, 0x83, 0x2C, 0x80, 0xD9, 0x2D, 0x02, 0x13, 
    0x03, 0x00, 0x00, 0x16, 0x42, 0x44, 0xE2, 0xA7, 0x07, 0x16, 0x7C, 0x27, 
    0xD5, 0x5C, 0x16, 0x02, 0x51, 0x85, 0x6E, 0x07, 0x80, 0xE5, 0x8B, 0xB9, 
    0xC4, 0x30, 0x16, 0xA0, 0xAC, 0x16, 0x7A, 0x07, 0x2D, 0x16, 0xA0, 0xAC, 
    0x16, 0x7A, 0x04, 0x02, 0x14, 0x03, 0x00, 0x00, 0x24, 0x02, 0x15, 0x03, 
    0x80, 0xB5, 0x00, 0x23, 0x16, 0x1D, 0xB1, 0x1C, 0x9B, 0x02, 0x17, 0x03, 
    0x00, 0x00, 0x16, 0xF3, 0x80, 0x25, 0x80, 0x76, 0xC8, 0x02, 0x18, 0x03, 
    0x00, 0x00, 0x16, 0x7F, 0xA3, 0x9F, 0xAD, 0x16, 0x7D, 0x15, 0xFC, 0xA4, 
    0x02, 0x19, 0x03, 0x00, 0x00, 0x24, 0x02, 0x1A, 0x03, 0x00, 0x00, 0x23, 
    0x16, 0x79, 0xD0, 0x90, 0xC0, 0x16, 0xF9, 0x81, 0xDC, 0xA1, 0x07, 0x1C, 
    0x0A, 0x80, 0xD9, 0x00, 0x00, 0x42, 0x53, 0x20, 0x46, 0x65, 0x65, 0x62, 
    0x6C, 0x65, 0x00, 0x02, 0x1C, 0x03, 0x00, 0x00, 0x16, 0x6F, 0xD8, 0x5E, 
    0x25, 0x03, 0x80, 0x8D, 0xF9, 0x81, 0xDC, 0xA1, 0x80, 0xB5, 0x2D, 0x16, 
    0xF9, 0x81, 0xDC, 0xA1, 0x16, 0xAE, 0xC8, 0x66, 0xCD, 0x07, 0x17, 0x7D, 
    0x84, 0x1D, 0x80, 0x00, 0x16, 0x60, 0x97, 0x73, 0x64, 0x07, 0x17, 0x09, 
    0x00, 0x00, 0x00, 0x16, 0x64, 0x0F, 0xB6, 0xEB, 0x07, 0x16, 0x2C, 0x05, 
    0x54, 0xB2, 0x16, 0xA4, 0x9B, 0x54, 0x98, 0x07, 0x16, 0xB2, 0x89, 0xC9, 
    0x11, 0x16, 0xD6, 0xA8, 0x21, 0x73, 0x07, 0x80, 0xB5, 0x6F, 0xD8, 0x5E, 
    0x25, 0x16, 0x83, 0x2C, 0x07, 0x2D, 0x07, 0x2D, 0x16, 0x83, 0x2C, 0x80, 
    0xB1, 0x2D, 0x02, 0x1D, 0x03, 0x00, 0x00, 0x16, 0x42, 0x44, 0xE2, 0xA7, 
    0x07, 0x16, 0x80, 0xA1, 0x27, 0xD5, 0x5C, 0x16, 0x02, 0x51, 0x85, 0x6E, 
    0x07, 0x80, 0xE5, 0x8F, 0x7C, 0xA8, 0x54, 0x16, 0xA0, 0xAC, 0x16, 0x7A, 
    0x07, 0x2D, 0x16, 0xA0, 0xAC, 0x16, 0x7A, 0x04, 0x02, 0x1E, 0x03, 0x00, 
    0x00, 0x24, 0x02, 0x1F, 0x03, 0x80, 0xE9, 0x00, 0x23, 0x16, 0x9E, 0xCC, 
    0x8B, 0x6D, 0x02, 0x21, 0x03, 0x00, 0x00, 0x16, 0x65, 0x0C, 0xDE, 0xD9, 
    0x02, 0x23, 0x03, 0x00, 0x00, 0x16, 0x7F, 0xA3, 0x9F, 0xAD, 0x80, 0xFD, 
    0x79, 0xD0, 0x90, 0xC0, 0x16, 0x0C, 0xF1, 0x31, 0x70, 0x07, 0x03, 0x16, 
    0x83, 0x2C, 0x07, 0x2D, 0x07, 0x16, 0x56, 0xCA, 0x18, 0x8A, 0x04, 0x02, 
    0x24, 0x03, 0x00, 0x00, 0x24, 0x02, 0x25, 0x03, 0x80, 0xE9, 0x00, 0x23, 
    0x16, 0x88, 0x8E, 0x1A, 0xF6, 0x02, 0x27, 0x03, 0x00, 0x00, 0x16, 0x65, 
    0x0C, 0xDE, 0xD9, 0x02, 0x29, 0x03, 0x00, 0x00, 0x16, 0x7F, 0xA3, 0x9F, 
    0xAD, 0x80, 0x2D, 0x81, 0x7D, 0x15, 0xFC, 0xA4, 0x16, 0x0C, 0xF1, 0x31, 
    0x70, 0x07, 0x03, 0x16, 0x83, 0x2C, 0x07, 0x2D, 0x07, 0x16, 0x56, 0xCA, 
    0x18, 0x8A, 0x04, 0x02, 0x2A, 0x03, 0x00, 0x00, 0x24, 0x02, 0x2B, 0x03, 
    0x00, 0x00, 0x23, 0x16, 0x8A, 0x7D, 0xDE, 0xE1, 0x16, 0xF9, 0x81, 0xDC, 
    0xA1, 0x07, 0x1C, 0x0E, 0x00, 0x00, 0x00, 0x42, 0x53, 0x20, 0x42, 0x6C, 
    0x75, 0x6E, 0x74, 0x73, 0x6C, 0x69, 0x64, 0x65, 0x00, 0x02, 0x2E, 0x03, 
    0x00, 0x00, 0x16, 0x6F, 0xD8, 0x5E, 0x25, 0x03, 0x80, 0x8D, 0xF9, 0x81, 
    0xDC, 0xA1, 0x80, 0xB5, 0x2D, 0x16, 0xF9, 0x81, 0xDC, 0xA1, 0x16, 0xAE, 
    0xC8, 0x66, 0xCD, 0x07, 0x17, 0xFA, 0x84, 0x1D, 0x80, 0x00, 0x16, 0x60, 
    0x97, 0x73, 0x64, 0x07, 0x17, 0x12, 0x00, 0x00, 0x00, 0x16, 0x64, 0x0F, 
    0xB6, 0xEB, 0x07, 0x16, 0x57, 0xB4, 0x5E, 0x03, 0x16, 0xA4, 0x9B, 0x54, 
    0x98, 0x07, 0x16, 0xBE, 0xCE, 0xE3, 0x30, 0x16, 0xD6, 0xA8, 0x21, 0x73, 
    0x07, 0x80, 0xB5, 0x9D, 0x11, 0x10, 0x8D, 0x16, 0x83, 0x2C, 0x07, 0x2D, 
    0x07, 0x2D, 0x16, 0x83, 0x2C, 0x80, 0xD9, 0x2D, 0x02, 0x2F, 0x03, 0x00, 
    0x00, 0x16, 0x42, 0x44, 0xE2, 0xA7, 0x07, 0x16, 0xC2, 0x23, 0x2B, 0xE6, 
    0x16, 0x02, 0x51, 0x85, 0x6E, 0x07, 0x80, 0x15, 0x81, 0x8F, 0x7C, 0xA8, 
    0x54, 0x16, 0xA0, 0xAC, 0x16, 0x7A, 0x07, 0x2D, 0x16, 0xA0, 0xAC, 0x16, 
    0x7A, 0x04, 0x02, 0x30, 0x03, 0x00, 0x00, 0x24, 0x02, 0x31, 0x03, 0x00, 
    0x00, 0x23, 0x16, 0x8E, 0xB8, 0xB2, 0x85, 0x16, 0xF9, 0x81, 0xDC, 0xA1, 
    0x07, 0x1C, 0x0E, 0x00, 0x00, 0x00, 0x46, 0x53, 0x20, 0x42, 0x6C, 0x75, 
    0x6E, 0x74, 0x73, 0x6C, 0x69, 0x64, 0x65, 0x00, 0x02, 0x33, 0x03, 0x00, 
    0x00, 0x16, 0x6F, 0xD8, 0x5E, 0x25, 0x03, 0x80, 0x8D, 0xF9, 0x81, 0xDC, 
    0xA1, 0x80, 0xB5, 0x2D, 0x16, 0xF9, 0x81, 0xDC, 0xA1, 0x16, 0xAE, 0xC8, 
    0x66, 0xCD, 0x07, 0x17, 0xFA, 0x84, 0xA5, 0x00, 0x16, 0x60, 0x97, 0x73, 
    0x64, 0x07, 0x17, 0x12, 0x00, 0x80, 0xF1, 0x00, 0x16, 0x64, 0x0F, 0xB6, 
    0xEB, 0x07, 0x16, 0x28, 0x8F, 0x58, 0x00, 0x16, 0xA4, 0x9B, 0x54, 0x98, 
    0x07, 0x16, 0xB8, 0x19, 0x4B, 0x3B, 0x16, 0xD6, 0xA8, 0x21, 0x73, 0x07, 
    0x80, 0xB5, 0x9D, 0x11, 0x10, 0x8D, 0x16, 0x83, 0x2C, 0x07, 0x2D, 0x07, 
    0x2D, 0x16, 0x83, 0x2C, 0x80, 0xD9, 0x2D, 0x02, 0x34, 0x03, 0x00, 0x00, 
    0x16, 0x42, 0x44, 0xE2, 0xA7, 0x07, 0x16, 0x08, 0x1A, 0x0C, 0x26, 0x16, 
    0x02, 0x51, 0x85, 0x6E, 0x07, 0x80, 0x25, 0x81, 0x8B, 0xB9, 0xC4, 0x30, 
    0x16, 0xA0, 0xAC, 0x16, 0x7A, 0x07, 0x2D, 0x16, 0xA0, 0xAC, 0x16, 0x7A, 
    0x04, 0x02, 0x35, 0x03, 0x00, 0x00, 0x24, 0x02, 0x36, 0x03, 0x00, 0x00, 
    0x23, 0x16, 0x7E, 0x77, 0x27, 0x58, 0x16, 0xF9, 0x81, 0xDC, 0xA1, 0x07, 
    0x1C, 0x12, 0x00, 0x00, 0x00, 0x42, 0x53, 0x20, 0x4E, 0x6F, 0x73, 0x65, 
    0x62, 0x6C, 0x75, 0x6E, 0x74, 0x73, 0x6C, 0x69, 0x64, 0x65, 0x00, 0x02, 
    0x38, 0x03, 0x00, 0x00, 0x16, 0x6F, 0xD8, 0x5E, 0x25, 0x03, 0x80, 0x8D, 
    0xF9, 0x81, 0xDC, 0xA1, 0x80, 0xB5, 0x2D, 0x16, 0xF9, 0x81, 0xDC, 0xA1, 
    0x16, 0xAE, 0xC8, 0x66, 0xCD, 0x07, 0x17, 0xFA, 0x84, 0x1D, 0x80, 0x00, 
    0x16, 0x60, 0x97, 0x73, 0x64, 0x07, 0x17, 0x12, 0x00, 0x00, 0x00, 0x16, 
    0x64, 0x0F, 0xB6, 0xEB, 0x07, 0x16, 0x5E, 0x51, 0x21, 0x2F, 0x16, 0xA4, 
    0x9B, 0x54, 0x98, 0x07, 0x16, 0x21, 0xBF, 0xC0, 0xA9, 0x16, 0xD6, 0xA8, 
    0x21, 0x73, 0x07, 0x80, 0xB5, 0x9D, 0x11, 0x10, 0x8D, 0x16, 0x83, 0x2C, 
    0x07, 0x2D, 0x07, 0x2D, 0x16, 0x83, 0x2C, 0x80, 0xD9, 0x2D, 0x02, 0x39, 
    0x03, 0x00, 0x00, 0x16, 0x42, 0x44, 0xE2, 0xA7, 0x07, 0x16, 0x08, 0x1A, 
    0x0C, 0x26, 0x16, 0x02, 0x51, 0x85, 0x6E, 0x07, 0x80, 0x8D, 0xE8, 0xD8, 
    0x8D, 0x83, 0x80, 0x8D, 0xA0, 0xAC, 0x16, 0x7A, 0x80, 0x29, 0x81, 0x2D, 
    0x16, 0xA0, 0xAC, 0x16, 0x7A, 0x16, 0x2C, 0xEF, 0x7B, 0xDE, 0x07, 0x16, 
    0x56, 0xCA, 0x18, 0x8A, 0x04, 0x02, 0x3A, 0x03, 0x00, 0x00, 0x24, 0x02, 
    0x3B, 0x03, 0x00, 0x00, 0x23, 0x16, 0x7A, 0xB2, 0x4B, 0x3C, 0x16, 0xF9, 
    0x81, 0xDC, 0xA1, 0x07, 0x1C, 0x12, 0x00, 0x00, 0x00, 0x46, 0x53, 0x20, 
    0x4E, 0x6F, 0x73, 0x65, 0x62, 0x6C, 0x75, 0x6E, 0x74, 0x73, 0x6C, 0x69, 
    0x64, 0x65, 0x00, 0x02, 0x3D, 0x03, 0x00, 0x00, 0x16, 0x6F, 0xD8, 0x5E, 
    0x25, 0x03, 0x80, 0x8D, 0xF9, 0x81, 0xDC, 0xA1, 0x80, 0xB5, 0x2D, 0x16, 
    0xF9, 0x81, 0xDC, 0xA1, 0x16, 0xAE, 0xC8, 0x66, 0xCD, 0x07, 0x17, 0xFA, 
    0x84, 0x1D, 0x80, 0x00, 0x16, 0x60, 0x97, 0x73, 0x64, 0x07, 0x17, 0x12, 
    0x00, 0x00, 0x00, 0x16, 0x64, 0x0F, 0xB6, 0xEB, 0x07, 0x16, 0xDC, 0x22, 
    0xF8, 0x9F, 0x16, 0xA4, 0x9B, 0x54, 0x98, 0x07, 0x16, 0xEE, 0x98, 0xC8, 
    0xDA, 0x16, 0xD6, 0xA8, 0x21, 0x73, 0x07, 0x80, 0xB5, 0x9D, 0x11, 0x10, 
    0x8D, 0x16, 0x83, 0x2C, 0x07, 0x2D, 0x07, 0x2D, 0x16, 0x83, 0x2C, 0x80, 
    0xD9, 0x2D, 0x02, 0x3E, 0x03, 0x00, 0x00, 0x16, 0x42, 0x44, 0xE2, 0xA7, 
    0x07, 0x16, 0xC2, 0x23, 0x2B, 0xE6, 0x16, 0x2C, 0xEF, 0x7B, 0xDE, 0x07, 
    0x80, 0x8D, 0x56, 0xCA, 0x18, 0x8A, 0x80, 0x8D, 0xA0, 0xAC, 0x16, 0x7A, 
    0x80, 0xE9, 0x2D, 0x16, 0xA0, 0xAC, 0x16, 0x7A, 0x16, 0x02, 0x51, 0x85, 
    0x6E, 0x07, 0x16, 0xEC, 0x1D, 0xE1, 0xE7, 0x04, 0x02, 0x3F, 0x03, 0x00, 
    0x00, 0x24, 0x02, 0x40, 0x03, 0x80, 0x11, 0x80, 0x00, 0x23, 0x16, 0x27, 
    0x8B, 0xFA, 0x91, 0x02, 0x43, 0x03, 0x00, 0x00, 0x16, 0x65, 0x0C, 0xDE, 
    0xD9, 0x02, 0x44, 0x03, 0x00, 0x00, 0x16, 0x69, 0x3F, 0xE9, 0x63, 0x02, 
    0x45, 0x03, 0x00, 0x00, 0x16, 0x7F, 0xA3, 0x9F, 0xAD, 0x80, 0xFD, 0x8A, 
    0x7D, 0xDE, 0xE1, 0x16, 0x0C, 0xF1, 0x31, 0x70, 0x07, 0x03, 0x16, 0x83, 
    0x2C, 0x07, 0x2D, 0x07, 0x16, 0x56, 0xCA, 0x18, 0x8A, 0x04, 0x02, 0x46, 
    0x03, 0x00, 0x00, 0x24, 0x02, 0x47, 0x03, 0x80, 0x11, 0x80, 0x00, 0x23, 
    0x16, 0x31, 0xC9, 0x6B, 0x0A, 0x02, 0x49, 0x03, 0x00, 0x00, 0x16, 0xF3, 
    0xAD, 0x76, 0xC8, 0x02, 0x4A, 0x03, 0x00, 0x00, 0x16, 0x69, 0x3F, 0xE9, 
    0x63, 0x02, 0x4B, 0x03, 0x00, 0x00, 0x16, 0x7F, 0xA3, 0x9F, 0xAD, 0x80, 
    0xFD, 0x8E, 0xB8, 0xB2, 0x85, 0x16, 0x0C, 0xF1, 0x31, 0x70, 0x07, 0x03, 
    0x16, 0x83, 0x2C, 0x07, 0x2D, 0x07, 0x16, 0x56, 0xCA, 0x18, 0x8A, 0x04, 
    0x02, 0x4C, 0x03, 0x00, 0x00, 0x24, 0x02, 0x4D, 0x03, 0x80, 0x11, 0x80, 
    0x00, 0x23, 0x16, 0xDD, 0xDE, 0xAA, 0xE2, 0x02, 0x4F, 0x03, 0x00, 0x00, 
    0x16, 0xF3, 0xAD, 0x76, 0xC8, 0x02, 0x50, 0x03, 0x00, 0x00, 0x16, 0x69, 
    0x3F, 0xE9, 0x63, 0x02, 0x51, 0x03, 0x00, 0x00, 0x16, 0x7F, 0xA3, 0x9F, 
    0xAD, 0x80, 0xFD, 0x7E, 0x77, 0x27, 0x58, 0x16, 0x0C, 0xF1, 0x31, 0x70, 
    0x07, 0x03, 0x16, 0x83, 0x2C, 0x07, 0x2D, 0x07, 0x16, 0x56, 0xCA, 0x18, 
    0x8A, 0x04, 0x02, 0x52, 0x03, 0x00, 0x00, 0x24, 0x02, 0x53, 0x03, 0x80, 
    0x11, 0x80, 0x00, 0x23, 0x16, 0xCB, 0x9C, 0x3B, 0x79, 0x02, 0x55, 0x03, 
    0x00, 0x00, 0x16, 0xF3, 0xAD, 0x76, 0xC8, 0x02, 0x56, 0x03, 0x00, 0x00, 
    0x16, 0x69, 0x3F, 0xE9, 0x63, 0x02, 0x57, 0x03, 0x00, 0x00, 0x16, 0x7F, 
    0xA3, 0x9F, 0xAD, 0x80, 0xFD, 0x7A, 0xB2, 0x4B, 0x3C, 0x16, 0x0C, 0xF1, 
    0x31, 0x70, 0x07, 0x03, 0x16, 0x83, 0x2C, 0x07, 0x2D, 0x07, 0x16, 0x56, 
    0xCA, 0x18, 0x8A, 0x04, 0x02, 0x58, 0x03, 0x00, 0x00, 0x24, 0x02, 0x59, 
    0x03, 0x80, 0x6D, 0x81, 0x00, 0x23, 0x16, 0x9E, 0x32, 0x87, 0x58, 0x02, 
    0x5F, 0x03, 0x00, 0x00, 0x16, 0x6F, 0xD8, 0x5E, 0x25, 0x03, 0x16, 0xF9, 
    0x81, 0xDC, 0xA1, 0x07, 0x1C, 0x0D, 0x00, 0x00, 0x00, 0x42, 0x53, 0x20, 
    0x48, 0x75, 0x72, 0x72, 0x69, 0x63, 0x61, 0x6E, 0x65, 0x00, 0x16, 0xAE, 
    0xC8, 0x66, 0xCD, 0x07, 0x17, 0x90, 0x01, 0x00, 0x00, 0x16, 0x64, 0x0F, 
    0xB6, 0xEB, 0x07, 0x16, 0x8F, 0xD7, 0xAC, 0x3E, 0x16, 0xA4, 0x9B, 0x54, 
    0x98, 0x07, 0x16, 0x63, 0x46, 0x12, 0x6B, 0x16, 0xB7, 0x7D, 0x3F, 0x0E, 
    0x07, 0x16, 0x62, 0x8F, 0x1D, 0x0C, 0x16, 0xD6, 0xA8, 0x21, 0x73, 0x07, 
    0x80, 0xB5, 0x6F, 0xD8, 0x5E, 0x25, 0x16, 0x83, 0x2C, 0x07, 0x2D, 0x07, 
    0x2D, 0x16, 0x83, 0x2C, 0x80, 0x3D, 0x80, 0x2D, 0x02, 0x60, 0x03, 0x00, 
    0x00, 0x16, 0x42, 0x44, 0xE2, 0xA7, 0x07, 0x16, 0x08, 0x1A, 0x0C, 0x26, 
    0x16, 0x2C, 0xEF, 0x7B, 0xDE, 0x07, 0x16, 0x56, 0xCA, 0x18, 0x8A, 0x16, 
    0x40, 0xAA, 0xEE, 0x1A, 0x16, 0x29, 0xBA, 0x78, 0x7C, 0x04, 0x02, 0x61, 
    0x03, 0x00, 0x00, 0x24, 0x02, 0x62, 0x03, 0x80, 0x6D, 0x81, 0x00, 0x23, 
    0x16, 0x9A, 0xF7, 0xEB, 0x3C, 0x02, 0x64, 0x03, 0x00, 0x00, 0x16, 0x6F, 
    0xD8, 0x5E, 0x25, 0x03, 0x16, 0xF9, 0x81, 0xDC, 0xA1, 0x07, 0x1C, 0x0D, 
    0x00, 0x00, 0x00, 0x46, 0x53, 0x20, 0x48, 0x75, 0x72, 0x72, 0x69, 0x63, 
    0x61, 0x6E, 0x65, 0x00, 0x16, 0xAE, 0xC8, 0x66, 0xCD, 0x07, 0x17, 0x90, 
    0x01, 0x00, 0x00, 0x16, 0x64, 0x0F, 0xB6, 0xEB, 0x07, 0x16, 0x34, 0xD3, 
    0x55, 0x2C, 0x16, 0xA4, 0x9B, 0x54, 0x98, 0x07, 0x16, 0x63, 0xD5, 0xB3, 
    0x37, 0x16, 0xB7, 0x7D, 0x3F, 0x0E, 0x07, 0x16, 0x3B, 0x64, 0xF0, 0x42, 
    0x16, 0xD6, 0xA8, 0x21, 0x73, 0x07, 0x80, 0xB5, 0x6F, 0xD8, 0x5E, 0x25, 
    0x16, 0x83, 0x2C, 0x07, 0x2D, 0x07, 0x2D, 0x16, 0x83, 0x2C, 0x80, 0x11, 
    0x80, 0x2D, 0x02, 0x65, 0x03, 0x00, 0x00, 0x16, 0x42, 0x44, 0xE2, 0xA7, 
    0x07, 0x16, 0xC2, 0x23, 0x2B, 0xE6, 0x16, 0x40, 0xAA, 0xEE, 0x1A, 0x16, 
    0x29, 0xBA, 0x78, 0x7C, 0x04, 0x02, 0x66, 0x03, 0x00, 0x00, 0x24, 0x02, 
    0x67, 0x03, 0x80, 0x11, 0x80, 0x00, 0x23, 0x16, 0x27, 0x6C, 0x83, 0xEC, 
    0x02, 0x69, 0x03, 0x00, 0x00, 0x16, 0xF3, 0xAD, 0x76, 0xC8, 0x02, 0x6A, 
    0x03, 0x00, 0x00, 0x16, 0x69, 0x3F, 0xE9, 0x63, 0x02, 0x6B, 0x03, 0x00, 
    0x00, 0x16, 0x7F, 0xA3, 0x9F, 0xAD, 0x80, 0xFD, 0x9E, 0x32, 0x87, 0x58, 
    0x16, 0x0C, 0xF1, 0x31, 0x70, 0x07, 0x03, 0x16, 0x83, 0x2C, 0x07, 0x2D, 
    0x07, 0x16, 0x56, 0xCA, 0x18, 0x8A, 0x04, 0x02, 0x6C, 0x03, 0x00, 0x00, 
    0x24, 0x02, 0x6D, 0x03, 0x80, 0x11, 0x80, 0x00, 0x23, 0x16, 0x31, 0x2E, 
    0x12, 0x77, 0x02, 0x6F, 0x03, 0x00, 0x00, 0x16, 0xF3, 0xAD, 0x76, 0xC8, 
    0x02, 0x70, 0x03, 0x00, 0x00, 0x16, 0x69, 0x3F, 0xE9, 0x63, 0x02, 0x71, 
    0x03, 0x00, 0x00, 0x16, 0x7F, 0xA3, 0x9F, 0xAD, 0x80, 0xFD, 0x9A, 0xF7, 
    0xEB, 0x3C, 0x16, 0x0C, 0xF1, 0x31, 0x70, 0x07, 0x03, 0x16, 0x83, 0x2C, 
    0x07, 0x2D, 0x07, 0x16, 0x56, 0xCA, 0x18, 0x8A, 0x04, 0x02, 0x72, 0x03, 
    0x00, 0x00, 0x24, 0x02, 0x73, 0x03, 0x80, 0x6D, 0x81, 0x00, 0x23, 0x16, 
    0xBA, 0xFB, 0x11, 0xFE, 0x02, 0x76, 0x03, 0x00, 0x00, 0x16, 0x6F, 0xD8, 
    0x5E, 0x25, 0x03, 0x16, 0xF9, 0x81, 0xDC, 0xA1, 0x07, 0x1C, 0x0D, 0x00, 
    0x00, 0x00, 0x42, 0x53, 0x20, 0x44, 0x61, 0x72, 0x6B, 0x73, 0x6C, 0x69, 
    0x64, 0x65, 0x00, 0x16, 0xAE, 0xC8, 0x66, 0xCD, 0x07, 0x17, 0x90, 0x01, 
    0x00, 0x00, 0x16, 0x64, 0x0F, 0xB6, 0xEB, 0x07, 0x16, 0x10, 0xE9, 0xEA, 
    0xC1, 0x16, 0xA4, 0x9B, 0x54, 0x98, 0x07, 0x16, 0x88, 0x8E, 0x5D, 0x0B, 
    0x16, 0xB7, 0x7D, 0x3F, 0x0E, 0x07, 0x16, 0xBB, 0x60, 0x49, 0x45, 0x16, 
    0xD6, 0xA8, 0x21, 0x73, 0x07, 0x80, 0xB5, 0x9D, 0x11, 0x10, 0x8D, 0x16, 
    0x83, 0x2C, 0x07, 0x2D, 0x07, 0x2D, 0x16, 0x83, 0x2C, 0x80, 0x3D, 0x80, 
    0x2D, 0x02, 0x77, 0x03, 0x00, 0x00, 0x16, 0x42, 0x44, 0xE2, 0xA7, 0x07, 
    0x16, 0x08, 0x1A, 0x0C, 0x26, 0x16, 0x40, 0xAA, 0xEE, 0x1A, 0x16, 0x29, 
    0xBA, 0x78, 0x7C, 0x16, 0x44, 0xA6, 0xF3, 0xE0, 0x07, 0x16, 0x56, 0xCA, 
    0x18, 0x8A, 0x04, 0x02, 0x78, 0x03, 0x00, 0x00, 0x24, 0x02, 0x79, 0x03, 
    0x80, 0x6D, 0x81, 0x00, 0x23, 0x16, 0xBE, 0x3E, 0x7D, 0x9A, 0x02, 0x7B, 
    0x03, 0x00, 0x00, 0x16, 0x6F, 0xD8, 0x5E, 0x25, 0x03, 0x16, 0xF9, 0x81, 
    0xDC, 0xA1, 0x07, 0x1C, 0x0D, 0x00, 0x00, 0x00, 0x46, 0x53, 0x20, 0x44, 
    0x61, 0x72, 0x6B, 0x73, 0x6C, 0x69, 0x64, 0x65, 0x00, 0x16, 0xAE, 0xC8, 
    0x66, 0xCD, 0x07, 0x17, 0x90, 0x01, 0x00, 0x00, 0x16, 0x64, 0x0F, 0xB6, 
    0xEB, 0x07, 0x16, 0x10, 0xE9, 0xEA, 0xC1, 0x16, 0xA4, 0x9B, 0x54, 0x98, 
    0x07, 0x16, 0x88, 0x8E, 0x5D, 0x0B, 0x16, 0xB7, 0x7D, 0x3F, 0x0E, 0x07, 
    0x16, 0xBB, 0x60, 0x49, 0x45, 0x16, 0xD6, 0xA8, 0x21, 0x73, 0x07, 0x80, 
    0xB5, 0x9D, 0x11, 0x10, 0x8D, 0x16, 0x83, 0x2C, 0x07, 0x2D, 0x07, 0x2D, 
    0x16, 0x83, 0x2C, 0x80, 0x3D, 0x80, 0x2D, 0x02, 0x7C, 0x03, 0x00, 0x00, 
    0x16, 0x42, 0x44, 0xE2, 0xA7, 0x07, 0x16, 0xC2, 0x23, 0x2B, 0xE6, 0x16, 
    0x40, 0xAA, 0xEE, 0x1A, 0x16, 0x29, 0xBA, 0x78, 0x7C, 0x16, 0x44, 0xA6, 
    0xF3, 0xE0, 0x07, 0x16, 0x56, 0xCA, 0x18, 0x8A, 0x04, 0x02, 0x7D, 0x03, 
    0x00, 0x00, 0x24, 0x02, 0x7E, 0x03, 0x80, 0x11, 0x80, 0x00, 0x23, 0x16, 
    0xC0, 0xD2, 0x03, 0x45, 0x02, 0x80, 0x03, 0x00, 0x00, 0x16, 0xF3, 0xAD, 
    0x76, 0xC8, 0x02, 0x81, 0x03, 0x00, 0x00, 0x16, 0x69, 0x3F, 0xE9, 0x63, 
    0x02, 0x82, 0x03, 0x00, 0x00, 0x16, 0x7F, 0xA3, 0x9F, 0xAD, 0x80, 0xAD, 
    0xBA, 0xFB, 0x11, 0xFE, 0x16, 0x0C, 0xF1, 0x31, 0x70, 0x07, 0x03, 0x16, 
    0x80, 0xC9, 0x2C, 0x07, 0x2D, 0x07, 0x16, 0x56, 0xCA, 0x18, 0x8A, 0x04, 
    0x02, 0x83, 0x03, 0x00, 0x00, 0x24, 0x02, 0x84, 0x03, 0x80, 0x11, 0x80, 
    0x00, 0x23, 0x16, 0xD6, 0x90, 0x92, 0xDE, 0x02, 0x86, 0x03, 0x00, 0x00, 
    0x16, 0xF3, 0xAD, 0x76, 0xC8, 0x02, 0x87, 0x03, 0x00, 0x00, 0x16, 0x69, 
    0x3F, 0xE9, 0x63, 0x02, 0x88, 0x03, 0x00, 0x00, 0x16, 0x7F, 0xA3, 0x9F, 
    0xAD, 0x80, 0xFD, 0xBE, 0x3E, 0x7D, 0x9A, 0x16, 0x0C, 0xF1, 0x31, 0x70, 
    0x07, 0x03, 0x16, 0x83, 0x2C, 0x07, 0x2D, 0x07, 0x16, 0x56, 0xCA, 0x18, 
    0x8A, 0x04, 0x02, 0x89, 0x03, 0x00, 0x00, 0x24, 0x02, 0x8A, 0x03, 0x80, 
    0xE5, 0x00, 0x23, 0x16, 0x04, 0xD9, 0x5F, 0xAE, 0x02, 0x8C, 0x03, 0x00, 
    0x00, 0x16, 0x6F, 0xD8, 0x5E, 0x25, 0x03, 0x16, 0xF9, 0x81, 0xDC, 0xA1, 
    0x07, 0x1C, 0x0A, 0x80, 0x75, 0x80, 0x00, 0x00, 0x42, 0x53, 0x20, 0x43, 
    0x6F, 0x66, 0x66, 0x69, 0x6E, 0x00, 0x16, 0xAE, 0xC8, 0x66, 0xCD, 0x07, 
    0x17, 0xF4, 0x01, 0x00, 0x00, 0x16, 0x64, 0x0F, 0xB6, 0xEB, 0x07, 0x16, 
    0x56, 0x77, 0x7E, 0x4F, 0x16, 0xA4, 0x9B, 0x54, 0x98, 0x07, 0x16, 0xB3, 
    0xFE, 0x6C, 0x94, 0x16, 0xB7, 0x7D, 0x3F, 0x0E, 0x07, 0x16, 0x26, 0xDF, 
    0x38, 0x6F, 0x16, 0xD6, 0xA8, 0x21, 0x73, 0x07, 0x80, 0xB5, 0x6F, 0xD8, 
    0x5E, 0x25, 0x16, 0x83, 0x2C, 0x07, 0x2D, 0x07, 0x2D, 0x16, 0x83, 0x2C, 
    0x80, 0x11, 0x80, 0x2D, 0x02, 0x8D, 0x03, 0x00, 0x00, 0x16, 0x42, 0x44, 
    0xE2, 0xA7, 0x07, 0x16, 0xC2, 0x23, 0x2B, 0xE6, 0x16, 0x40, 0xAA, 0xEE, 
    0x1A, 0x16, 0x29, 0xBA, 0x78, 0x7C, 0x04, 0x02, 0x8E, 0x03, 0x00, 0x00, 
    0x24, 0x02, 0x8F, 0x03, 0x80, 0xE5, 0x00, 0x23, 0x16, 0x00, 0x1C, 0x33, 
    0xCA, 0x02, 0x91, 0x03, 0x00, 0x00, 0x16, 0x6F, 0xD8, 0x5E, 0x25, 0x03, 
    0x16, 0xF9, 0x81, 0xDC, 0xA1, 0x07, 0x1C, 0x0A, 0x80, 0x75, 0x80, 0x00, 
    0x00, 0x46, 0x53, 0x20, 0x43, 0x6F, 0x66, 0x66, 0x69, 0x6E, 0x00, 0x16, 
    0xAE, 0xC8, 0x66, 0xCD, 0x07, 0x17, 0xF4, 0x01, 0x00, 0x00, 0x16, 0x64, 
    0x0F, 0xB6, 0xEB, 0x07, 0x16, 0x56, 0x77, 0x7E, 0x4F, 0x16, 0xA4, 0x9B, 
    0x54, 0x98, 0x07, 0x16, 0xB3, 0xFE, 0x6C, 0x94, 0x16, 0xB7, 0x7D, 0x3F, 
    0x0E, 0x07, 0x16, 0x26, 0xDF, 0x38, 0x6F, 0x16, 0xD6, 0xA8, 0x21, 0x73, 
    0x07, 0x80, 0xB5, 0x6F, 0xD8, 0x5E, 0x25, 0x16, 0x83, 0x2C, 0x07, 0x2D, 
    0x07, 0x2D, 0x16, 0x83, 0x2C, 0x80, 0x11, 0x80, 0x2D, 0x02, 0x92, 0x03, 
    0x00, 0x00, 0x16, 0x42, 0x44, 0xE2, 0xA7, 0x07, 0x16, 0xC2, 0x23, 0x2B, 
    0xE6, 0x16, 0x40, 0xAA, 0xEE, 0x1A, 0x16, 0x29, 0xBA, 0x78, 0x7C, 0x04, 
    0x02, 0x93, 0x03, 0x00, 0x00, 0x24, 0x02, 0x94, 0x03, 0x80, 0x11, 0x80, 
    0x00, 0x23, 0x16, 0x98, 0x4A, 0xF6, 0x86, 0x02, 0x96, 0x03, 0x00, 0x00, 
    0x16, 0xF3, 0xAD, 0x76, 0xC8, 0x02, 0x97, 0x03, 0x00, 0x00, 0x16, 0x69, 
    0x3F, 0xE9, 0x63, 0x02, 0x98, 0x03, 0x00, 0x00, 0x16, 0x7F, 0xA3, 0x9F, 
    0xAD, 0x80, 0xFD, 0x04, 0xD9, 0x5F, 0xAE, 0x16, 0x0C, 0xF1, 0x31, 0x70, 
    0x07, 0x03, 0x16, 0x83, 0x2C, 0x07, 0x2D, 0x07, 0x16, 0x56, 0xCA, 0x18, 
    0x8A, 0x04, 0x02, 0x99, 0x03, 0x00, 0x00, 0x24, 0x02, 0x9A, 0x03, 0x80, 
    0x11, 0x80, 0x00, 0x23, 0x16, 0x8E, 0x08, 0x67, 0x1D, 0x02, 0x9C, 0x03, 
    0x00, 0x00, 0x16, 0xF3, 0xAD, 0x76, 0xC8, 0x02, 0x9D, 0x03, 0x00, 0x00, 
    0x16, 0x69, 0x3F, 0xE9, 0x63, 0x02, 0x9E, 0x03, 0x00, 0x00, 0x16, 0x7F, 
    0xA3, 0x9F, 0xAD, 0x80, 0xFD, 0x00, 0x1C, 0x33, 0xCA, 0x16, 0x0C, 0xF1, 
    0x31, 0x70, 0x07, 0x03, 0x16, 0x83, 0x2C, 0x07, 0x2D, 0x07, 0x16, 0x56, 
    0xCA, 0x18, 0x8A, 0x04, 0x02, 0x9F, 0x03, 0x00, 0x00, 0x24, 0x02, 0xA0, 
    0x03, 0x80, 0x25, 0x81, 0x00, 0x23, 0x16, 0x5C, 0xC6, 0x7A, 0x53, 0x02, 
    0xA2, 0x03, 0x00, 0x00, 0x16, 0x6F, 0xD8, 0x5E, 0x25, 0x03, 0x16, 0xF9, 
    0x81, 0xDC, 0xA1, 0x07, 0x1C, 0x0D, 0x00, 0x00, 0x00, 0x42, 0x53, 0x20, 
    0x46, 0x61, 0x6E, 0x64, 0x61, 0x6E, 0x67, 0x6C, 0x65, 0x00, 0x16, 0xAE, 
    0xC8, 0x66, 0xCD, 0x07, 0x17, 0xF4, 0x01, 0x00, 0x00, 0x16, 0x64, 0x0F, 
    0xB6, 0xEB, 0x07, 0x16, 0x00, 0x5C, 0xA6, 0x91, 0x16, 0xA4, 0x9B, 0x54, 
    0x98, 0x07, 0x16, 0x59, 0xD2, 0xBA, 0x80, 0xC1, 0x16, 0xB7, 0x7D, 0x3F, 
    0x0E, 0x07, 0x16, 0xCB, 0x4C, 0x8D, 0x0C, 0x16, 0xD6, 0xA8, 0x21, 0x73, 
    0x07, 0x80, 0xB5, 0x6F, 0xD8, 0x5E, 0x25, 0x16, 0x83, 0x2C, 0x07, 0x2D, 
    0x07, 0x2D, 0x16, 0x83, 0x2C, 0x80, 0x4D, 0x80, 0x2D, 0x02, 0xA3, 0x03, 
    0x00, 0x00, 0x16, 0x42, 0x44, 0xE2, 0xA7, 0x07, 0x16, 0xC2, 0x23, 0x2B, 
    0xE6, 0x16, 0x40, 0xAA, 0xEE, 0x1A, 0x16, 0x02, 0x51, 0x85, 0x6E, 0x07, 
    0x16, 0xE8, 0xD8, 0x8D, 0x83, 0x16, 0x29, 0xBA, 0x78, 0x7C, 0x16, 0x44, 
    0xA6, 0xF3, 0xE0, 0x07, 0x16, 0x56, 0xCA, 0x18, 0x8A, 0x04, 0x02, 0xA4, 
    0x80, 0x95, 0x00, 0x00, 0x24, 0x02, 0xA5, 0x03, 0x80, 0x25, 0x81, 0x00, 
    0x23, 0x16, 0x58, 0x03, 0x16, 0x37, 0x02, 0xA7, 0x03, 0x00, 0x00, 0x16, 
    0x6F, 0xD8, 0x5E, 0x25, 0x03, 0x16, 0xF9, 0x81, 0xDC, 0xA1, 0x07, 0x1C, 
    0x0D, 0x00, 0x00, 0x00, 0x46, 0x53, 0x20, 0x46, 0x61, 0x6E, 0x64, 0x61, 
    0x6E, 0x67, 0x6C, 0x65, 0x00, 0x16, 0xAE, 0xC8, 0x66, 0xCD, 0x07, 0x17, 
    0xF4, 0x01, 0x00, 0x00, 0x16, 0x64, 0x0F, 0xB6, 0xEB, 0x07, 0x16, 0x00, 
    0x5C, 0xA6, 0x91, 0x16, 0xA4, 0x9B, 0x54, 0x98, 0x07, 0x16, 0x59, 0xD2, 
    0xBA, 0x80, 0xC1, 0x16, 0xB7, 0x7D, 0x3F, 0x0E, 0x07, 0x16, 0xCB, 0x4C, 
    0x8D, 0x0C, 0x16, 0xD6, 0xA8, 0x21, 0x73, 0x07, 0x80, 0xB5, 0x6F, 0xD8, 
    0x5E, 0x25, 0x16, 0x83, 0x2C, 0x07, 0x2D, 0x07, 0x2D, 0x16, 0x83, 0x2C, 
    0x80, 0x69, 0x80, 0x2D, 0x02, 0xA8, 0x03, 0x00, 0x00, 0x16, 0x42, 0x44, 
    0xE2, 0xA7, 0x07, 0x16, 0xC2, 0x23, 0x2B, 0xE6, 0x16, 0x40, 0xAA, 0xEE, 
    0x1A, 0x16, 0x02, 0x51, 0x85, 0x6E, 0x07, 0x16, 0xEC, 0x1D, 0xE1, 0xE7, 
    0x16, 0x29, 0xBA, 0x78, 0x7C, 0x16, 0x44, 0xA6, 0xF3, 0xE0, 0x07, 0x16, 
    0x56, 0xCA, 0x18, 0x8A, 0x04, 0x02, 0xA9, 0x03, 0x00, 0x00, 0x24, 0x02, 
    0xAA, 0x03, 0x80, 0x11, 0x80, 0x00, 0x23, 0x16, 0xDE, 0xD7, 0xCA, 0xB4, 
    0x02, 0xAC, 0x03, 0x00, 0x00, 0x16, 0xF3, 0xAD, 0x76, 0xC8, 0x02, 0xAD, 
    0x03, 0x00, 0x00, 0x16, 0x69, 0x3F, 0xE9, 0x63, 0x02, 0xAE, 0x03, 0x00, 
    0x00, 0x16, 0x7F, 0xA3, 0x9F, 0xAD, 0x80, 0xFD, 0x5C, 0xC6, 0x7A, 0x53, 
    0x16, 0x0C, 0xF1, 0x31, 0x70, 0x07, 0x03, 0x16, 0x83, 0x2C, 0x07, 0x2D, 
    0x07, 0x16, 0x56, 0xCA, 0x18, 0x8A, 0x04, 0x02, 0xAF, 0x03, 0x00, 0x00, 
    0x24, 0x02, 0xB0, 0x03, 0x80, 0x11, 0x80, 0x00, 0x23, 0x16, 0xC8, 0x95, 
    0x5B, 0x2F, 0x02, 0xB2, 0x03, 0x00, 0x00, 0x16, 0xF3, 0xAD, 0x76, 0xC8, 
    0x02, 0xB3, 0x03, 0x00, 0x00, 0x16, 0x69, 0x3F, 0xE9, 0x63, 0x02, 0xB4, 
    0x03, 0x00, 0x00, 0x16, 0x7F, 0xA3, 0x9F, 0xAD, 0x80, 0xFD, 0x58, 0x03, 
    0x16, 0x37, 0x16, 0x0C, 0xF1, 0x31, 0x70, 0x07, 0x03, 0x16, 0x83, 0x2C, 
    0x07, 0x2D, 0x07, 0x16, 0x56, 0xCA, 0x18, 0x8A, 0x04, 0x02, 0xB5, 0x03, 
    0x00, 0x00, 0x24, 0x02, 0xB6, 0x03, 0x80, 0x75, 0x81, 0x00, 0x23, 0x16, 
    0xB4, 0xD6, 0x8A, 0x32, 0x02, 0xB8, 0x03, 0x00, 0x00, 0x16, 0x6F, 0xD8, 
    0x5E, 0x25, 0x03, 0x16, 0xF9, 0x81, 0xDC, 0xA1, 0x07, 0x1C, 0x0F, 0x00, 
    0x00, 0x00, 0x42, 0x53, 0x20, 0x43, 0x72, 0x61, 0x69, 0x6C, 0x20, 0x53, 
    0x6C, 0x69, 0x64, 0x65, 0x00, 0x16, 0xAE, 0xC8, 0x66, 0xCD, 0x07, 0x17, 
    0xF4, 0x01, 0x00, 0x00, 0x16, 0x64, 0x0F, 0xB6, 0xEB, 0x07, 0x16, 0x01, 
    0x97, 0x00, 0x5E, 0x16, 0xA4, 0x9B, 0x54, 0x98, 0x07, 0x16, 0x04, 0x44, 
    0x72, 0x61, 0x16, 0xB7, 0x7D, 0x3F, 0x0E, 0x07, 0x16, 0xFD, 0xD4, 0xD3, 
    0x10, 0x16, 0xD6, 0xA8, 0x21, 0x73, 0x07, 0x80, 0xB5, 0x6F, 0xD8, 0x5E, 
    0x25, 0x16, 0x83, 0x2C, 0x07, 0x2D, 0x07, 0x2D, 0x16, 0x83, 0x2C, 0x80, 
    0x3D, 0x80, 0x2D, 0x02, 0xB9, 0x03, 0x00, 0x00, 0x16, 0x42, 0x44, 0xE2, 
    0xA7, 0x07, 0x16, 0xC2, 0x23, 0x2B, 0xE6, 0x16, 0x40, 0xAA, 0xEE, 0x1A, 
    0x16, 0x02, 0x51, 0x85, 0x6E, 0x07, 0x16, 0x8F, 0x7C, 0xA8, 0x54, 0x16, 
    0x29, 0xBA, 0x78, 0x7C, 0x04, 0x02, 0xBA, 0x03, 0x00, 0x00, 0x24, 0x02, 
    0xBB, 0x03, 0x80, 0x75, 0x81, 0x00, 0x23, 0x16, 0xB0, 0x13, 0xE6, 0x56, 
    0x02, 0xBD, 0x03, 0x00, 0x00, 0x16, 0x6F, 0xD8, 0x5E, 0x25, 0x03, 0x16, 
    0xF9, 0x81, 0xDC, 0xA1, 0x07, 0x1C, 0x0F, 0x00, 0x00, 0x00, 0x46, 0x53, 
    0x20, 0x43, 0x72, 0x61, 0x69, 0x6C, 0x20, 0x53, 0x6C, 0x69, 0x64, 0x65, 
    0x00, 0x16, 0xAE, 0xC8, 0x66, 0xCD, 0x07, 0x17, 0xF4, 0x01, 0x00, 0x00, 
    0x16, 0x64, 0x0F, 0xB6, 0xEB, 0x07, 0x16, 0x01, 0x97, 0x00, 0x5E, 0x16, 
    0xA4, 0x9B, 0x54, 0x98, 0x07, 0x16, 0x04, 0x44, 0x72, 0x61, 0x16, 0xB7, 
    0x7D, 0x3F, 0x0E, 0x07, 0x16, 0xFD, 0xD4, 0xD3, 0x10, 0x16, 0xD6, 0xA8, 
    0x21, 0x73, 0x07, 0x80, 0xB5, 0x6F, 0xD8, 0x5E, 0x25, 0x16, 0x83, 0x2C, 
    0x07, 0x2D, 0x07, 0x2D, 0x16, 0x83, 0x2C, 0x80, 0x3D, 0x80, 0x2D, 0x02, 
    0xBE, 0x03, 0x00, 0x00, 0x16, 0x42, 0x44, 0xE2, 0xA7, 0x07, 0x16, 0xC2, 
    0x23, 0x2B, 0xE6, 0x16, 0x40, 0xAA, 0xEE, 0x1A, 0x16, 0x02, 0x51, 0x85, 
    0x6E, 0x07, 0x16, 0x8B, 0xB9, 0xC4, 0x30, 0x16, 0x29, 0xBA, 0x78, 0x7C, 
    0x04, 0x02, 0xBF, 0x03, 0x00, 0x00, 0x24, 0x02, 0xC0, 0x03, 0x80, 0x11, 
    0x80, 0x00, 0x23, 0x16, 0x0A, 0xAD, 0x2E, 0x95, 0x02, 0xC2, 0x03, 0x00, 
    0x00, 0x16, 0xF3, 0xAD, 0x76, 0xC8, 0x02, 0xC3, 0x03, 0x00, 0x00, 0x16, 
    0x69, 0x3F, 0xE9, 0x63, 0x02, 0xC4, 0x03, 0x00, 0x00, 0x16, 0x7F, 0xA3, 
    0x9F, 0xAD, 0x80, 0xFD, 0xB4, 0xD6, 0x8A, 0x32, 0x16, 0x0C, 0xF1, 0x31, 
    0x70, 0x07, 0x03, 0x16, 0x83, 0x2C, 0x07, 0x2D, 0x07, 0x16, 0x56, 0xCA, 
    0x18, 0x8A, 0x04, 0x02, 0xC5, 0x03, 0x00, 0x00, 0x24, 0x02, 0xC6, 0x03, 
    0x80, 0x11, 0x80, 0x00, 0x23, 0x16, 0x1C, 0xEF, 0xBF, 0x0E, 0x02, 0xC8, 
    0x03, 0x00, 0x00, 0x16, 0xF3, 0xAD, 0x76, 0xC8, 0x02, 0xC9, 0x03, 0x00, 
    0x00, 0x16, 0x69, 0x3F, 0xE9, 0x63, 0x02, 0xCA, 0x03, 0x00, 0x00, 0x16, 
    0x7F, 0xA3, 0x9F, 0xAD, 0x80, 0xFD, 0xB0, 0x13, 0xE6, 0x56, 0x16, 0x0C, 
    0xF1, 0x31, 0x70, 0x07, 0x03, 0x16, 0x83, 0x2C, 0x07, 0x2D, 0x07, 0x16, 
    0x56, 0xCA, 0x18, 0x8A, 0x04, 0x02, 0xCB, 0x03, 0x00, 0x00, 0x24, 0x02, 
    0xCC, 0x03, 0x80, 0x79, 0x81, 0x00, 0x23, 0x16, 0x1F, 0x19, 0xE5, 0x10, 
    0x02, 0xCE, 0x03, 0x00, 0x00, 0x16, 0x6F, 0xD8, 0x5E, 0x25, 0x03, 0x16, 
    0xF9, 0x81, 0xDC, 0xA1, 0x07, 0x1C, 0x10, 0x00, 0x00, 0x00, 0x42, 0x53, 
    0x20, 0x35, 0x2D, 0x30, 0x20, 0x4F, 0x76, 0x65, 0x72, 0x74, 0x75, 0x72, 
    0x6E, 0x00, 0x16, 0xAE, 0xC8, 0x66, 0xCD, 0x07, 0x17, 0xF4, 0x01, 0x00, 
    0x00, 0x16, 0x64, 0x0F, 0xB6, 0xEB, 0x07, 0x16, 0x18, 0xF7, 0xC1, 0x9C, 
    0x16, 0xA4, 0x9B, 0x54, 0x98, 0x07, 0x16, 0xA4, 0x2D, 0xDB, 0x05, 0x16, 
    0xB7, 0x7D, 0x3F, 0x0E, 0x07, 0x16, 0x41, 0x6A, 0x4C, 0x06, 0x16, 0xD6, 
    0xA8, 0x21, 0x73, 0x07, 0x80, 0xB5, 0x6F, 0xD8, 0x5E, 0x25, 0x16, 0x83, 
    0x2C, 0x07, 0x2D, 0x07, 0x2D, 0x16, 0x83, 0x2C, 0x80, 0x3D, 0x80, 0x2D, 
    0x02, 0xCF, 0x03, 0x00, 0x00, 0x16, 0x42, 0x44, 0xE2, 0xA7, 0x07, 0x16, 
    0xC2, 0x23, 0x2B, 0xE6, 0x16, 0x40, 0xAA, 0xEE, 0x1A, 0x16, 0x02, 0x51, 
    0x85, 0x6E, 0x07, 0x16, 0x8F, 0x7C, 0xA8, 0x54, 0x16, 0x29, 0xBA, 0x78, 
    0x7C, 0x04, 0x02, 0xD0, 0x03, 0x00, 0x00, 0x24, 0x02, 0xD1, 0x03, 0x80, 
    0x79, 0x81, 0x00, 0x23, 0x16, 0x1B, 0xDC, 0x89, 0x74, 0x02, 0xD3, 0x03, 
    0x00, 0x00, 0x16, 0x6F, 0xD8, 0x5E, 0x25, 0x03, 0x16, 0xF9, 0x81, 0xDC, 
    0xA1, 0x07, 0x1C, 0x10, 0x00, 0x00, 0x00, 0x46, 0x53, 0x20, 0x35, 0x2D, 
    0x30, 0x20, 0x4F, 0x76, 0x65, 0x72, 0x74, 0x75, 0x72, 0x6E, 0x00, 0x16, 
    0xAE, 0xC8, 0x66, 0xCD, 0x07, 0x17, 0xF4, 0x01, 0x00, 0x00, 0x16, 0x64, 
    0x0F, 0xB6, 0xEB, 0x07, 0x16, 0x18, 0xF7, 0xC1, 0x9C, 0x16, 0xA4, 0x9B, 
    0x54, 0x98, 0x07, 0x16, 0xA4, 0x2D, 0xDB, 0x05, 0x16, 0xB7, 0x7D, 0x3F, 
    0x0E, 0x07, 0x16, 0x41, 0x6A, 0x4C, 0x06, 0x16, 0xD6, 0xA8, 0x21, 0x73, 
    0x07, 0x80, 0xB5, 0x6F, 0xD8, 0x5E, 0x25, 0x16, 0x83, 0x2C, 0x07, 0x2D, 
    0x07, 0x2D, 0x16, 0x83, 0x2C, 0x80, 0x3D, 0x80, 0x2D, 0x02, 0xD4, 0x03, 
    0x00, 0x00, 0x16, 0x42, 0x44, 0xE2, 0xA7, 0x07, 0x16, 0xC2, 0x23, 0x2B, 
    0xE6, 0x16, 0x40, 0xAA, 0xEE, 0x1A, 0x16, 0x02, 0x51, 0x85, 0x6E, 0x07, 
    0x16, 0x8B, 0xB9, 0xC4, 0x30, 0x16, 0x29, 0xBA, 0x78, 0x7C, 0x04, 0x02, 
    0xD5, 0x03, 0x00, 0x00, 0x24, 0x02, 0xD6, 0x03, 0x80, 0x11, 0x80, 0x00, 
    0x23, 0x16, 0xFF, 0xD4, 0xB2, 0xA2, 0x02, 0xD8, 0x03, 0x00, 0x00, 0x16, 
    0xF3, 0xAD, 0x76, 0xC8, 0x02, 0xD9, 0x03, 0x00, 0x00, 0x16, 0x69, 0x3F, 
    0xE9, 0x63, 0x02, 0xDA, 0x03, 0x00, 0x00, 0x16, 0x7F, 0xA3, 0x9F, 0xAD, 
    0x80, 0xFD, 0x1F, 0x19, 0xE5, 0x10, 0x16, 0x0C, 0xF1, 0x31, 0x70, 0x07, 
    0x03, 0x16, 0x83, 0x2C, 0x07, 0x2D, 0x07, 0x16, 0x56, 0xCA, 0x18, 0x8A, 
    0x04, 0x02, 0xDB, 0x03, 0x00, 0x00, 0x24, 0x02, 0xDC, 0x03, 0x80, 0x11, 
    0x80, 0x00, 0x23, 0x16, 0xE9, 0x96, 0x23, 0x39, 0x02, 0xDE, 0x03, 0x00, 
    0x00, 0x16, 0xF3, 0xAD, 0x76, 0xC8, 0x02, 0xDF, 0x03, 0x00, 0x00, 0x16, 
    0x69, 0x3F, 0xE9, 0x63, 0x02, 0xE0, 0x03, 0x00, 0x00, 0x16, 0x7F, 0xA3, 
    0x9F, 0xAD, 0x80, 0xFD, 0x1B, 0xDC, 0x89, 0x74, 0x16, 0x0C, 0xF1, 0x31, 
    0x70, 0x07, 0x03, 0x16, 0x83, 0x2C, 0x07, 0x2D, 0x07, 0x16, 0x56, 0xCA, 
    0x18, 0x8A, 0x04, 0x02, 0xE1, 0x03, 0x00, 0x00, 0x24, 0x02, 0xE2, 0x03, 
    0x80, 0x05, 0x82, 0x00, 0x23, 0x16, 0x76, 0x95, 0xEB, 0xB3, 0x02, 0xE5, 
    0x03, 0x00, 0x00, 0x16, 0x6F, 0xD8, 0x5E, 0x25, 0x03, 0x16, 0xF9, 0x81, 
    0xDC, 0xA1, 0x07, 0x1C, 0x13, 0x00, 0x00, 0x00, 0x48, 0x61, 0x6E, 0x67, 
    0x20, 0x54, 0x65, 0x6E, 0x20, 0x4E, 0x6F, 0x73, 0x65, 0x67, 0x72, 0x69, 
    0x6E, 0x64, 0x00, 0x16, 0xAE, 0xC8, 0x66, 0xCD, 0x07, 0x17, 0xF4, 0x01, 
    0x00, 0x00, 0x16, 0x64, 0x0F, 0xB6, 0xEB, 0x07, 0x16, 0xA5, 0xD0, 0x79, 
    0x9B, 0x16, 0xA4, 0x9B, 0x54, 0x98, 0x07, 0x16, 0xB2, 0x5A, 0x0C, 0xB0, 
    0x16, 0xB7, 0x7D, 0x3F, 0x0E, 0x07, 0x16, 0x45, 0xCE, 0xAF, 0xD3, 0x16, 
    0xD6, 0xA8, 0x21, 0x73, 0x07, 0x80, 0xB5, 0x6F, 0xD8, 0x5E, 0x25, 0x16, 
    0x83, 0x2C, 0x07, 0x2D, 0x07, 0x2D, 0x16, 0x83, 0x2C, 0x80, 0x3D, 0x80, 
    0x2D, 0x02, 0xE6, 0x03, 0x00, 0x00, 0x16, 0x42, 0x44, 0xE2, 0xA7, 0x07, 
    0x16, 0xC2, 0x23, 0x2B, 0xE6, 0x16, 0x02, 0x51, 0x85, 0x6E, 0x07, 0x16, 
    0xE8, 0xD8, 0x8D, 0x83, 0x16, 0x40, 0xAA, 0xEE, 0x1A, 0x16, 0x2C, 0xEF, 
    0x7B, 0xDE, 0x04, 0x02, 0xE7, 0x03, 0x00, 0x00, 0x24, 0x02, 0xE8, 0x03, 
    0x80, 0x05, 0x82, 0x00, 0x23, 0x16, 0x72, 0x50, 0x87, 0xD7, 0x02, 0xEA, 
    0x03, 0x00, 0x00, 0x16, 0x6F, 0xD8, 0x5E, 0x25, 0x03, 0x16, 0xF9, 0x81, 
    0xDC, 0xA1, 0x07, 0x1C, 0x13, 0x00, 0x00, 0x00, 0x48, 0x61, 0x6E, 0x67, 
    0x20, 0x54, 0x65, 0x6E, 0x20, 0x4E, 0x6F, 0x73, 0x65, 0x67, 0x72, 0x69, 
    0x6E, 0x64, 0x00, 0x16, 0xAE, 0xC8, 0x66, 0xCD, 0x07, 0x17, 0xF4, 0x01, 
    0x00, 0x00, 0x16, 0x64, 0x0F, 0xB6, 0xEB, 0x07, 0x16, 0xA5, 0xD0, 0x79, 
    0x9B, 0x16, 0xA4, 0x9B, 0x54, 0x98, 0x07, 0x16, 0xB2, 0x5A, 0x0C, 0xB0, 
    0x16, 0xB7, 0x7D, 0x3F, 0x0E, 0x07, 0x16, 0x45, 0xCE, 0xAF, 0xD3, 0x16, 
    0xD6, 0xA8, 0x21, 0x73, 0x07, 0x80, 0xB5, 0x6F, 0xD8, 0x5E, 0x25, 0x16, 
    0x83, 0x2C, 0x07, 0x2D, 0x07, 0x2D, 0x16, 0x83, 0x2C, 0x80, 0x3D, 0x80, 
    0x2D, 0x02, 0xEB, 0x03, 0x00, 0x00, 0x16, 0x42, 0x44, 0xE2, 0xA7, 0x07, 
    0x16, 0xC2, 0x23, 0x2B, 0xE6, 0x16, 0x02, 0x51, 0x85, 0x6E, 0x07, 0x16, 
    0xEC, 0x1D, 0xE1, 0xE7, 0x16, 0x40, 0xAA, 0xEE, 0x1A, 0x16, 0x2C, 0xEF, 
    0x7B, 0xDE, 0x04, 0x02, 0xEC, 0x03, 0x00, 0x00, 0x24, 0x02, 0xED, 0x03, 
    0x80, 0x11, 0x80, 0x00, 0x23, 0x16, 0x4E, 0x51, 0xEF, 0xDD, 0x02, 0xEF, 
    0x03, 0x00, 0x00, 0x16, 0xF3, 0xAD, 0x76, 0xC8, 0x02, 0xF0, 0x03, 0x00, 
    0x00, 0x16, 0x69, 0x3F, 0xE9, 0x63, 0x02, 0xF1, 0x03, 0x00, 0x00, 0x16, 
    0x7F, 0xA3, 0x9F, 0xAD, 0x80, 0xFD, 0x76, 0x95, 0xEB, 0xB3, 0x16, 0x0C, 
    0xF1, 0x31, 0x70, 0x07, 0x03, 0x16, 0x83, 0x2C, 0x07, 0x2D, 0x07, 0x16, 
    0x56, 0xCA, 0x18, 0x8A, 0x04, 0x02, 0xF2, 0x03, 0x00, 0x00, 0x24, 0x02, 
    0xF3, 0x03, 0x80, 0x11, 0x80, 0x00, 0x23, 0x16, 0x58, 0x13, 0x7E, 0x46, 
    0x02, 0xF5, 0x03, 0x00, 0x00, 0x16, 0xF3, 0xAD, 0x76, 0xC8, 0x02, 0xF6, 
    0x03, 0x00, 0x00, 0x16, 0x69, 0x3F, 0xE9, 0x63, 0x02, 0xF7, 0x03, 0x00, 
    0x00, 0x16, 0x7F, 0xA3, 0x9F, 0xAD, 0x80, 0xFD, 0x72, 0x50, 0x87, 0xD7, 
    0x16, 0x0C, 0xF1, 0x31, 0x70, 0x07, 0x03, 0x16, 0x83, 0x2C, 0x07, 0x2D, 
    0x07, 0x16, 0x56, 0xCA, 0x18, 0x8A, 0x04, 0x02, 0xF8, 0x03, 0x00, 0x00, 
    0x24, 0x02, 0xF9, 0x03, 0x80, 0x8D, 0x00, 0x23, 0x16, 0x33, 0x80, 0x65, 
    0x81, 0xCE, 0xE0, 0x02, 0xFB, 0x03, 0x00, 0x00, 0x16, 0x6F, 0xD8, 0x5E, 
    0x25, 0x03, 0x16, 0xF9, 0x81, 0xDC, 0xA1, 0x07, 0x1C, 0x10, 0x00, 0x00, 
    0x00, 0x48, 0x61, 0x6E, 0x64, 0x73, 0x74, 0x61, 0x6E, 0x64, 0x20, 0x35, 
    0x30, 0x2D, 0x35, 0x30, 0x00, 0x16, 0xAE, 0xC8, 0x66, 0xCD, 0x07, 0x17, 
    0xF4, 0x01, 0x00, 0x00, 0x16, 0x64, 0x0F, 0xB6, 0xEB, 0x07, 0x16, 0xAE, 
    0x1F, 0x1C, 0x89, 0x16, 0xA4, 0x9B, 0x54, 0x98, 0x07, 0x16, 0xF5, 0xE6, 
    0xCC, 0x27, 0x16, 0xB7, 0x7D, 0x3F, 0x0E, 0x07, 0x16, 0x1C, 0x95, 0x89, 
    0x01, 0x16, 0xD6, 0xA8, 0x21, 0x73, 0x07, 0x80, 0xB5, 0x6F, 0xD8, 0x5E, 
    0x25, 0x16, 0x83, 0x2C, 0x07, 0x2D, 0x07, 0x2D, 0x16, 0x83, 0x2C, 0x80, 
    0x11, 0x80, 0x2D, 0x02, 0xFC, 0x03, 0x00, 0x00, 0x16, 0x42, 0x44, 0xE2, 
    0xA7, 0x07, 0x16, 0x0F, 0x59, 0x95, 0x4B, 0x16, 0x40, 0xAA, 0xEE, 0x1A, 
    0x16, 0x29, 0xBA, 0x78, 0x7C, 0x04, 0x02, 0xFD, 0x03, 0x00, 0x00, 0x24, 
    0x02, 0xFE, 0x03, 0x80, 0xF9, 0x00, 0x23, 0x16, 0x37, 0xE0, 0xA2, 0x84, 
    0x02, 0x00, 0x04, 0x00, 0x00, 0x16, 0x7F, 0xA3, 0x9F, 0xAD, 0x16, 0x33, 
    0x25, 0xCE, 0xE0, 0x02, 0x01, 0x04, 0x00, 0x00, 0x24, 0x02, 0x02, 0x04, 
    0x80, 0x11, 0x80, 0x00, 0x23, 0x16, 0xF8, 0xD7, 0xEA, 0xAE, 0x02, 0x04, 
    0x04, 0x00, 0x00, 0x16, 0xF3, 0xAD, 0x76, 0xC8, 0x02, 0x05, 0x04, 0x00, 
    0x00, 0x16, 0x69, 0x3F, 0xE9, 0x63, 0x02, 0x06, 0x04, 0x00, 0x00, 0x16, 
    0x7F, 0xA3, 0x9F, 0xAD, 0x80, 0xFD, 0x33, 0x25, 0xCE, 0xE0, 0x16, 0x0C, 
    0xF1, 0x31, 0x70, 0x07, 0x03, 0x16, 0x83, 0x2C, 0x07, 0x2D, 0x07, 0x16, 
    0x56, 0xCA, 0x18, 0x8A, 0x04, 0x02, 0x07, 0x04, 0x00, 0x00, 0x24, 0x02, 
    0x08, 0x04, 0x80, 0xF9, 0x00, 0x23, 0x16, 0xEE, 0x95, 0x7B, 0x35, 0x02, 
    0x0A, 0x04, 0x00, 0x00, 0x16, 0x7F, 0xA3, 0x9F, 0xAD, 0x16, 0xF8, 0xD7, 
    0xEA, 0xAE, 0x02, 0x0B, 0x04, 0x00, 0x00, 0x24, 0x02, 0x0C, 0x04, 0x80, 
    0x7D, 0x81, 0x00, 0x23, 0x16, 0x1A, 0x24, 0xF7, 0xAA, 0x02, 0x0E, 0x04, 
    0x00, 0x00, 0x16, 0x6F, 0xD8, 0x5E, 0x25, 0x03, 0x16, 0xF9, 0x81, 0xDC, 
    0xA1, 0x07, 0x1C, 0x11, 0x00, 0x00, 0x00, 0x52, 0x6F, 0x77, 0x6C, 0x65, 
    0x79, 0x20, 0x44, 0x61, 0x72, 0x6B, 0x73, 0x6C, 0x69, 0x64, 0x65, 0x00, 
    0x16, 0xAE, 0xC8, 0x66, 0xCD, 0x07, 0x17, 0xF4, 0x01, 0x00, 0x00, 0x16, 
    0x64, 0x0F, 0xB6, 0xEB, 0x07, 0x16, 0x3D, 0x16, 0x16, 0xCF, 0x16, 0xA4, 
    0x9B, 0x54, 0x98, 0x07, 0x16, 0x02, 0x2E, 0x8C, 0x4E, 0x16, 0xB7, 0x7D, 
    0x3F, 0x0E, 0x07, 0x16, 0xB3, 0x7F, 0x3E, 0x62, 0x16, 0xD6, 0xA8, 0x21, 
    0x73, 0x07, 0x80, 0xB5, 0x9D, 0x11, 0x10, 0x8D, 0x16, 0x83, 0x2C, 0x07, 
    0x2D, 0x07, 0x2D, 0x16, 0x83, 0x2C, 0x80, 0x3D, 0x80, 0x2D, 0x02, 0x0F, 
    0x04, 0x00, 0x00, 0x16, 0x42, 0x44, 0xE2, 0xA7, 0x07, 0x16, 0x7C, 0x27, 
    0xD5, 0x5C, 0x16, 0x40, 0xAA, 0xEE, 0x1A, 0x16, 0x29, 0xBA, 0x78, 0x7C, 
    0x16, 0x44, 0xA6, 0xF3, 0xE0, 0x07, 0x16, 0x56, 0xCA, 0x18, 0x8A, 0x04, 
    0x02, 0x10, 0x04, 0x00, 0x00, 0x24, 0x02, 0x11, 0x04, 0x80, 0xF9, 0x00, 
    0x23, 0x16, 0x1E, 0xE1, 0x9B, 0xCE, 0x02, 0x13, 0x04, 0x00, 0x00, 0x16, 
    0x7F, 0xA3, 0x9F, 0xAD, 0x16, 0x1A, 0x24, 0xF7, 0xAA, 0x02, 0x14, 0x04, 
    0x00, 0x00, 0x24, 0x02, 0x15, 0x04, 0x80, 0x11, 0x80, 0x00, 0x23, 0x16, 
    0x4F, 0x78, 0x9F, 0xEA, 0x02, 0x17, 0x04, 0x00, 0x00, 0x16, 0xF3, 0xAD, 
    0x76, 0xC8, 0x02, 0x18, 0x04, 0x00, 0x00, 0x16, 0x69, 0x3F, 0xE9, 0x63, 
    0x02, 0x19, 0x04, 0x00, 0x00, 0x16, 0x7F, 0xA3, 0x9F, 0xAD, 0x80, 0xFD, 
    0x1A, 0x24, 0xF7, 0xAA, 0x16, 0x0C, 0xF1, 0x31, 0x70, 0x07, 0x03, 0x16, 
    0x83, 0x2C, 0x07, 0x2D, 0x07, 0x16, 0x56, 0xCA, 0x18, 0x8A, 0x04, 0x02, 
    0x1A, 0x04, 0x00, 0x00, 0x24, 0x02, 0x1B, 0x04, 0x80, 0xED, 0x00, 0x23, 
    0x16, 0x59, 0x3A, 0x0E, 0x71, 0x02, 0x1D, 0x04, 0x00, 0x00, 0x16, 0x7F, 
    0xA3, 0x9F, 0xAD, 0x16, 0x4F, 0x78, 0x9F, 0xEA, 0x02, 0x1E, 0x04, 0x00, 
    0x00, 0x24, 0x80, 0x35, 0x81, 0x1F, 0x04, 0x00, 0x00, 0x23, 0x16, 0xEF, 
    0x61, 0x49, 0xA5, 0x16, 0x02, 0x51, 0x85, 0x6E, 0x07, 0x16, 0x8F, 0x7C, 
    0xA8, 0x54, 0x02, 0x21, 0x04, 0x00, 0x00, 0x16, 0x6F, 0xD8, 0x5E, 0x25, 
    0x03, 0x16, 0xF9, 0x81, 0xDC, 0xA1, 0x07, 0x1C, 0x0E, 0x00, 0x00, 0x00, 
    0x42, 0x69, 0x67, 0x20, 0x48, 0x69, 0x74, 0x74, 0x65, 0x72, 0x20, 0x49, 
    0x49, 0x00, 0x16, 0xAE, 0xC8, 0x66, 0xCD, 0x07, 0x17, 0xF4, 0x01, 0x00, 
    0x00, 0x16, 0x64, 0x0F, 0xB6, 0xEB, 0x07, 0x16, 0x03, 0x61, 0xFC, 0x80, 
    0xED, 0x16, 0xA4, 0x9B, 0x54, 0x98, 0x07, 0x16, 0xDE, 0xD9, 0x34, 0x8F, 
    0x16, 0xB7, 0x7D, 0x3F, 0x0E, 0x07, 0x16, 0x5A, 0x9D, 0x13, 0x5E, 0x16, 
    0xD6, 0xA8, 0x21, 0x73, 0x07, 0x80, 0xB5, 0x9D, 0x11, 0x10, 0x8D, 0x16, 
    0x83, 0x2C, 0x07, 0x2D, 0x07, 0x2D, 0x16, 0x83, 0x2C, 0x80, 0xC1, 0x2D, 
    0x02, 0x22, 0x04, 0x00, 0x00, 0x16, 0x42, 0x44, 0xE2, 0xA7, 0x07, 0x16, 
    0x7C, 0x27, 0xD5, 0x5C, 0x80, 0x8D, 0x40, 0xAA, 0xEE, 0x1A, 0x80, 0xE5, 
    0x02, 0x51, 0x85, 0x6E, 0x07, 0x2D, 0x16, 0x02, 0x51, 0x85, 0x6E, 0x16, 
    0x29, 0xBA, 0x78, 0x7C, 0x04, 0x02, 0x23, 0x04, 0x00, 0x00, 0x24, 0x02, 
    0x24, 0x04, 0x80, 0xC1, 0x00, 0x23, 0x16, 0xEB, 0xA4, 0x25, 0xC1, 0x02, 
    0x26, 0x04, 0x00, 0x00, 0x16, 0x7F, 0xA3, 0x9F, 0xAD, 0x80, 0xFD, 0xEF, 
    0x61, 0x49, 0xA5, 0x16, 0x0C, 0xF1, 0x31, 0x70, 0x07, 0x03, 0x16, 0x02, 
    0x51, 0x85, 0x6E, 0x07, 0x16, 0x8B, 0xB9, 0xC4, 0x30, 0x04, 0x02, 0x27, 
    0x04, 0x00, 0x00, 0x24, 0x02, 0x28, 0x04, 0x80, 0x11, 0x80, 0x00, 0x23, 
    0x16, 0x56, 0x4F, 0x8F, 0xC7, 0x02, 0x2A, 0x04, 0x00, 0x00, 0x16, 0xF3, 
    0xAD, 0x76, 0xC8, 0x02, 0x2B, 0x04, 0x00, 0x00, 0x16, 0x69, 0x3F, 0xE9, 
    0x63, 0x02, 0x2C, 0x04, 0x00, 0x00, 0x16, 0x7F, 0xA3, 0x9F, 0xAD, 0x80, 
    0xFD, 0xEF, 0x61, 0x49, 0xA5, 0x16, 0x0C, 0xF1, 0x31, 0x70, 0x07, 0x03, 
    0x16, 0x83, 0x2C, 0x07, 0x2D, 0x07, 0x16, 0x56, 0xCA, 0x18, 0x8A, 0x04, 
    0x02, 0x2D, 0x04, 0x00, 0x00, 0x24, 0x02, 0x2E, 0x04, 0x80, 0xED, 0x00, 
    0x23, 0x16, 0x40, 0x0D, 0x1E, 0x5C, 0x02, 0x30, 0x04, 0x00, 0x00, 0x16, 
    0x7F, 0xA3, 0x9F, 0xAD, 0x16, 0x56, 0x4F, 0x8F, 0xC7, 0x02, 0x31, 0x04, 
    0x00, 0x00, 0x24, 0x80, 0x3D, 0x82, 0x32, 0x04, 0x00, 0x00, 0x23, 0x16, 
    0x13, 0x77, 0x4F, 0x19, 0x16, 0x02, 0x51, 0x85, 0x6E, 0x07, 0x16, 0x8B, 
    0xB9, 0xC4, 0x30, 0x02, 0x34, 0x04, 0x00, 0x00, 0x16, 0x6F, 0xD8, 0x5E, 
    0x25, 0x03, 0x16, 0xF9, 0x81, 0xDC, 0xA1, 0x07, 0x1C, 0x13, 0x00, 0x00, 
    0x00, 0x4E, 0x6F, 0x73, 0x65, 0x67, 0x72, 0x69, 0x6E, 0x64, 0x20, 0x74, 
    0x6F, 0x20, 0x50, 0x69, 0x76, 0x6F, 0x74, 0x00, 0x16, 0xAE, 0xC8, 0x66, 
    0xCD, 0x07, 0x17, 0xF4, 0x01, 0x00, 0x00, 0x16, 0x64, 0x0F, 0xB6, 0xEB, 
    0x07, 0x16, 0xB6, 0x9E, 0x3A, 0x19, 0x16, 0xA4, 0x9B, 0x54, 0x98, 0x07, 
    0x16, 0x22, 0x58, 0x30, 0x34, 0x16, 0xB7, 0x7D, 0x3F, 0x0E, 0x07, 0x16, 
    0x13, 0x1C, 0x15, 0x98, 0x16, 0xD6, 0xA8, 0x21, 0x73, 0x07, 0x80, 0xB5, 
    0x6F, 0xD8, 0x5E, 0x25, 0x16, 0x83, 0x2C, 0x07, 0x2D, 0x07, 0x2D, 0x16, 
    0x83, 0x2C, 0x80, 0x2D, 0x80, 0x2D, 0x02, 0x35, 0x04, 0x00, 0x00, 0x16, 
    0x42, 0x44, 0xE2, 0xA7, 0x07, 0x16, 0xC2, 0x23, 0x2B, 0xE6, 0x16, 0x40, 
    0xAA, 0xEE, 0x1A, 0x16, 0x44, 0xA6, 0xF3, 0xE0, 0x07, 0x16, 0x56, 0xCA, 
    0x18, 0x8A, 0x16, 0x20, 0x1B, 0xA1, 0xEB, 0x07, 0x17, 0x32, 0x00, 0x00, 
    0x00, 0x80, 0x8D, 0x02, 0x51, 0x85, 0x6E, 0x80, 0xFD, 0x2D, 0x16, 0x02, 
    0x51, 0x85, 0x6E, 0x16, 0x03, 0xA4, 0xA3, 0x65, 0x07, 0x16, 0xF4, 0xAE, 
    0x50, 0x87, 0x16, 0x29, 0xBA, 0x78, 0x7C, 0x04, 0x02, 0x36, 0x04, 0x00, 
    0x00, 0x24, 0x02, 0x37, 0x04, 0x80, 0xF9, 0x00, 0x23, 0x16, 0x17, 0xB2, 
    0x23, 0x7D, 0x02, 0x39, 0x04, 0x00, 0x00, 0x16, 0x7F, 0xA3, 0x9F, 0xAD, 
    0x16, 0x13, 0x77, 0x4F, 0x19, 0x02, 0x3A, 0x04, 0x00, 0x00, 0x24, 0x02, 
    0x3B, 0x04, 0x80, 0x11, 0x80, 0x00, 0x23, 0x16, 0xAA, 0x61, 0x19, 0x87, 
    0x02, 0x3D, 0x04, 0x00, 0x00, 0x16, 0xF3, 0xAD, 0x76, 0xC8, 0x02, 0x3E, 
    0x04, 0x00, 0x00, 0x16, 0x69, 0x3F, 0xE9, 0x63, 0x02, 0x3F, 0x04, 0x00, 
    0x00, 0x16, 0x7F, 0xA3, 0x9F, 0xAD, 0x80, 0xFD, 0x13, 0x77, 0x4F, 0x19, 
    0x16, 0x0C, 0xF1, 0x31, 0x70, 0x07, 0x03, 0x16, 0x83, 0x2C, 0x07, 0x2D, 
    0x07, 0x16, 0x56, 0xCA, 0x18, 0x8A, 0x04, 0x02, 0x40, 0x04, 0x00, 0x00, 
    0x24, 0x02, 0x41, 0x04, 0x80, 0xED, 0x00, 0x23, 0x16, 0xBC, 0x23, 0x88, 
    0x1C, 0x02, 0x43, 0x04, 0x00, 0x00, 0x16, 0x7F, 0xA3, 0x9F, 0xAD, 0x16, 
    0xAA, 0x61, 0x19, 0x87, 0x02, 0x44, 0x04, 0x00, 0x00, 0x24, 0x80, 0x35, 
    0x82, 0x45, 0x04, 0x00, 0x00, 0x23, 0x16, 0xF7, 0x67, 0xD6, 0xCE, 0x16, 
    0x02, 0x51, 0x85, 0x6E, 0x07, 0x16, 0x8F, 0x7C, 0xA8, 0x54, 0x02, 0x47, 
    0x04, 0x00, 0x00, 0x16, 0x6F, 0xD8, 0x5E, 0x25, 0x03, 0x16, 0xF9, 0x81, 
    0xDC, 0xA1, 0x07, 0x1C, 0x11, 0x00, 0x00, 0x00, 0x4C, 0x61, 0x79, 0x62, 
    0x61, 0x63, 0x6B, 0x20, 0x42, 0x53, 0x20, 0x53, 0x6D, 0x69, 0x74, 0x68, 
    0x00, 0x16, 0xAE, 0xC8, 0x66, 0xCD, 0x07, 0x17, 0xF4, 0x01, 0x00, 0x00, 
    0x16, 0x64, 0x0F, 0xB6, 0xEB, 0x07, 0x16, 0x6F, 0x37, 0xA9, 0xAF, 0x16, 
    0xA4, 0x9B, 0x54, 0x98, 0x07, 0x16, 0xFB, 0xA1, 0x89, 0xCB, 0x16, 0xB7, 
    0x7D, 0x3F, 0x0E, 0x07, 0x16, 0x2C, 0xF8, 0x91, 0x6D, 0x16, 0xD6, 0xA8, 
    0x21, 0x73, 0x07, 0x80, 0xB5, 0x6F, 0xD8, 0x5E, 0x25, 0x16, 0x83, 0x2C, 
    0x07, 0x2D, 0x07, 0x2D, 0x16, 0x83, 0x2C, 0x80, 0xC1, 0x2D, 0x02, 0x48, 
    0x04, 0x00, 0x00, 0x16, 0x42, 0x44, 0xE2, 0xA7, 0x07, 0x16, 0x7C, 0x27, 
    0xD5, 0x5C, 0x80, 0x8D, 0x40, 0xAA, 0xEE, 0x1A, 0x80, 0x05, 0x80, 0x02, 
    0x51, 0x85, 0x6E, 0x07, 0x2D, 0x16, 0x02, 0x51, 0x85, 0x6E, 0x16, 0x29, 
    0xBA, 0x78, 0x7C, 0x16, 0xF0, 0x55, 0xA8, 0x7E, 0x07, 0x16, 0x41, 0xE8, 
    0x6C, 0xE1, 0x04, 0x02, 0x49, 0x04, 0x00, 0x00, 0x24, 0x80, 0x39, 0x82, 
    0x4A, 0x04, 0x00, 0x00, 0x23, 0x16, 0xF3, 0xA2, 0xBA, 0xAA, 0x16, 0x02, 
    0x51, 0x85, 0x6E, 0x07, 0x16, 0x8B, 0xB9, 0xC4, 0x30, 0x02, 0x4C, 0x04, 
    0x00, 0x00, 0x16, 0x6F, 0xD8, 0x5E, 0x25, 0x03, 0x16, 0xF9, 0x81, 0xDC, 
    0xA1, 0x07, 0x1C, 0x12, 0x00, 0x00, 0x00, 0x4C, 0x61, 0x79, 0x62, 0x61, 
    0x63, 0x6B, 0x20, 0x46, 0x53, 0x20, 0x46, 0x65, 0x65, 0x62, 0x6C, 0x65, 
    0x00, 0x16, 0xAE, 0xC8, 0x66, 0xCD, 0x07, 0x17, 0xF4, 0x01, 0x00, 0x00, 
    0x16, 0x64, 0x0F, 0xB6, 0xEB, 0x07, 0x16, 0x6F, 0x37, 0xA9, 0xAF, 0x16, 
    0xA4, 0x9B, 0x54, 0x98, 0x07, 0x16, 0xFB, 0xA1, 0x89, 0xCB, 0x16, 0xB7, 
    0x7D, 0x3F, 0x0E, 0x07, 0x16, 0x2C, 0xF8, 0x91, 0x6D, 0x16, 0xD6, 0xA8, 
    0x21, 0x73, 0x07, 0x80, 0xB5, 0x6F, 0xD8, 0x5E, 0x25, 0x16, 0x83, 0x2C, 
    0x07, 0x2D, 0x07, 0x2D, 0x16, 0x83, 0x2C, 0x80, 0xC1, 0x2D, 0x02, 0x4D, 
    0x04, 0x00, 0x00, 0x16, 0x42, 0x44, 0xE2, 0xA7, 0x07, 0x16, 0x7C, 0x27, 
    0xD5, 0x5C, 0x80, 0x8D, 0x40, 0xAA, 0xEE, 0x1A, 0x80, 0x11, 0x80, 0x02, 
    0x51, 0x85, 0x6E, 0x07, 0x2D, 0x16, 0x02, 0x51, 0x85, 0x6E, 0x16, 0x29, 
    0xBA, 0x78, 0x7C, 0x16, 0xF0, 0x55, 0xA8, 0x7E, 0x07, 0x16, 0x41, 0xE8, 
    0x6C, 0xE1, 0x04, 0x02, 0x4E, 0x04, 0x00, 0x00, 0x24, 0x02, 0x4F, 0x04, 
    0x80, 0x11, 0x80, 0x00, 0x23, 0x16, 0x91, 0x62, 0x16, 0x7A, 0x02, 0x51, 
    0x04, 0x00, 0x00, 0x16, 0x65, 0x0C, 0xDE, 0xD9, 0x02, 0x52, 0x04, 0x00, 
    0x00, 0x16, 0x69, 0x3F, 0xE9, 0x63, 0x02, 0x53, 0x04, 0x00, 0x00, 0x16, 
    0x7F, 0xA3, 0x9F, 0xAD, 0x80, 0xFD, 0xF3, 0xA2, 0xBA, 0xAA, 0x16, 0x0C, 
    0xF1, 0x31, 0x70, 0x07, 0x03, 0x16, 0x83, 0x2C, 0x07, 0x2D, 0x07, 0x16, 
    0x56, 0xCA, 0x18, 0x8A, 0x04, 0x02, 0x54, 0x04, 0x00, 0x00, 0x24, 0x02, 
    0x55, 0x04, 0x80, 0x11, 0x80, 0x00, 0x23, 0x16, 0x87, 0x20, 0x87, 0xE1, 
    0x02, 0x57, 0x04, 0x00, 0x00, 0x16, 0x65, 0x0C, 0xDE, 0xD9, 0x02, 0x58, 
    0x04, 0x00, 0x00, 0x16, 0x69, 0x3F, 0xE9, 0x63, 0x02, 0x59, 0x04, 0x00, 
    0x00, 0x16, 0x7F, 0xA3, 0x9F, 0xAD, 0x80, 0xF1, 0xF7, 0x67, 0xD6, 0xCE, 
    0x16, 0x0C, 0xF1, 0x31, 0x70, 0x07, 0x03, 0x16, 0x83, 0x2C, 0x07, 0x2D, 
    0x07, 0x16, 0x56, 0xCA, 0x18, 0x8A, 0x04, 0x02, 0x5A, 0x04, 0x00, 0x00, 
    0x24, 0x80, 0x31, 0x82, 0x5B, 0x04, 0x00, 0x00, 0x23, 0x16, 0xB7, 0x40, 
    0x3D, 0x1A, 0x16, 0x02, 0x51, 0x85, 0x6E, 0x07, 0x16, 0x8F, 0x7C, 0xA8, 
    0x54, 0x02, 0x5D, 0x04, 0x00, 0x00, 0x16, 0x6F, 0xD8, 0x5E, 0x25, 0x03, 
    0x16, 0xF9, 0x81, 0xDC, 0xA1, 0x07, 0x1C, 0x10, 0x00, 0x00, 0x00, 0x54, 
    0x61, 0x69, 0x6C, 0x62, 0x6C, 0x6F, 0x63, 0x6B, 0x20, 0x53, 0x6C, 0x69, 
    0x64, 0x65, 0x00, 0x16, 0xAE, 0xC8, 0x66, 0xCD, 0x07, 0x17, 0xF4, 0x01, 
    0x00, 0x00, 0x16, 0x64, 0x0F, 0xB6, 0xEB, 0x07, 0x16, 0x26, 0x41, 0xEC, 
    0x6B, 0x16, 0xA4, 0x9B, 0x54, 0x98, 0x07, 0x16, 0xB9, 0x1D, 0x4D, 0xC4, 
    0x16, 0xB7, 0x7D, 0x3F, 0x0E, 0x07, 0x16, 0x26, 0x41, 0xEC, 0x6B, 0x16, 
    0xD6, 0xA8, 0x21, 0x73, 0x07, 0x80, 0xB5, 0x9D, 0x11, 0x10, 0x8D, 0x16, 
    0x83, 0x2C, 0x07, 0x2D, 0x07, 0x2D, 0x16, 0x83, 0x2C, 0x80, 0xAD, 0x2D, 
    0x02, 0x5E, 0x04, 0x00, 0x00, 0x16, 0x42, 0x44, 0xE2, 0xA7, 0x07, 0x80, 
    0x8D, 0x7C, 0x27, 0xD5, 0x5C, 0x80, 0xE5, 0x02, 0x51, 0x85, 0x6E, 0x07, 
    0x2D, 0x16, 0x02, 0x51, 0x85, 0x6E, 0x16, 0x40, 0xAA, 0xEE, 0x1A, 0x04, 
    0x02, 0x5F, 0x04, 0x00, 0x00, 0x24, 0x02, 0x60, 0x04, 0x80, 0xC1, 0x00, 
    0x23, 0x16, 0xB3, 0x85, 0x51, 0x7E, 0x02, 0x62, 0x04, 0x00, 0x00, 0x16, 
    0x7F, 0xA3, 0x9F, 0xAD, 0x80, 0xFD, 0xB7, 0x40, 0x3D, 0x1A, 0x16, 0x0C, 
    0xF1, 0x31, 0x70, 0x07, 0x03, 0x16, 0x02, 0x51, 0x85, 0x6E, 0x07, 0x16, 
    0x8B, 0xB9, 0xC4, 0x30, 0x04, 0x02, 0x63, 0x04, 0x00, 0x00, 0x24, 0x02, 
    0x64, 0x04, 0x80, 0x11, 0x80, 0x00, 0x23, 0x16, 0x23, 0x56, 0x34, 0xE0, 
    0x02, 0x66, 0x04, 0x00, 0x00, 0x16, 0xF3, 0xAD, 0x76, 0xC8, 0x02, 0x67, 
    0x04, 0x00, 0x00, 0x16, 0x69, 0x3F, 0xE9, 0x63, 0x02, 0x68, 0x04, 0x00, 
    0x00, 0x16, 0x7F, 0xA3, 0x9F, 0xAD, 0x80, 0xFD, 0xB7, 0x40, 0x3D, 0x1A, 
    0x16, 0x0C, 0xF1, 0x31, 0x70, 0x07, 0x03, 0x16, 0x83, 0x2C, 0x07, 0x2D, 
    0x07, 0x16, 0x56, 0xCA, 0x18, 0x8A, 0x04, 0x02, 0x69, 0x04, 0x00, 0x00, 
    0x24, 0x02, 0x6A, 0x04, 0x80, 0xF9, 0x00, 0x23, 0x16, 0x35, 0x14, 0xA5, 
    0x7B, 0x02, 0x6C, 0x04, 0x00, 0x00, 0x16, 0x7F, 0xA3, 0x9F, 0xAD, 0x16, 
    0x23, 0x56, 0x34, 0xE0, 0x02, 0x6D, 0x04, 0x00, 0x00, 0x24, 0x02, 0x6E, 
    0x04, 0x80, 0x75, 0x81, 0x00, 0x23, 0x16, 0xA1, 0xEB, 0xB8, 0x99, 0x02, 
    0x70, 0x04, 0x00, 0x00, 0x16, 0x6F, 0xD8, 0x5E, 0x25, 0x03, 0x16, 0xF9, 
    0x81, 0xDC, 0xA1, 0x07, 0x1C, 0x0F, 0x00, 0x00, 0x00, 0x54, 0x68, 0x65, 
    0x20, 0x48, 0x75, 0x6D, 0x61, 0x6E, 0x20, 0x44, 0x61, 0x72, 0x74, 0x00, 
    0x16, 0xAE, 0xC8, 0x66, 0xCD, 0x07, 0x17, 0xF4, 0x01, 0x00, 0x00, 0x16, 
    0x64, 0x0F, 0xB6, 0xEB, 0x07, 0x16, 0x47, 0x55, 0x6B, 0x75, 0x16, 0xA4, 
    0x9B, 0x54, 0x98, 0x07, 0x16, 0x63, 0xCB, 0xE6, 0xFE, 0x16, 0xB7, 0x7D, 
    0x3F, 0x0E, 0x07, 0x16, 0x47, 0x00, 0x4B, 0xCF, 0x16, 0xD6, 0xA8, 0x21, 
    0x73, 0x07, 0x80, 0xB5, 0x6F, 0xD8, 0x5E, 0x25, 0x16, 0x83, 0x2C, 0x07, 
    0x2D, 0x07, 0x2D, 0x16, 0x83, 0x2C, 0x80, 0x11, 0x80, 0x2D, 0x02, 0x71, 
    0x04, 0x00, 0x00, 0x16, 0x42, 0x44, 0xE2, 0xA7, 0x07, 0x16, 0x7C, 0x27, 
    0xD5, 0x5C, 0x16, 0x40, 0xAA, 0xEE, 0x1A, 0x16, 0x29, 0xBA, 0x78, 0x7C, 
    0x04, 0x02, 0x72, 0x04, 0x00, 0x00, 0x24, 0x02, 0x73, 0x04, 0x80, 0xF9, 
    0x00, 0x23, 0x16, 0xA5, 0x2E, 0xD4, 0xFD, 0x02, 0x75, 0x04, 0x00, 0x00, 
    0x16, 0x7F, 0xA3, 0x9F, 0xAD, 0x16, 0xA1, 0xEB, 0xB8, 0x99, 0x02, 0x76, 
    0x04, 0x00, 0x00, 0x24, 0x02, 0x77, 0x04, 0x80, 0x11, 0x80, 0x00, 0x23, 
    0x16, 0x75, 0x52, 0x2E, 0x72, 0x02, 0x79, 0x04, 0x00, 0x00, 0x16, 0xF3, 
    0xAD, 0x76, 0xC8, 0x02, 0x7A, 0x04, 0x00, 0x00, 0x16, 0x69, 0x3F, 0xE9, 
    0x63, 0x02, 0x7B, 0x04, 0x00, 0x00, 0x16, 0x7F, 0xA3, 0x9F, 0xAD, 0x80, 
    0xFD, 0xA1, 0xEB, 0xB8, 0x99, 0x16, 0x0C, 0xF1, 0x31, 0x70, 0x07, 0x03, 
    0x16, 0x83, 0x2C, 0x07, 0x2D, 0x07, 0x16, 0x56, 0xCA, 0x18, 0x8A, 0x04, 
    0x02, 0x7C, 0x04, 0x00, 0x00, 0x24, 0x02, 0x7D, 0x04, 0x80, 0xF9, 0x00, 
    0x23, 0x16, 0x63, 0x10, 0xBF, 0xE9, 0x02, 0x7F, 0x04, 0x00, 0x00, 0x16, 
    0x7F, 0xA3, 0x9F, 0xAD, 0x16, 0x75, 0x52, 0x2E, 0x72, 0x02, 0x80, 0x04, 
    0x00, 0x00, 0x24, 0x02, 0x81, 0x04, 0x80, 0xED, 0x00, 0x23, 0x16, 0x93, 
    0xB6, 0x77, 0xEA, 0x02, 0x83, 0x04, 0x00, 0x00, 0x16, 0x6F, 0xD8, 0x5E, 
    0x25, 0x03, 0x16, 0xF9, 0x81, 0xDC, 0xA1, 0x07, 0x1C, 0x0C, 0x00, 0x00, 
    0x80, 0x49, 0x80, 0x53, 0x2E, 0x55, 0x2E, 0x49, 0x20, 0x47, 0x72, 0x69, 
    0x6E, 0x64, 0x00, 0x16, 0xAE, 0xC8, 0x66, 0xCD, 0x07, 0x17, 0xF4, 0x01, 
    0x00, 0x00, 0x16, 0x64, 0x0F, 0xB6, 0xEB, 0x07, 0x16, 0xC1, 0x9C, 0x77, 
    0xC9, 0x16, 0xA4, 0x9B, 0x54, 0x98, 0x07, 0x16, 0xA0, 0xCD, 0x27, 0xD3, 
    0x16, 0xD6, 0xA8, 0x21, 0x73, 0x07, 0x80, 0xB5, 0x6F, 0xD8, 0x5E, 0x25, 
    0x16, 0x83, 0x2C, 0x07, 0x2D, 0x07, 0x2D, 0x16, 0x83, 0x2C, 0x80, 0x2D, 
    0x81, 0x2D, 0x02, 0x84, 0x04, 0x00, 0x00, 0x16, 0x42, 0x44, 0xE2, 0xA7, 
    0x07, 0x16, 0x7C, 0x27, 0xD5, 0x5C, 0x16, 0x40, 0xAA, 0xEE, 0x1A, 0x16, 
    0x29, 0xBA, 0x78, 0x7C, 0x04, 0x02, 0x85, 0x04, 0x00, 0x00, 0x24, 0x02, 
    0x86, 0x04, 0x00, 0x00, 0x23, 0x16, 0xA9, 0x01, 0x7B, 0x02, 0x16, 0xF9, 
    0x81, 0xDC, 0xA1, 0x07, 0x1C, 0x09, 0x00, 0x00, 0x00, 0x46, 0x53, 0x20, 
    0x53, 0x61, 0x6C, 0x61, 0x64, 0x00, 0x02, 0x88, 0x04, 0x00, 0x00, 0x16, 
    0x6F, 0xD8, 0x5E, 0x25, 0x03, 0x80, 0x8D, 0xF9, 0x81, 0xDC, 0xA1, 0x80, 
    0xB5, 0x2D, 0x16, 0xF9, 0x81, 0xDC, 0xA1, 0x16, 0xAE, 0xC8, 0x66, 0xCD, 
    0x07, 0x17, 0x7D, 0x84, 0x1D, 0x80, 0x00, 0x16, 0x60, 0x97, 0x73, 0x64, 
    0x07, 0x17, 0x09, 0x00, 0x00, 0x00, 0x16, 0x64, 0x0F, 0xB6, 0xEB, 0x07, 
    0x16, 0x11, 0xC7, 0x7A, 0xE2, 0x16, 0xA4, 0x9B, 0x54, 0x98, 0x07, 0x16, 
    0x30, 0x2E, 0x79, 0x7C, 0x16, 0xD6, 0xA8, 0x21, 0x73, 0x07, 0x80, 0xB5, 
    0x6F, 0xD8, 0x5E, 0x25, 0x16, 0x83, 0x2C, 0x07, 0x2D, 0x07, 0x2D, 0x16, 
    0x83, 0x2C, 0x80, 0xED, 0x2D, 0x02, 0x89, 0x04, 0x00, 0x00, 0x16, 0x42, 
    0x44, 0xE2, 0xA7, 0x07, 0x16, 0x7C, 0x27, 0xD5, 0x5C, 0x16, 0x02, 0x51, 
    0x85, 0x6E, 0x07, 0x16, 0x8B, 0xB9, 0xC4, 0x30, 0x80, 0x01, 0x81, 0x40, 
    0xAA, 0xEE, 0x1A, 0x16, 0xA0, 0xAC, 0x16, 0x7A, 0x07, 0x2D, 0x16, 0xA0, 
    0xAC, 0x16, 0x7A, 0x04, 0x02, 0x8A, 0x04, 0x00, 0x00, 0x24, 0x02, 0x8B, 
    0x04, 0x00, 0x00, 0x23, 0x16, 0xAD, 0xC4, 0x17, 0x66, 0x16, 0xF9, 0x81, 
    0xDC, 0xA1, 0x07, 0x1C, 0x09, 0x00, 0x00, 0x00, 0x42, 0x53, 0x20, 0x53, 
    0x61, 0x6C, 0x61, 0x64, 0x00, 0x02, 0x8D, 0x04, 0x00, 0x00, 0x16, 0x6F, 
    0xD8, 0x5E, 0x25, 0x03, 0x80, 0x8D, 0xF9, 0x81, 0xDC, 0xA1, 0x80, 0xB5, 
    0x2D, 0x16, 0xF9, 0x81, 0xDC, 0xA1, 0x16, 0xAE, 0xC8, 0x66, 0xCD, 0x07, 
    0x17, 0x7D, 0x84, 0x1D, 0x80, 0x00, 0x16, 0x60, 0x97, 0x73, 0x64, 0x07, 
    0x17, 0x09, 0x00, 0x00, 0x00, 0x16, 0x64, 0x0F, 0xB6, 0xEB, 0x07, 0x16, 
    0xDE, 0xE0, 0x72, 0x91, 0x16, 0xA4, 0x9B, 0x54, 0x98, 0x07, 0x16, 0x36, 
    0xF9, 0xD1, 0x77, 0x16, 0xD6, 0xA8, 0x21, 0x73, 0x07, 0x80, 0xB5, 0x6F, 
    0xD8, 0x5E, 0x25, 0x16, 0x83, 0x2C, 0x07, 0x2D, 0x07, 0x2D, 0x16, 0x83, 
    0x2C, 0x80, 0xB1, 0x2D, 0x02, 0x8E, 0x04, 0x00, 0x00, 0x16, 0x42, 0x44, 
    0xE2, 0xA7, 0x07, 0x16, 0x80, 0xB5, 0x27, 0xD5, 0x5C, 0x16, 0x02, 0x51, 
    0x85, 0x6E, 0x07, 0x16, 0x8F, 0x7C, 0xA8, 0x54, 0x80, 0xE5, 0x40, 0xAA, 
    0xEE, 0x1A, 0x16, 0xA0, 0xAC, 0x16, 0x7A, 0x07, 0x2D, 0x16, 0xA0, 0xAC, 
    0x16, 0x7A, 0x04, 0x02, 0x8F, 0x04, 0x00, 0x00, 0x24, 0x02, 0x90, 0x04, 
    0x80, 0x95, 0x00, 0x23, 0x16, 0xAD, 0xE1, 0xE5, 0x80, 0xCD, 0x02, 0x92, 
    0x04, 0x00, 0x00, 0x16, 0x65, 0x0C, 0xDE, 0xD9, 0x02, 0x94, 0x04, 0x00, 
    0x00, 0x16, 0x7F, 0xA3, 0x9F, 0xAD, 0x80, 0xFD, 0xAD, 0xC4, 0x17, 0x66, 
    0x16, 0x0C, 0xF1, 0x31, 0x70, 0x07, 0x03, 0x16, 0x83, 0x2C, 0x07, 0x2D, 
    0x07, 0x16, 0x56, 0xCA, 0x18, 0x8A, 0x04, 0x02, 0x95, 0x04, 0x00, 0x00, 
    0x24, 0x02, 0x96, 0x04, 0x80, 0xE9, 0x00, 0x23, 0x16, 0xBB, 0xA3, 0x74, 
    0x0F, 0x02, 0x98, 0x04, 0x00, 0x00, 0x16, 0x65, 0x0C, 0xDE, 0xD9, 0x02, 
    0x9A, 0x04, 0x00, 0x00, 0x16, 0x7F, 0xA3, 0x9F, 0xAD, 0x80, 0xFD, 0xA9, 
    0x01, 0x7B, 0x02, 0x16, 0x0C, 0xF1, 0x31, 0x70, 0x07, 0x03, 0x16, 0x83, 
    0x2C, 0x07, 0x2D, 0x07, 0x16, 0x56, 0xCA, 0x18, 0x8A, 0x04, 0x02, 0x9B, 
    0x04, 0x00, 0x00, 0x24, 0x02, 0x9C, 0x04, 0x80, 0xA5, 0x00, 0x23, 0x16, 
    0x58, 0x34, 0x09, 0xBF, 0x02, 0x9E, 0x04, 0x80, 0x29, 0x80, 0x00, 0x25, 
    0x16, 0x7B, 0x1B, 0x37, 0xBE, 0x02, 0x9F, 0x04, 0x00, 0x00, 0x16, 0x7F, 
    0xA3, 0x9F, 0xAD, 0x16, 0x11, 0x34, 0x3C, 0x0A, 0x02, 0xA0, 0x04, 0x00, 
    0x00, 0x26, 0x02, 0xA1, 0x04, 0x00, 0x00, 0x16, 0x7F, 0xA3, 0x9F, 0xAD, 
    0x16, 0xD1, 0x92, 0xBC, 0xFF, 0x80, 0x81, 0xA2, 0x88, 0xB1, 0x28, 0x02, 
    0xA3, 0x04, 0x00, 0x00, 0x24, 0x02, 0xA4, 0x04, 0x00, 0x00, 0x23, 0x80, 
    0x3D, 0x80, 0xD1, 0x92, 0xBC, 0xFF, 0x16, 0xF9, 0x81, 0xDC, 0xA1, 0x07, 
    0x1C, 0x16, 0x00, 0x00, 0x00, 0x46, 0x53, 0x20, 0x4E, 0x6F, 0x73, 0x65, 
    0x73, 0x6C, 0x69, 0x64, 0x65, 0x20, 0x4C, 0x69, 0x70, 0x53, 0x6C, 0x69, 
    0x64, 0x65, 0x00, 0x02, 0xA6, 0x04, 0x00, 0x00, 0x16, 0x6F, 0xD8, 0x5E, 
    0x25, 0x03, 0x80, 0x8D, 0xF9, 0x81, 0xDC, 0xA1, 0x80, 0x49, 0x80, 0x2D, 
    0x16, 0xF9, 0x81, 0xDC, 0xA1, 0x16, 0xAE, 0xC8, 0x66, 0xCD, 0x07, 0x17, 
    0xF4, 0x01, 0x00, 0x00, 0x16, 0x64, 0x0F, 0xB6, 0xEB, 0x07, 0x16, 0xC2, 
    0xAB, 0xFE, 0x83, 0x16, 0xA4, 0x9B, 0x54, 0x98, 0x07, 0x16, 0x6D, 0xE5, 
    0x25, 0x7C, 0x16, 0xD6, 0xA8, 0x21, 0x73, 0x07, 0x16, 0x9D, 0x11, 0x10, 
    0x8D, 0x16, 0x80, 0x8D, 0xEF, 0x7B, 0xDE, 0x07, 0x80, 0xB5, 0x56, 0xCA, 
    0x18, 0x8A, 0x16, 0x83, 0x2C, 0x07, 0x2D, 0x07, 0x2D, 0x16, 0x83, 0x2C, 
    0x80, 0xED, 0x2D, 0x02, 0xA7, 0x04, 0x00, 0x00, 0x16, 0x42, 0x44, 0xE2, 
    0xA7, 0x07, 0x16, 0x7C, 0x27, 0xD5, 0x5C, 0x16, 0x02, 0x51, 0x85, 0x6E, 
    0x07, 0x16, 0xEC, 0x1D, 0xE1, 0xE7, 0x80, 0xE5, 0x40, 0xAA, 0xEE, 0x1A, 
    0x16, 0xA0, 0xAC, 0x16, 0x7A, 0x07, 0x2D, 0x16, 0xA0, 0xAC, 0x16, 0x7A, 
    0x04, 0x02, 0xA8, 0x04, 0x00, 0x00, 0x24, 0x02, 0xA9, 0x04, 0x80, 0xA5, 
    0x00, 0x23, 0x16, 0x5C, 0xF1, 0x65, 0xDB, 0x02, 0xAB, 0x04, 0x80, 0x29, 
    0x80, 0x00, 0x25, 0x16, 0x7B, 0x1B, 0x37, 0xBE, 0x02, 0xAC, 0x04, 0x00, 
    0x00, 0x16, 0x7F, 0xA3, 0x9F, 0xAD, 0x16, 0xD1, 0x92, 0xBC, 0xFF, 0x02, 
    0xAD, 0x04, 0x00, 0x00, 0x26, 0x02, 0xAE, 0x04, 0x00, 0x00, 0x16, 0x7F, 
    0xA3, 0x9F, 0xAD, 0x16, 0x11, 0x34, 0x3C, 0x0A, 0x80, 0x81, 0xAF, 0x88, 
    0xB1, 0x28, 0x02, 0xB0, 0x04, 0x00, 0x00, 0x24, 0x02, 0xB1, 0x04, 0x00, 
    0x00, 0x23, 0x80, 0x3D, 0x80, 0x11, 0x34, 0x3C, 0x0A, 0x16, 0xF9, 0x81, 
    0xDC, 0xA1, 0x07, 0x1C, 0x16, 0x00, 0x00, 0x00, 0x42, 0x53, 0x20, 0x4E, 
    0x6F, 0x73, 0x65, 0x53, 0x6C, 0x69, 0x64, 0x65, 0x20, 0x4C, 0x69, 0x70, 
    0x53, 0x6C, 0x69, 0x64, 0x65, 0x00, 0x02, 0xB3, 0x04, 0x00, 0x00, 0x16, 
    0x6F, 0xD8, 0x5E, 0x25, 0x03, 0x80, 0x8D, 0xF9, 0x81, 0xDC, 0xA1, 0x80, 
    0x11, 0x80, 0x2D, 0x16, 0xF9, 0x81, 0xDC, 0xA1, 0x16, 0xAE, 0xC8, 0x66, 
    0xCD, 0x07, 0x17, 0xF4, 0x01, 0x00, 0x00, 0x16, 0x64, 0x0F, 0xB6, 0xEB, 
    0x07, 0x16, 0x20, 0xA6, 0x96, 0x6A, 0x16, 0xA4, 0x9B, 0x54, 0x98, 0x07, 
    0x16, 0x6B, 0x32, 0x80, 0xB1, 0x77, 0x16, 0xD6, 0xA8, 0x21, 0x73, 0x07, 
    0x16, 0x9D, 0x11, 0x10, 0x8D, 0x16, 0x80, 0x8D, 0xEF, 0x7B, 0xDE, 0x07, 
    0x80, 0xB5, 0x56, 0xCA, 0x18, 0x8A, 0x16, 0x83, 0x2C, 0x07, 0x2D, 0x07, 
    0x2D, 0x16, 0x83, 0x2C, 0x80, 0xED, 0x2D, 0x02, 0xB4, 0x04, 0x00, 0x00, 
    0x16, 0x42, 0x44, 0xE2, 0xA7, 0x07, 0x16, 0xC2, 0x23, 0x2B, 0xE6, 0x16, 
    0x02, 0x51, 0x85, 0x6E, 0x07, 0x16, 0xE8, 0xD8, 0x8D, 0x83, 0x80, 0xE5, 
    0x40, 0xAA, 0xEE, 0x1A, 0x16, 0xA0, 0xAC, 0x16, 0x7A, 0x07, 0x2D, 0x16, 
    0xA0, 0xAC, 0x16, 0x7A, 0x04, 0x02, 0xB5, 0x04, 0x00, 0x00, 0x24, 0x02, 
    0xB6, 0x04, 0x80, 0x11, 0x80, 0x00, 0x23, 0x16, 0x51, 0x63, 0x46, 0x20, 
    0x02, 0xB8, 0x04, 0x00, 0x00, 0x16, 0x65, 0x0C, 0xDE, 0xD9, 0x02, 0xB9, 
    0x04, 0x00, 0x00, 0x16, 0x69, 0x3F, 0xE9, 0x63, 0x02, 0xBA, 0x04, 0x00, 
    0x00, 0x16, 0x7F, 0xA3, 0x9F, 0xAD, 0x80, 0xFD, 0x5C, 0xF1, 0x65, 0xDB, 
    0x16, 0x0C, 0xF1, 0x31, 0x70, 0x07, 0x03, 0x16, 0x83, 0x2C, 0x07, 0x2D, 
    0x07, 0x16, 0x56, 0xCA, 0x18, 0x8A, 0x04, 0x02, 0xBB, 0x04, 0x00, 0x00, 
    0x24, 0x02, 0xBC, 0x04, 0x80, 0x11, 0x80, 0x00, 0x23, 0x16, 0x47, 0x21, 
    0xD7, 0xBB, 0x02, 0xBE, 0x04, 0x00, 0x00, 0x16, 0x65, 0x0C, 0xDE, 0xD9, 
    0x02, 0xBF, 0x04, 0x00, 0x00, 0x16, 0x69, 0x3F, 0xE9, 0x63, 0x02, 0xC0, 
    0x04, 0x00, 0x00, 0x16, 0x7F, 0xA3, 0x9F, 0xAD, 0x80, 0xFD, 0x58, 0x34, 
    0x09, 0xBF, 0x16, 0x0C, 0xF1, 0x31, 0x70, 0x07, 0x03, 0x16, 0x83, 0x2C, 
    0x07, 0x2D, 0x07, 0x16, 0x56, 0xCA, 0x18, 0x8A, 0x04, 0x02, 0xC1, 0x04, 
    0x00, 0x00, 0x24, 0x02, 0xC2, 0x04, 0x80, 0x49, 0x81, 0x00, 0x23, 0x16, 
    0x8E, 0x84, 0x6D, 0x29, 0x02, 0xC4, 0x04, 0x00, 0x00, 0x16, 0x6F, 0xD8, 
    0x5E, 0x25, 0x03, 0x16, 0xF9, 0x81, 0xDC, 0xA1, 0x07, 0x1C, 0x0F, 0x00, 
    0x00, 0x00, 0x47, 0x68, 0x65, 0x74, 0x74, 0x6F, 0x20, 0x42, 0x6C, 0x61, 
    0x73, 0x74, 0x69, 0x6E, 0x00, 0x16, 0xAE, 0xC8, 0x66, 0xCD, 0x07, 0x17, 
    0xF4, 0x01, 0x00, 0x00, 0x16, 0x64, 0x0F, 0xB6, 0xEB, 0x07, 0x16, 0xE3, 
    0xE7, 0x9D, 0x5B, 0x16, 0xA4, 0x9B, 0x54, 0x98, 0x07, 0x16, 0x82, 0xB6, 
    0xCD, 0x41, 0x16, 0xD6, 0xA8, 0x21, 0x73, 0x07, 0x80, 0xB5, 0x6F, 0xD8, 
    0x5E, 0x25, 0x16, 0x83, 0x2C, 0x07, 0x2D, 0x07, 0x2D, 0x16, 0x83, 0x2C, 
    0x80, 0x55, 0x80, 0x2D, 0x02, 0xC5, 0x04, 0x00, 0x00, 0x16, 0x42, 0x44, 
    0xE2, 0xA7, 0x07, 0x16, 0xC2, 0x23, 0x2B, 0xE6, 0x16, 0x40, 0xAA, 0xEE, 
    0x1A, 0x16, 0xE3, 0x41, 0x16, 0x0F, 0x07, 0x16, 0x84, 0xDF, 0xFA, 0x24, 
    0x16, 0x77, 0xB3, 0xBC, 0x13, 0x07, 0x16, 0x6F, 0x75, 0xC0, 0x87, 0x04, 
    0x02, 0xC6, 0x04, 0x00, 0x00, 0x24, 0x02, 0xC7, 0x04, 0x80, 0xF9, 0x00, 
    0x23, 0x16, 0x8A, 0x41, 0x01, 0x4D, 0x02, 0xC9, 0x04, 0x00, 0x00, 0x16, 
    0x7F, 0xA3, 0x9F, 0xAD, 0x16, 0x8E, 0x84, 0x6D, 0x29, 0x02, 0xCA, 0x04, 
    0x00, 0x00, 0x24, 0x02, 0xCB, 0x04, 0x80, 0x11, 0x80, 0x00, 0x23, 0x16, 
    0xD6, 0xE3, 0xDA, 0xFE, 0x02, 0xCD, 0x04, 0x00, 0x00, 0x16, 0xF3, 0xAD, 
    0x76, 0xC8, 0x02, 0xCE, 0x04, 0x00, 0x00, 0x16, 0x69, 0x3F, 0xE9, 0x63, 
    0x02, 0xCF, 0x04, 0x00, 0x00, 0x16, 0x7F, 0xA3, 0x9F, 0xAD, 0x80, 0xFD, 
    0x8E, 0x84, 0x6D, 0x29, 0x16, 0x0C, 0xF1, 0x31, 0x70, 0x07, 0x03, 0x16, 
    0x83, 0x2C, 0x07, 0x2D, 0x07, 0x16, 0x56, 0xCA, 0x18, 0x8A, 0x04, 0x02, 
    0xD0, 0x04, 0x00, 0x00, 0x24, 0x02, 0xD1, 0x04, 0x80, 0xF9, 0x00, 0x23, 
    0x16, 0xC0, 0xA1, 0x4B, 0x65, 0x02, 0xD3, 0x04, 0x00, 0x00, 0x16, 0x7F, 
    0xA3, 0x9F, 0xAD, 0x16, 0xD6, 0xE3, 0xDA, 0xFE, 0x02, 0xD4, 0x04, 0x00, 
    0x00, 0x24, 0x02, 0xD5, 0x04, 0x80, 0x05, 0x80, 0x00, 0x23, 0x16, 0x54, 
    0xE9, 0x8C, 0x26, 0x02, 0xD7, 0x04, 0x00, 0x00, 0x16, 0x6F, 0xD8, 0x5E, 
    0x25, 0x03, 0x16, 0xF9, 0x81, 0xDC, 0xA1, 0x07, 0x1C, 0x22, 0x00, 0x00, 
    0x00, 0x43, 0x72, 0x6F, 0x6F, 0x6B, 0x80, 0x99, 0x42, 0x69, 0x67, 0x53, 
    0x70, 0x69, 0x6E, 0x80, 0x3D, 0x81, 0x6C, 0x69, 0x70, 0x20, 0x53, 0x77, 
    0x69, 0x74, 0x63, 0x68, 0x20, 0x46, 0x53, 0x20, 0x43, 0x72, 0x6F, 0x6F, 
    0x6B, 0x00, 0x16, 0xAE, 0xC8, 0x66, 0xCD, 0x07, 0x17, 0xF4, 0x01, 0x00, 
    0x00, 0x16, 0xCA, 0xDB, 0xB3, 0x62, 0x16, 0x64, 0x0F, 0xB6, 0xEB, 0x07, 
    0x16, 0x97, 0x63, 0x6D, 0x21, 0x16, 0xA4, 0x9B, 0x54, 0x98, 0x07, 0x16, 
    0x49, 0xA1, 0xD7, 0xD7, 0x16, 0xB7, 0x7D, 0x3F, 0x0E, 0x07, 0x16, 0xD6, 
    0x07, 0x27, 0xD4, 0x16, 0x9A, 0xA3, 0x48, 0x9E, 0x16, 0xD6, 0xA8, 0x21, 
    0x73, 0x07, 0x80, 0xB5, 0x6F, 0xD8, 0x5E, 0x25, 0x16, 0x83, 0x2C, 0x07, 
    0x2D, 0x07, 0x2D, 0x16, 0x83, 0x2C, 0x80, 0x11, 0x80, 0x2D, 0x02, 0xD8, 
    0x04, 0x00, 0x00, 0x16, 0x42, 0x44, 0xE2, 0xA7, 0x07, 0x16, 0x08, 0x1A, 
    0x0C, 0x26, 0x16, 0x40, 0xAA, 0xEE, 0x1A, 0x16, 0x9F, 0x6E, 0xB5, 0xD7, 
    0x04, 0x02, 0xD9, 0x04, 0x00, 0x00, 0x24, 0x02, 0xDA, 0x04, 0x80, 0xC1, 
    0x00, 0x23, 0x16, 0x50, 0x2C, 0xE0, 0x42, 0x02, 0xDC, 0x04, 0x00, 0x00, 
    0x16, 0x7F, 0xA3, 0x9F, 0xAD, 0x80, 0x25, 0x80, 0x54, 0xE9, 0x8C, 0x26, 
    0x16, 0x0C, 0xF1, 0x31, 0x70, 0x07, 0x03, 0x16, 0x83, 0x2C, 0x07, 0x2D, 
    0x07, 0x16, 0x56, 0xCA, 0x18, 0x8A, 0x16, 0xF9, 0x81, 0xDC, 0xA1, 0x07, 
    0x1C, 0x20, 0x00, 0x00, 0x00, 0x4F, 0x76, 0x65, 0x72, 0x63, 0x72, 0x6F, 
    0x6F, 0x6B, 0x80, 0xD1, 0x42, 0x69, 0x67, 0x53, 0x70, 0x69, 0x6E, 0x46, 
    0x6C, 0x69, 0x70, 0x20, 0x4F, 0x76, 0x65, 0x72, 0x63, 0x72, 0x6F, 0x6F, 
    0x6B, 0x80, 0xA5, 0x04, 0x02, 0xDD, 0x04, 0x00, 0x00, 0x24, 0x02, 0xDE, 
    0x04, 0x80, 0x11, 0x80, 0x00, 0x23, 0x16, 0x64, 0x3D, 0xE6, 0x20, 0x02, 
    0xE0, 0x04, 0x00, 0x00, 0x16, 0xF3, 0xAD, 0x76, 0xC8, 0x02, 0xE1, 0x04, 
    0x00, 0x00, 0x16, 0x69, 0x3F, 0xE9, 0x63, 0x02, 0xE2, 0x04, 0x00, 0x00, 
    0x16, 0x7F, 0xA3, 0x9F, 0xAD, 0x80, 0xFD, 0x54, 0xE9, 0x8C, 0x26, 0x16, 
    0x0C, 0xF1, 0x31, 0x70, 0x07, 0x03, 0x16, 0x83, 0x2C, 0x07, 0x2D, 0x07, 
    0x16, 0x56, 0xCA, 0x18, 0x8A, 0x04, 0x02, 0xE3, 0x04, 0x00, 0x00, 0x24, 
    0x02, 0xE4, 0x04, 0x80, 0x9D, 0x00, 0x23, 0x16, 0x72, 0x7F, 0x77, 0xBB, 
    0x02, 0x80, 0xBD, 0x04, 0x00, 0x00, 0x16, 0x7F, 0xA3, 0x9F, 0xAD, 0x16, 
    0x64, 0x3D, 0xE6, 0x20, 0x02, 0xE7, 0x04, 0x80, 0x91, 0x00, 0x24, 0x02, 
    0xE8, 0x04, 0x80, 0x71, 0x81, 0x00, 0x23, 0x16, 0x60, 0x46, 0x00, 0x37, 
    0x02, 0xEA, 0x04, 0x00, 0x00, 0x16, 0x6F, 0xD8, 0x5E, 0x25, 0x03, 0x16, 
    0xF9, 0x81, 0xDC, 0xA1, 0x07, 0x1C, 0x0E, 0x00, 0x00, 0x00, 0x46, 0x6C, 
    0x69, 0x70, 0x20, 0x4B, 0x69, 0x63, 0x6B, 0x20, 0x44, 0x61, 0x64, 0x00, 
    0x16, 0xAE, 0xC8, 0x66, 0xCD, 0x07, 0x17, 0xF4, 0x01, 0x00, 0x00, 0x16, 
    0x64, 0x0F, 0xB6, 0xEB, 0x07, 0x16, 0xBC, 0xB7, 0xE9, 0xC7, 0x16, 0xA4, 
    0x9B, 0x54, 0x98, 0x07, 0x16, 0xB0, 0xF7, 0x4A, 0x56, 0x16, 0xE3, 0x41, 
    0x16, 0x0F, 0x07, 0x16, 0xFD, 0x3E, 0x4C, 0x8A, 0x16, 0xD6, 0xA8, 0x21, 
    0x73, 0x07, 0x80, 0x8D, 0x6F, 0xD8, 0x5E, 0x25, 0x80, 0x1D, 0x80, 0x83, 
    0x2C, 0x07, 0x2D, 0x07, 0x2D, 0x16, 0x83, 0x2C, 0x07, 0x2D, 0x16, 0xEA, 
    0x4A, 0xDB, 0x23, 0x02, 0xEB, 0x04, 0x00, 0x00, 0x16, 0x42, 0x44, 0xE2, 
    0xA7, 0x07, 0x16, 0xC2, 0x23, 0x2B, 0xE6, 0x16, 0x29, 0x4E, 0x62, 0xD6, 
    0x07, 0x17, 0x2D, 0x84, 0xBD, 0x00, 0x16, 0x40, 0xAA, 0xEE, 0x1A, 0x04, 
    0x02, 0xEC, 0x04, 0x00, 0x00, 0x24, 0x02, 0xED, 0x04, 0x80, 0x11, 0x80, 
    0x00, 0x23, 0x16, 0x7A, 0xBF, 0x0D, 0x70, 0x02, 0xEF, 0x04, 0x00, 0x00, 
    0x16, 0xF3, 0xAD, 0x76, 0xC8, 0x02, 0xF0, 0x04, 0x00, 0x00, 0x16, 0x69, 
    0x3F, 0xE9, 0x63, 0x02, 0xF1, 0x04, 0x00, 0x00, 0x16, 0x7F, 0xA3, 0x9F, 
    0xAD, 0x80, 0xFD, 0x60, 0x46, 0x00, 0x37, 0x16, 0x0C, 0xF1, 0x31, 0x70, 
    0x07, 0x03, 0x16, 0x83, 0x2C, 0x07, 0x2D, 0x07, 0x16, 0x56, 0xCA, 0x18, 
    0x8A, 0x04, 0x02, 0xF2, 0x04, 0x00, 0x00, 0x24, 0x02, 0xF3, 0x04, 0x80, 
    0x71, 0x80, 0x00, 0x23, 0x16, 0x1F, 0x7B, 0x51, 0x92, 0x02, 0xF5, 0x04, 
    0x00, 0x00, 0x16, 0x6F, 0xD8, 0x5E, 0x25, 0x03, 0x16, 0xF9, 0x81, 0xDC, 
    0xA1, 0x07, 0x1C, 0x0D, 0x00, 0x00, 0x00, 0x46, 0x61, 0x6C, 0x63, 0x6F, 
    0x6E, 0x20, 0x53, 0x6C, 0x69, 0x64, 0x65, 0x00, 0x16, 0xAE, 0xC8, 0x66, 
    0xCD, 0x07, 0x17, 0xF4, 0x01, 0x00, 0x00, 0x16, 0x64, 0x0F, 0xB6, 0xEB, 
    0x07, 0x16, 0xC7, 0x80, 0x59, 0x81, 0x1A, 0xDD, 0x16, 0xA4, 0x9B, 0x54, 
    0x98, 0x07, 0x16, 0xA6, 0x1B, 0x4A, 0xC7, 0x16, 0xEA, 0x4A, 0xDB, 0x23, 
    0x16, 0xB7, 0x7D, 0x3F, 0x0E, 0x07, 0x16, 0xEA, 0xD5, 0x8B, 0xD9, 0x16, 
    0xD6, 0xA8, 0x21, 0x73, 0x07, 0x16, 0x9D, 0x11, 0x10, 0x8D, 0x02, 0xF6, 
    0x04, 0x00, 0x00, 0x16, 0x42, 0x44, 0xE2, 0xA7, 0x07, 0x16, 0xC2, 0x23, 
    0x2B, 0xE6, 0x16, 0x40, 0xAA, 0xEE, 0x1A, 0x16, 0x29, 0xBA, 0x78, 0x7C, 
    0x16, 0x02, 0x51, 0x85, 0x6E, 0x07, 0x16, 0x8F, 0x9C, 0xF8, 0x69, 0x04, 
    0x02, 0xF7, 0x04, 0x00, 0x00, 0x24, 0x02, 0xF8, 0x04, 0x80, 0x11, 0x80, 
    0x00, 0x23, 0x16, 0x01, 0x42, 0xFE, 0x6A, 0x02, 0xFA, 0x04, 0x00, 0x00, 
    0x16, 0x1C, 0x3B, 0x9F, 0xE3, 0x16, 0x6F, 0xD8, 0x5E, 0x25, 0x07, 0x16, 
    0x1F, 0x7B, 0x51, 0x92, 0x02, 0xFB, 0x04, 0x00, 0x00, 0x24, 0x02, 0xFC, 
    0x04, 0x80, 0x0D, 0x80, 0x00, 0x23, 0x16, 0x35, 0x26, 0x09, 0x1A, 0x02, 
    0xFE, 0x04, 0x00, 0x00, 0x16, 0x6F, 0xD8, 0x5E, 0x25, 0x03, 0x16, 0xF9, 
    0x81, 0xDC, 0xA1, 0x07, 0x1C, 0x19, 0x00, 0x00, 0x00, 0x35, 0x2D, 0x30, 
    0x20, 0x46, 0x69, 0x6E, 0x80, 0x5D, 0x80, 0x65, 0x72, 0x66, 0x6C, 0x69, 
    0x70, 0x20, 0x4E, 0x6F, 0x73, 0x65, 0x67, 0x72, 0x69, 0x6E, 0x64, 0x00, 
    0x16, 0xAE, 0xC8, 0x66, 0xCD, 0x07, 0x17, 0xF4, 0x01, 0x00, 0x00, 0x16, 
    0x64, 0x0F, 0xB6, 0xEB, 0x07, 0x16, 0x47, 0x4B, 0x16, 0x8D, 0x16, 0xA4, 
    0x9B, 0x54, 0x98, 0x07, 0x16, 0xEB, 0xBD, 0x91, 0x83, 0x16, 0xD6, 0xA8, 
    0x21, 0x73, 0x07, 0x80, 0xB5, 0x6F, 0xD8, 0x5E, 0x25, 0x16, 0x83, 0x2C, 
    0x07, 0x2D, 0x07, 0x2D, 0x16, 0x83, 0x2C, 0x80, 0x29, 0x80, 0x2D, 0x02, 
    0xFF, 0x04, 0x00, 0x00, 0x16, 0x42, 0x44, 0xE2, 0xA7, 0x07, 0x16, 0xC2, 
    0x23, 0x2B, 0xE6, 0x16, 0x40, 0xAA, 0xEE, 0x1A, 0x16, 0x02, 0x51, 0x85, 
    0x6E, 0x07, 0x16, 0x8F, 0x7C, 0xA8, 0x54, 0x04, 0x02, 0x00, 0x05, 0x00, 
    0x00, 0x24, 0x02, 0x01, 0x05, 0x80, 0x09, 0x80, 0x00, 0x23, 0x16, 0xF6, 
    0x6C, 0x14, 0x50, 0x02, 0x03, 0x05, 0x00, 0x00, 0x16, 0x1C, 0x3B, 0x9F, 
    0xE3, 0x16, 0x6F, 0xD8, 0x5E, 0x25, 0x07, 0x16, 0x35, 0x26, 0x09, 0x1A, 
    0x02, 0x04, 0x05, 0x00, 0x00, 0x24, 0x02, 0x80, 0x81, 0x05, 0x80, 0x01, 
    0x82, 0x00, 0x23, 0x16, 0xD6, 0x57, 0x19, 0x31, 0x02, 0x07, 0x05, 0x00, 
    0x00, 0x16, 0x6F, 0xD8, 0x5E, 0x25, 0x03, 0x16, 0xF9, 0x81, 0xDC, 0xA1, 
    0x07, 0x1C, 0x0D, 0x00, 0x00, 0x00, 0x46, 0x72, 0x6F, 0x67, 0x67, 0x79, 
    0x20, 0x47, 0x72, 0x69, 0x6E, 0x64, 0x00, 0x16, 0xAE, 0xC8, 0x66, 0xCD, 
    0x07, 0x17, 0xF4, 0x01, 0x00, 0x00, 0x16, 0x64, 0x0F, 0xB6, 0xEB, 0x07, 
    0x16, 0x90, 0x63, 0x77, 0x90, 0x16, 0xA4, 0x9B, 0x54, 0x98, 0x07, 0x16, 
    0xF1, 0x32, 0x27, 0x8A, 0x16, 0xEA, 0x4A, 0xDB, 0x23, 0x16, 0xB7, 0x7D, 
    0x3F, 0x0E, 0x07, 0x16, 0x8A, 0xDA, 0xC3, 0x06, 0x16, 0xD6, 0xA8, 0x21, 
    0x73, 0x07, 0x80, 0xB5, 0x6F, 0xD8, 0x5E, 0x25, 0x16, 0x83, 0x2C, 0x07, 
    0x2D, 0x07, 0x2D, 0x16, 0x83, 0x2C, 0x80, 0x3D, 0x80, 0x2D, 0x02, 0x08, 
    0x05, 0x00, 0x00, 0x16, 0x42, 0x44, 0xE2, 0xA7, 0x07, 0x16, 0xC2, 0x23, 
    0x2B, 0xE6, 0x16, 0x40, 0xAA, 0xEE, 0x1A, 0x16, 0x02, 0x51, 0x85, 0x6E, 
    0x07, 0x16, 0x46, 0xE0, 0xC8, 0x40, 0x16, 0x29, 0xBA, 0x78, 0x7C, 0x04, 
    0x02, 0x09, 0x05, 0x00, 0x00, 0x24, 0x02, 0x0A, 0x05, 0x80, 0x11, 0x80, 
    0x00, 0x23, 0x16, 0x56, 0x6B, 0x93, 0x27, 0x02, 0x0C, 0x05, 0x00, 0x00, 
    0x16, 0x1C, 0x3B, 0x9F, 0xE3, 0x16, 0x6F, 0xD8, 0x5E, 0x25, 0x07, 0x16, 
    0xD6, 0x57, 0x19, 0x31, 0x02, 0x0D, 0x05, 0x00, 0x00, 0x24, 0x02, 0x0E, 
    0x05, 0x80, 0x4D, 0x81, 0x00, 0x23, 0x16, 0xBD, 0x89, 0x56, 0x6E, 0x02, 
    0x10, 0x05, 0x00, 0x00, 0x16, 0x6F, 0xD8, 0x5E, 0x25, 0x03, 0x16, 0xF9, 
    0x81, 0xDC, 0xA1, 0x07, 0x1C, 0x10, 0x00, 0x00, 0x00, 0x43, 0x61, 0x72, 
    0x74, 0x77, 0x68, 0x65, 0x65, 0x6C, 0x20, 0x35, 0x30, 0x2D, 0x35, 0x30, 
    0x00, 0x16, 0xAE, 0xC8, 0x66, 0xCD, 0x07, 0x17, 0xF4, 0x01, 0x00, 0x00, 
    0x16, 0x64, 0x0F, 0xB6, 0xEB, 0x07, 0x16, 0x9A, 0x31, 0x3E, 0xAC, 0x16, 
    0xA4, 0x9B, 0x54, 0x98, 0x07, 0x16, 0xA6, 0xFD, 0x14, 0xB9, 0x16, 0xD6, 
    0xA8, 0x21, 0x73, 0x07, 0x80, 0xB5, 0x6F, 0xD8, 0x5E, 0x25, 0x16, 0x83, 
    0x2C, 0x07, 0x2D, 0x07, 0x2D, 0x16, 0x83, 0x2C, 0x80, 0x29, 0x80, 0x2D, 
    0x02, 0x11, 0x05, 0x00, 0x00, 0x16, 0x42, 0x44, 0xE2, 0xA7, 0x07, 0x16, 
    0xC2, 0x23, 0x2B, 0xE6, 0x16, 0x40, 0xAA, 0xEE, 0x1A, 0x16, 0x02, 0x51, 
    0x85, 0x6E, 0x07, 0x16, 0x46, 0xE0, 0xC8, 0x40, 0x04, 0x02, 0x12, 0x05, 
    0x00, 0x00, 0x24, 0x02, 0x13, 0x05, 0x80, 0xC1, 0x00, 0x23, 0x16, 0xC1, 
    0x1C, 0x96, 0xC0, 0x02, 0x15, 0x05, 0x00, 0x00, 0x16, 0x1C, 0x3B, 0x9F, 
    0xE3, 0x80, 0xC9, 0x6F, 0xD8, 0x5E, 0x25, 0x07, 0x16, 0xBD, 0x89, 0x56, 
    0x6E, 0x02, 0x16, 0x05, 0x00, 0x00, 0x24, 0x02, 0x17, 0x05, 0x80, 0xED, 
    0x00, 0x23, 0x16, 0x1E, 0x1A, 0xAD, 0xA2, 0x02, 0x19, 0x05, 0x00, 0x00, 
    0x16, 0x6F, 0xD8, 0x5E, 0x25, 0x03, 0x16, 0xF9, 0x81, 0xDC, 0xA1, 0x07, 
    0x1C, 0x0C, 0x00, 0x00, 0x80, 0x5D, 0x80, 0x4D, 0x75, 0x73, 0x6B, 0x61, 
    0x20, 0x42, 0x65, 0x61, 0x74, 0x7A, 0x00, 0x16, 0xAE, 0xC8, 0x66, 0xCD, 
    0x07, 0x17, 0xF4, 0x01, 0x00, 0x00, 0x16, 0x64, 0x0F, 0xB6, 0xEB, 0x07, 
    0x16, 0xDC, 0x24, 0x7D, 0x63, 0x16, 0xA4, 0x9B, 0x54, 0x98, 0x07, 0x16, 
    0xBD, 0x75, 0x2D, 0x79, 0x16, 0xEA, 0x4A, 0xDB, 0x23, 0x16, 0xD6, 0xA8, 
    0x21, 0x73, 0x07, 0x80, 0xB5, 0x9D, 0x11, 0x10, 0x8D, 0x16, 0x83, 0x2C, 
    0x07, 0x2D, 0x07, 0x2D, 0x16, 0x83, 0x2C, 0x80, 0x85, 0x2D, 0x02, 0x80, 
    0x75, 0x80, 0x05, 0x00, 0x00, 0x16, 0x42, 0x44, 0xE2, 0xA7, 0x07, 0x16, 
    0x08, 0x1A, 0x0C, 0x26, 0x16, 0x02, 0x51, 0x85, 0x6E, 0x07, 0x16, 0x8B, 
    0xB9, 0xC4, 0x30, 0x16, 0xE3, 0x41, 0x16, 0x0F, 0x07, 0x16, 0x9B, 0x6A, 
    0x02, 0xB7, 0x16, 0x77, 0xB3, 0xBC, 0x13, 0x07, 0x16, 0x4B, 0x98, 0xD3, 
    0xFF, 0x16, 0x40, 0xAA, 0xEE, 0x1A, 0x04, 0x02, 0x1B, 0x05, 0x00, 0x00, 
    0x24, 0x02, 0x1C, 0x05, 0x80, 0x11, 0x80, 0x00, 0x23, 0x16, 0x6E, 0x1A, 
    0x87, 0x05, 0x02, 0x1E, 0x05, 0x00, 0x00, 0x16, 0x1C, 0x3B, 0x9F, 0xE3, 
    0x16, 0x6F, 0xD8, 0x5E, 0x25, 0x07, 0x16, 0x1E, 0x1A, 0xAD, 0xA2, 0x02, 
    0x1F, 0x05, 0x00, 0x00, 0x24, 0x02, 0x20, 0x05, 0x80, 0x7D, 0x81, 0x00, 
    0x23, 0x16, 0xD3, 0x5B, 0x85, 0x82, 0x02, 0x22, 0x05, 0x00, 0x00, 0x16, 
    0x6F, 0xD8, 0x5E, 0x25, 0x03, 0x16, 0xF9, 0x81, 0xDC, 0xA1, 0x07, 0x1C, 
    0x11, 0x00, 0x00, 0x00, 0x47, 0x68, 0x65, 0x74, 0x74, 0x6F, 0x20, 0x54, 
    0x61, 0x67, 0x20, 0x47, 0x72, 0x69, 0x6E, 0x64, 0x00, 0x16, 0xAE, 0xC8, 
    0x66, 0xCD, 0x07, 0x17, 0xF4, 0x01, 0x00, 0x00, 0x16, 0x64, 0x0F, 0xB6, 
    0xEB, 0x07, 0x16, 0xA4, 0xCA, 0xEE, 0x5D, 0x16, 0xA4, 0x9B, 0x54, 0x98, 
    0x07, 0x16, 0x3E, 0xFD, 0xCD, 0xC7, 0x16, 0xB7, 0x7D, 0x3F, 0x0E, 0x07, 
    0x16, 0x7F, 0x7D, 0x6C, 0x48, 0x16, 0xD6, 0xA8, 0x21, 0x73, 0x07, 0x80, 
    0xB5, 0x6F, 0xD8, 0x5E, 0x25, 0x16, 0x83, 0x2C, 0x07, 0x2D, 0x07, 0x2D, 
    0x16, 0x83, 0x2C, 0x80, 0x85, 0x2D, 0x02, 0x80, 0x09, 0x81, 0x05, 0x00, 
    0x00, 0x16, 0x42, 0x44, 0xE2, 0xA7, 0x07, 0x16, 0xC2, 0x23, 0x2B, 0xE6, 
    0x16, 0x40, 0xAA, 0xEE, 0x1A, 0x16, 0x02, 0x51, 0x85, 0x6E, 0x07, 0x16, 
    0x8B, 0xB9, 0xC4, 0x30, 0x16, 0x29, 0xBA, 0x78, 0x7C, 0x16, 0xE3, 0x41, 
    0x16, 0x0F, 0x07, 0x16, 0x48, 0xCC, 0x7F, 0x1D, 0x16, 0x77, 0xB3, 0xBC, 
    0x13, 0x07, 0x16, 0x64, 0x56, 0xCF, 0x82, 0x04, 0x02, 0x24, 0x05, 0x00, 
    0x00, 0x24, 0x02, 0x25, 0x05, 0x80, 0x11, 0x80, 0x00, 0x23, 0x16, 0x20, 
    0x45, 0xCB, 0x96, 0x02, 0x27, 0x05, 0x00, 0x00, 0x16, 0x1C, 0x3B, 0x9F, 
    0xE3, 0x16, 0x6F, 0xD8, 0x5E, 0x25, 0x07, 0x16, 0xD3, 0x5B, 0x85, 0x82, 
    0x02, 0x28, 0x05, 0x00, 0x00, 0x24, 0x02, 0x29, 0x05, 0x80, 0xED, 0x00, 
    0x23, 0x16, 0xA1, 0xAF, 0x6D, 0x8E, 0x02, 0x2B, 0x05, 0x00, 0x00, 0x16, 
    0x6F, 0xD8, 0x5E, 0x25, 0x03, 0x16, 0xF9, 0x81, 0xDC, 0xA1, 0x07, 0x1C, 
    0x0C, 0x00, 0x00, 0x80, 0x89, 0x44, 0x61, 0x66, 0x80, 0x39, 0x80, 0x79, 
    0x20, 0x47, 0x72, 0x69, 0x6E, 0x64, 0x00, 0x16, 0xAE, 0xC8, 0x66, 0xCD, 
    0x07, 0x17, 0xF4, 0x01, 0x00, 0x00, 0x16, 0x64, 0x0F, 0xB6, 0xEB, 0x07, 
    0x16, 0x06, 0x77, 0x47, 0x24, 0x16, 0xA4, 0x9B, 0x54, 0x98, 0x07, 0x16, 
    0x47, 0x96, 0x6C, 0xFF, 0x16, 0xD6, 0xA8, 0x21, 0x73, 0x07, 0x80, 0xB5, 
    0x6F, 0xD8, 0x5E, 0x25, 0x16, 0x83, 0x2C, 0x07, 0x2D, 0x07, 0x2D, 0x16, 
    0x83, 0x2C, 0x80, 0x55, 0x80, 0x2D, 0x02, 0x2C, 0x05, 0x00, 0x00, 0x16, 
    0x42, 0x44, 0xE2, 0xA7, 0x07, 0x16, 0xC2, 0x23, 0x2B, 0xE6, 0x16, 0x40, 
    0xAA, 0xEE, 0x1A, 0x16, 0x02, 0x51, 0x85, 0x6E, 0x07, 0x16, 0x8B, 0xB9, 
    0xC4, 0x30, 0x16, 0x77, 0xB3, 0xBC, 0x13, 0x07, 0x16, 0xC6, 0xAB, 0xA0, 
    0xFA, 0x04, 0x02, 0x2D, 0x05, 0x00, 0x00, 0x24, 0x02, 0x2E, 0x05, 0x80, 
    0x59, 0x81, 0x00, 0x23, 0x16, 0xF4, 0xC3, 0x21, 0x7A, 0x02, 0x30, 0x05, 
    0x00, 0x00, 0x16, 0x1C, 0x3B, 0x9F, 0xE3, 0x16, 0x6F, 0xD8, 0x5E, 0x25, 
    0x07, 0x16, 0xA1, 0xAF, 0x6D, 0x8E, 0x02, 0x31, 0x05, 0x00, 0x00, 0x24, 
    0x02, 0x32, 0x05, 0x00, 0x00, 0x23, 0x16, 0x49, 0x06, 0x97, 0x97, 0x16, 
    0xF9, 0x81, 0xDC, 0xA1, 0x07, 0x1C, 0x14, 0x00, 0x00, 0x00, 0x46, 0x53, 
    0x20, 0x52, 0x6F, 0x63, 0x6B, 0x65, 0x74, 0x20, 0x54, 0x61, 0x69, 0x6C, 
    0x73, 0x6C, 0x69, 0x64, 0x65, 0x00, 0x02, 0x35, 0x05, 0x00, 0x00, 0x16, 
    0x6F, 0xD8, 0x5E, 0x25, 0x03, 0x80, 0x8D, 0xF9, 0x81, 0xDC, 0xA1, 0x80, 
    0x31, 0x80, 0x2D, 0x16, 0xF9, 0x81, 0xDC, 0xA1, 0x16, 0xAE, 0xC8, 0x66, 
    0xCD, 0x07, 0x17, 0xF4, 0x01, 0x00, 0x00, 0x16, 0x64, 0x0F, 0xB6, 0xEB, 
    0x07, 0x16, 0x36, 0xB2, 0x99, 0x96, 0x16, 0xA4, 0x9B, 0x54, 0x98, 0x07, 
    0x16, 0x2E, 0x78, 0x07, 0xD9, 0x16, 0xD6, 0xA8, 0x21, 0x73, 0x07, 0x80, 
    0xB5, 0x9D, 0x11, 0x10, 0x8D, 0x16, 0x83, 0x2C, 0x07, 0x2D, 0x07, 0x2D, 
    0x16, 0x83, 0x2C, 0x80, 0xED, 0x2D, 0x02, 0x36, 0x05, 0x00, 0x00, 0x16, 
    0x42, 0x44, 0xE2, 0xA7, 0x07, 0x16, 0x7C, 0x27, 0xD5, 0x5C, 0x16, 0x02, 
    0x51, 0x85, 0x6E, 0x07, 0x16, 0x8B, 0xB9, 0xC4, 0x30, 0x80, 0x2D, 0x81, 
    0x40, 0xAA, 0xEE, 0x1A, 0x16, 0xA0, 0xAC, 0x16, 0x7A, 0x07, 0x2D, 0x16, 
    0xA0, 0xAC, 0x16, 0x7A, 0x04, 0x02, 0x37, 0x05, 0x00, 0x00, 0x24, 0x02, 
    0x38, 0x05, 0x00, 0x00, 0x23, 0x16, 0x4D, 0xC3, 0xFB, 0xF3, 0x16, 0xF9, 
    0x81, 0xDC, 0xA1, 0x07, 0x1C, 0x14, 0x00, 0x00, 0x00, 0x42, 0x53, 0x20, 
    0x52, 0x6F, 0x63, 0x6B, 0x65, 0x74, 0x20, 0x54, 0x61, 0x69, 0x6C, 0x73, 
    0x6C, 0x69, 0x64, 0x65, 0x00, 0x02, 0x3A, 0x05, 0x00, 0x00, 0x16, 0x6F, 
    0xD8, 0x5E, 0x25, 0x03, 0x80, 0x8D, 0xF9, 0x81, 0xDC, 0xA1, 0x80, 0x31, 
    0x80, 0x2D, 0x16, 0xF9, 0x81, 0xDC, 0xA1, 0x16, 0xAE, 0xC8, 0x66, 0xCD, 
    0x07, 0x17, 0xF4, 0x01, 0x00, 0x00, 0x16, 0x64, 0x0F, 0xB6, 0xEB, 0x07, 
    0x16, 0xB7, 0xB4, 0xFB, 0xEE, 0x16, 0xA4, 0x9B, 0x54, 0x98, 0x07, 0x16, 
    0x9E, 0xA9, 0xC0, 0x43, 0x16, 0xD6, 0xA8, 0x21, 0x73, 0x07, 0x80, 0xB5, 
    0x9D, 0x11, 0x10, 0x8D, 0x16, 0x83, 0x2C, 0x07, 0x2D, 0x07, 0x2D, 0x16, 
    0x83, 0x2C, 0x80, 0xB1, 0x2D, 0x02, 0x3B, 0x05, 0x00, 0x00, 0x16, 0x42, 
    0x44, 0xE2, 0xA7, 0x07, 0x16, 0x80, 0xB5, 0x27, 0xD5, 0x5C, 0x16, 0x02, 
    0x51, 0x85, 0x6E, 0x07, 0x16, 0x8F, 0x7C, 0xA8, 0x54, 0x80, 0xE5, 0x40, 
    0xAA, 0xEE, 0x1A, 0x16, 0xA0, 0xAC, 0x16, 0x7A, 0x07, 0x2D, 0x16, 0xA0, 
    0xAC, 0x16, 0x7A, 0x04, 0x02, 0x3C, 0x05, 0x00, 0x00, 0x24, 0x02, 0x3D, 
    0x05, 0x80, 0xE9, 0x00, 0x23, 0x16, 0x3B, 0x6D, 0x7B, 0x35, 0x02, 0x3F, 
    0x05, 0x00, 0x00, 0x16, 0x65, 0x0C, 0xDE, 0xD9, 0x02, 0x40, 0x05, 0x00, 
    0x00, 0x16, 0x7F, 0xA3, 0x9F, 0xAD, 0x80, 0xFD, 0x4D, 0xC3, 0xFB, 0xF3, 
    0x16, 0x0C, 0xF1, 0x31, 0x70, 0x07, 0x03, 0x16, 0x83, 0x2C, 0x07, 0x2D, 
    0x07, 0x16, 0x56, 0xCA, 0x18, 0x8A, 0x04, 0x02, 0x41, 0x05, 0x00, 0x00, 
    0x24, 0x02, 0x42, 0x05, 0x80, 0xE9, 0x00, 0x23, 0x16, 0x2D, 0x2F, 0xEA, 
    0xAE, 0x02, 0x44, 0x05, 0x00, 0x00, 0x16, 0x65, 0x0C, 0xDE, 0xD9, 0x02, 
    0x45, 0x05, 0x00, 0x00, 0x16, 0x7F, 0xA3, 0x9F, 0xAD, 0x80, 0xFD, 0x49, 
    0x06, 0x97, 0x97, 0x16, 0x0C, 0xF1, 0x31, 0x70, 0x07, 0x03, 0x16, 0x83, 
    0x2C, 0x07, 0x2D, 0x07, 0x16, 0x56, 0xCA, 0x18, 0x8A, 0x04, 0x02, 0x46, 
    0x05, 0x00, 0x00, 0x24, 0x02, 0x47, 0x05, 0x80, 0x75, 0x81, 0x00, 0x23, 
    0x16, 0x4D, 0x80, 0xA7, 0x8C, 0x02, 0x49, 0x05, 0x00, 0x00, 0x16, 0x6F, 
    0xD8, 0x5E, 0x25, 0x03, 0x16, 0xF9, 0x81, 0xDC, 0xA1, 0x07, 0x1C, 0x15, 
    0x00, 0x00, 0x00, 0x46, 0x61, 0x63, 0x74, 0x69, 0x6F, 0x6E, 0x20, 0x47, 
    0x75, 0x69, 0x74, 0x61, 0x72, 0x20, 0x53, 0x6C, 0x69, 0x64, 0x65, 0x00, 
    0x16, 0xAE, 0xC8, 0x66, 0xCD, 0x07, 0x17, 0xF4, 0x01, 0x00, 0x00, 0x16, 
    0x64, 0x0F, 0xB6, 0xEB, 0x07, 0x16, 0x08, 0xA3, 0x75, 0x13, 0x16, 0xA4, 
    0x9B, 0x54, 0x98, 0x07, 0x16, 0x69, 0xF2, 0x25, 0x09, 0x16, 0xEA, 0x4A, 
    0xDB, 0x23, 0x16, 0xD6, 0xA8, 0x21, 0x73, 0x07, 0x80, 0xB5, 0x9D, 0x11, 
    0x10, 0x8D, 0x16, 0x83, 0x2C, 0x07, 0x2D, 0x07, 0x2D, 0x16, 0x83, 0x2C, 
    0x80, 0x01, 0x81, 0x2D, 0x02, 0x4A, 0x05, 0x00, 0x00, 0x16, 0x42, 0x44, 
    0xE2, 0xA7, 0x07, 0x16, 0x08, 0x1A, 0x0C, 0x26, 0x16, 0x02, 0x51, 0x85, 
    0x6E, 0x07, 0x16, 0x8B, 0xB9, 0xC4, 0x30, 0x16, 0xE3, 0x41, 0x16, 0x0F, 
    0x07, 0x16, 0x05, 0xD9, 0xCB, 0xFA, 0x16, 0x77, 0xB3, 0xBC, 0x13, 0x07, 
    0x16, 0x2D, 0xAA, 0xB3, 0x18, 0x16, 0x40, 0xAA, 0xEE, 0x1A, 0x04, 0x02, 
    0x4B, 0x05, 0x00, 0x00, 0x24, 0x02, 0x4C, 0x05, 0x80, 0x11, 0x80, 0x00, 
    0x23, 0x16, 0x41, 0x62, 0x82, 0x0A, 0x02, 0x4E, 0x05, 0x00, 0x00, 0x16, 
    0x1C, 0x3B, 0x9F, 0xE3, 0x16, 0x6F, 0xD8, 0x5E, 0x25, 0x07, 0x16, 0x4D, 
    0x80, 0xA7, 0x8C, 0x02, 0x4F, 0x05, 0x00, 0x00, 0x24, 0x02, 0x50, 0x05, 
    0x80, 0x11, 0x82, 0x00, 0x23, 0x16, 0x0A, 0x0A, 0x23, 0x48, 0x02, 0x52, 
    0x05, 0x00, 0x00, 0x16, 0x6F, 0xD8, 0x5E, 0x25, 0x03, 0x16, 0xF9, 0x81, 
    0xDC, 0xA1, 0x07, 0x1C, 0x11, 0x00, 0x00, 0x00, 0x41, 0x6D, 0x65, 0x72, 
    0x69, 0x63, 0x61, 0x6E, 0x20, 0x54, 0x72, 0x69, 0x62, 0x75, 0x74, 0x65, 
    0x00, 0x16, 0xAE, 0xC8, 0x66, 0xCD, 0x07, 0x17, 0xF4, 0x01, 0x00, 0x00, 
    0x16, 0x64, 0x0F, 0xB6, 0xEB, 0x07, 0x16, 0x58, 0xB4, 0xA0, 0x56, 0x16, 
    0xA4, 0x9B, 0x54, 0x98, 0x07, 0x16, 0x39, 0xE5, 0xF0, 0x4C, 0x16, 0xB7, 
    0x7D, 0x3F, 0x0E, 0x07, 0x16, 0xB0, 0xA0, 0xCD, 0xDD, 0x16, 0xEA, 0x4A, 
    0xDB, 0x23, 0x16, 0xD6, 0xA8, 0x21, 0x73, 0x07, 0x80, 0xB5, 0x6F, 0xD8, 
    0x5E, 0x25, 0x16, 0x83, 0x2C, 0x07, 0x2D, 0x07, 0x2D, 0x16, 0x83, 0x2C, 
    0x80, 0x01, 0x81, 0x2D, 0x02, 0x53, 0x05, 0x00, 0x00, 0x16, 0x42, 0x44, 
    0xE2, 0xA7, 0x07, 0x16, 0x08, 0x1A, 0x0C, 0x26, 0x16, 0x02, 0x51, 0x85, 
    0x6E, 0x07, 0x16, 0x8B, 0xB9, 0xC4, 0x30, 0x16, 0x40, 0xAA, 0xEE, 0x1A, 
    0x16, 0x77, 0xB3, 0xBC, 0x13, 0x07, 0x16, 0x3A, 0x42, 0xE0, 0x7C, 0x16, 
    0xD3, 0xBB, 0xDA, 0x28, 0x07, 0x16, 0xE8, 0x8D, 0x2B, 0xCB, 0x04, 0x02, 
    0x54, 0x05, 0x00, 0x00, 0x24, 0x02, 0x55, 0x05, 0x80, 0x11, 0x80, 0x00, 
    0x23, 0x16, 0x75, 0xC7, 0x05, 0x23, 0x02, 0x57, 0x05, 0x00, 0x00, 0x16, 
    0x1C, 0x3B, 0x9F, 0xE3, 0x16, 0x6F, 0xD8, 0x5E, 0x25, 0x07, 0x16, 0x0A, 
    0x0A, 0x23, 0x48, 0x02, 0x58, 0x05, 0x00, 0x00, 0x24, 0x02, 0x59, 0x05, 
    0x80, 0x55, 0x81, 0x00, 0x23, 0x16, 0xA3, 0x81, 0xDD, 0xD3, 0x02, 0x5B, 
    0x05, 0x00, 0x00, 0x16, 0x6F, 0xD8, 0x5E, 0x25, 0x03, 0x16, 0xF9, 0x81, 
    0xDC, 0xA1, 0x07, 0x1C, 0x0D, 0x00, 0x00, 0x00, 0x46, 0x65, 0x72, 0x72, 
    0x65, 0x74, 0x20, 0x46, 0x69, 0x67, 0x68, 0x74, 0x00, 0x16, 0xAE, 0xC8, 
    0x66, 0xCD, 0x07, 0x17, 0xF4, 0x01, 0x00, 0x00, 0x16, 0x64, 0x0F, 0xB6, 
    0xEB, 0x07, 0x16, 0x05, 0xEF, 0xB9, 0x3F, 0x16, 0xA4, 0x9B, 0x54, 0x98, 
    0x07, 0x16, 0x64, 0xBE, 0xE9, 0x25, 0x16, 0xEA, 0x4A, 0xDB, 0x23, 0x16, 
    0xD6, 0xA8, 0x21, 0x73, 0x07, 0x80, 0xB5, 0x6F, 0xD8, 0x5E, 0x25, 0x16, 
    0x83, 0x2C, 0x07, 0x2D, 0x07, 0x2D, 0x16, 0x83, 0x2C, 0x80, 0x15, 0x81, 
    0x2D, 0x02, 0x5C, 0x05, 0x00, 0x00, 0x16, 0x42, 0x44, 0xE2, 0xA7, 0x07, 
    0x16, 0x08, 0x1A, 0x0C, 0x26, 0x16, 0x29, 0xBA, 0x78, 0x7C, 0x16, 0x02, 
    0x51, 0x85, 0x6E, 0x07, 0x16, 0x8B, 0xB9, 0xC4, 0x30, 0x16, 0x40, 0xAA, 
    0xEE, 0x1A, 0x16, 0xE3, 0x41, 0x16, 0x0F, 0x07, 0x16, 0x3C, 0x3F, 0x42, 
    0x85, 0x16, 0x77, 0xB3, 0xBC, 0x13, 0x07, 0x16, 0xC0, 0xB7, 0x75, 0xDE, 
    0x04, 0x02, 0x5D, 0x05, 0x00, 0x00, 0x24, 0x02, 0x5E, 0x05, 0x80, 0x1D, 
    0x82, 0x00, 0x23, 0x16, 0x78, 0x24, 0x76, 0x4F, 0x02, 0x60, 0x05, 0x00, 
    0x00, 0x16, 0x6F, 0xD8, 0x5E, 0x25, 0x03, 0x16, 0xF9, 0x81, 0xDC, 0xA1, 
    0x07, 0x1C, 0x0F, 0x00, 0x00, 0x00, 0x42, 0x2D, 0x42, 0x61, 0x6C, 0x6C, 
    0x69, 0x6E, 0x20, 0x53, 0x6C, 0x69, 0x64, 0x65, 0x00, 0x16, 0xAE, 0xC8, 
    0x66, 0xCD, 0x07, 0x17, 0xF4, 0x01, 0x00, 0x00, 0x16, 0x64, 0x0F, 0xB6, 
    0xEB, 0x07, 0x16, 0x18, 0x12, 0x49, 0x58, 0x16, 0xA4, 0x9B, 0x54, 0x98, 
    0x07, 0x16, 0x79, 0x43, 0x19, 0x42, 0x16, 0xB7, 0x7D, 0x3F, 0x0E, 0x07, 
    0x16, 0xB8, 0xD2, 0xE3, 0xEF, 0x16, 0x29, 0xBA, 0x78, 0x7C, 0x16, 0xEA, 
    0x4A, 0xDB, 0x23, 0x16, 0xD6, 0xA8, 0x21, 0x73, 0x07, 0x80, 0xB5, 0x9D, 
    0x11, 0x10, 0x8D, 0x16, 0x83, 0x2C, 0x07, 0x2D, 0x07, 0x2D, 0x16, 0x83, 
    0x2C, 0x80, 0x01, 0x81, 0x2D, 0x02, 0x61, 0x05, 0x00, 0x00, 0x16, 0x42, 
    0x44, 0xE2, 0xA7, 0x07, 0x16, 0x08, 0x1A, 0x0C, 0x26, 0x16, 0x02, 0x51, 
    0x85, 0x6E, 0x07, 0x16, 0x8B, 0xB9, 0xC4, 0x30, 0x16, 0x40, 0xAA, 0xEE, 
    0x1A, 0x16, 0xE3, 0x41, 0x16, 0x0F, 0x07, 0x16, 0x97, 0x32, 0xD0, 0xD3, 
    0x16, 0x77, 0xB3, 0xBC, 0x13, 0x07, 0x16, 0x33, 0x04, 0x1C, 0xD1, 0x04, 
    0x02, 0x62, 0x05, 0x00, 0x00, 0x24, 0x02, 0x63, 0x05, 0x80, 0x11, 0x80, 
    0x00, 0x23, 0x16, 0x3A, 0xF8, 0x48, 0x89, 0x02, 0x65, 0x05, 0x00, 0x00, 
    0x16, 0x1C, 0x3B, 0x9F, 0xE3, 0x16, 0x6F, 0xD8, 0x5E, 0x25, 0x07, 0x16, 
    0x78, 0x24, 0x76, 0x4F, 0x02, 0x66, 0x05, 0x00, 0x00, 0x24, 0x02, 0x67, 
    0x05, 0x80, 0x05, 0x80, 0x00, 0x23, 0x16, 0x65, 0x3B, 0xF0, 0xD3, 0x02, 
    0x69, 0x05, 0x00, 0x00, 0x16, 0x6F, 0xD8, 0x5E, 0x25, 0x03, 0x16, 0xF9, 
    0x81, 0xDC, 0xA1, 0x07, 0x1C, 0x13, 0x00, 0x00, 0x00, 0x44, 0x6F, 0x75, 
    0x62, 0x6C, 0x80, 0x61, 0x80, 0x20, 0x42, 0x6C, 0x75, 0x6E, 0x74, 0x20, 
    0x53, 0x6C, 0x69, 0x64, 0x65, 0x00, 0x16, 0xAE, 0xC8, 0x66, 0xCD, 0x07, 
    0x17, 0xF4, 0x01, 0x00, 0x00, 0x16, 0x64, 0x0F, 0xB6, 0xEB, 0x07, 0x16, 
    0x0E, 0x78, 0x86, 0x79, 0x16, 0xA4, 0x9B, 0x54, 0x98, 0x07, 0x16, 0x6F, 
    0x29, 0xD6, 0x63, 0x16, 0xEA, 0x4A, 0xDB, 0x23, 0x16, 0xD6, 0xA8, 0x21, 
    0x73, 0x07, 0x80, 0xB5, 0x9D, 0x11, 0x10, 0x8D, 0x16, 0x83, 0x2C, 0x07, 
    0x2D, 0x07, 0x2D, 0x16, 0x83, 0x2C, 0x80, 0x29, 0x80, 0x2D, 0x02, 0x6A, 
    0x05, 0x00, 0x00, 0x16, 0x42, 0x44, 0xE2, 0xA7, 0x07, 0x16, 0x08, 0x1A, 
    0x0C, 0x26, 0x16, 0x02, 0x51, 0x85, 0x6E, 0x07, 0x16, 0x8B, 0xB9, 0xC4, 
    0x30, 0x16, 0x40, 0xAA, 0xEE, 0x1A, 0x04, 0x02, 0x6B, 0x05, 0x00, 0x00, 
    0x24, 0x02, 0x6C, 0x05, 0x80, 0x11, 0x80, 0x00, 0x23, 0x16, 0x97, 0x73, 
    0x21, 0xA8, 0x02, 0x6E, 0x05, 0x00, 0x00, 0x16, 0x1C, 0x3B, 0x9F, 0xE3, 
    0x16, 0x6F, 0xD8, 0x5E, 0x25, 0x07, 0x16, 0x65, 0x3B, 0xF0, 0xD3, 0x02, 
    0x6F, 0x05, 0x00, 0x00, 0x24, 0x02, 0x70, 0x05, 0x80, 0xED, 0x00, 0x23, 
    0x16, 0xBD, 0x38, 0x4C, 0xFE, 0x02, 0x73, 0x05, 0x00, 0x00, 0x16, 0x6F, 
    0xD8, 0x5E, 0x25, 0x03, 0x16, 0xF9, 0x81, 0xDC, 0xA1, 0x07, 0x1C, 0x0C, 
    0x00, 0x00, 0x80, 0x1D, 0x81, 0x45, 0x6C, 0x62, 0x6F, 0x77, 0x20, 0x53, 
    0x6D, 0x61, 0x73, 0x68, 0x00, 0x16, 0xAE, 0xC8, 0x66, 0xCD, 0x07, 0x17, 
    0xF4, 0x01, 0x00, 0x00, 0x16, 0x64, 0x0F, 0xB6, 0xEB, 0x07, 0x16, 0xD6, 
    0x1E, 0x8A, 0xD4, 0x16, 0xA4, 0x9B, 0x54, 0x98, 0x07, 0x16, 0xB7, 0x4F, 
    0xDA, 0xCE, 0x16, 0xEA, 0x4A, 0xDB, 0x23, 0x16, 0xB7, 0x7D, 0x3F, 0x0E, 
    0x07, 0x16, 0xE6, 0xEF, 0x93, 0xFF, 0x16, 0x29, 0xBA, 0x78, 0x7C, 0x16, 
    0xD6, 0xA8, 0x21, 0x73, 0x07, 0x80, 0x8D, 0x9D, 0x11, 0x10, 0x8D, 0x80, 
    0x1D, 0x80, 0x83, 0x2C, 0x07, 0x2D, 0x07, 0x2D, 0x16, 0x83, 0x2C, 0x07, 
    0x2D, 0x16, 0xEA, 0x4A, 0xDB, 0x23, 0x02, 0x74, 0x05, 0x00, 0x00, 0x16, 
    0x42, 0x44, 0xE2, 0xA7, 0x07, 0x16, 0xC2, 0x23, 0x2B, 0xE6, 0x16, 0x29, 
    0x4E, 0x62, 0xD6, 0x07, 0x17, 0x3C, 0x84, 0xBD, 0x00, 0x16, 0x40, 0xAA, 
    0xEE, 0x1A, 0x04, 0x02, 0x75, 0x05, 0x00, 0x00, 0x24, 0x02, 0x76, 0x05, 
    0x80, 0x11, 0x80, 0x00, 0x23, 0x16, 0x79, 0xE1, 0x28, 0x44, 0x02, 0x78, 
    0x05, 0x00, 0x00, 0x16, 0xF3, 0xAD, 0x76, 0xC8, 0x02, 0x79, 0x05, 0x00, 
    0x00, 0x16, 0x69, 0x3F, 0xE9, 0x63, 0x02, 0x7A, 0x05, 0x00, 0x00, 0x16, 
    0x7F, 0xA3, 0x9F, 0xAD, 0x80, 0xFD, 0xBD, 0x38, 0x4C, 0xFE, 0x16, 0x0C, 
    0xF1, 0x31, 0x70, 0x07, 0x03, 0x16, 0x83, 0x2C, 0x07, 0x2D, 0x07, 0x16, 
    0x56, 0xCA, 0x18, 0x8A, 0x04, 0x02, 0x7B, 0x05, 0x00, 0x00, 0x24, 0x02, 
    0x7C, 0x05, 0x80, 0xE9, 0x00, 0x23, 0x16, 0x65, 0xDB, 0xB3, 0x6D, 0x02, 
    0x7E, 0x05, 0x00, 0x00, 0x16, 0x6F, 0xD8, 0x5E, 0x25, 0x03, 0x16, 0xF9, 
    0x81, 0xDC, 0xA1, 0x07, 0x1C, 0x0B, 0x00, 0x80, 0x1D, 0x81, 0x00, 0x51, 
    0x75, 0x69, 0x63, 0x6B, 0x20, 0x44, 0x72, 0x61, 0x77, 0x00, 0x16, 0xAE, 
    0xC8, 0x66, 0xCD, 0x07, 0x17, 0xF4, 0x01, 0x00, 0x00, 0x16, 0x64, 0x0F, 
    0xB6, 0xEB, 0x07, 0x16, 0xE1, 0x0E, 0x26, 0xD7, 0x16, 0xA4, 0x9B, 0x54, 
    0x98, 0x07, 0x16, 0x80, 0x5F, 0x76, 0xCD, 0x16, 0xEA, 0x4A, 0xDB, 0x23, 
    0x16, 0xB7, 0x7D, 0x3F, 0x0E, 0x07, 0x16, 0x64, 0xD4, 0x61, 0xE5, 0x16, 
    0x29, 0xBA, 0x78, 0x7C, 0x16, 0xD6, 0xA8, 0x21, 0x73, 0x07, 0x80, 0x8D, 
    0x6F, 0xD8, 0x5E, 0x25, 0x80, 0x79, 0x80, 0x83, 0x2C, 0x07, 0x2D, 0x07, 
    0x2D, 0x16, 0x83, 0x2C, 0x07, 0x2D, 0x16, 0xEA, 0x4A, 0xDB, 0x23, 0x02, 
    0x7F, 0x05, 0x00, 0x00, 0x16, 0x42, 0x44, 0xE2, 0xA7, 0x07, 0x16, 0xC2, 
    0x23, 0x2B, 0xE6, 0x16, 0x29, 0x4E, 0x62, 0xD6, 0x16, 0x40, 0xAA, 0xEE, 
    0x1A, 0x16, 0x77, 0xB3, 0xBC, 0x13, 0x07, 0x16, 0x6D, 0x8F, 0x95, 0xA9, 
    0x04, 0x02, 0x80, 0x05, 0x00, 0x00, 0x24, 0x02, 0x81, 0x05, 0x80, 0x11, 
    0x80, 0x00, 0x23, 0x16, 0x7A, 0x21, 0x4E, 0xF6, 0x02, 0x83, 0x05, 0x00, 
    0x00, 0x16, 0xF3, 0xAD, 0x76, 0xC8, 0x02, 0x84, 0x05, 0x00, 0x00, 0x16, 
    0x69, 0x3F, 0xE9, 0x63, 0x02, 0x85, 0x05, 0x00, 0x00, 0x16, 0x7F, 0xA3, 
    0x9F, 0xAD, 0x80, 0xFD, 0x65, 0xDB, 0xB3, 0x6D, 0x16, 0x0C, 0xF1, 0x31, 
    0x70, 0x07, 0x03, 0x16, 0x83, 0x2C, 0x07, 0x2D, 0x07, 0x16, 0x56, 0xCA, 
    0x18, 0x8A, 0x04, 0x02, 0x86, 0x05, 0x00, 0x00, 0x24, 0x02, 0x87, 0x05, 
    0x80, 0xED, 0x00, 0x23, 0x16, 0x5C, 0xAF, 0x9C, 0xA0, 0x02, 0x89, 0x05, 
    0x00, 0x00, 0x16, 0x6F, 0xD8, 0x5E, 0x25, 0x03, 0x16, 0xF9, 0x81, 0xDC, 
    0xA1, 0x07, 0x1C, 0x0C, 0x00, 0x00, 0x80, 0x09, 0x81, 0x48, 0x75, 0x6C, 
    0x61, 0x20, 0x48, 0x6F, 0x6F, 0x70, 0x69, 0x6E, 0x00, 0x16, 0xAE, 0xC8, 
    0x66, 0xCD, 0x07, 0x17, 0xF4, 0x01, 0x00, 0x00, 0x16, 0x64, 0x0F, 0xB6, 
    0xEB, 0x07, 0x16, 0xE7, 0xDD, 0x74, 0x98, 0x16, 0xA4, 0x9B, 0x54, 0x98, 
    0x07, 0x16, 0x86, 0x8C, 0x24, 0x82, 0x16, 0xEA, 0x4A, 0xDB, 0x23, 0x16, 
    0xB7, 0x7D, 0x3F, 0x0E, 0x07, 0x16, 0xC7, 0x80, 0x40, 0x68, 0x16, 0xD6, 
    0xA8, 0x21, 0x73, 0x07, 0x80, 0x8D, 0x6F, 0xD8, 0x5E, 0x25, 0x80, 0x79, 
    0x80, 0x83, 0x2C, 0x07, 0x2D, 0x07, 0x2D, 0x16, 0x83, 0x2C, 0x07, 0x2D, 
    0x16, 0xEA, 0x4A, 0xDB, 0x23, 0x16, 0x29, 0xBA, 0x78, 0x7C, 0x02, 0x8A, 
    0x05, 0x00, 0x00, 0x16, 0x42, 0x44, 0xE2, 0xA7, 0x07, 0x16, 0xC2, 0x23, 
    0x2B, 0xE6, 0x16, 0x40, 0xAA, 0xEE, 0x1A, 0x16, 0x77, 0xB3, 0xBC, 0x13, 
    0x07, 0x16, 0x24, 0x0E, 0xF1, 0x47, 0x04, 0x02, 0x8B, 0x05, 0x00, 0x00, 
    0x24, 0x02, 0x8C, 0x05, 0x80, 0x11, 0x80, 0x00, 0x23, 0x16, 0xBD, 0xD0, 
    0x5C, 0xDF, 0x02, 0x8E, 0x05, 0x00, 0x00, 0x16, 0xF3, 0xAD, 0x76, 0xC8, 
    0x02, 0x8F, 0x05, 0x00, 0x00, 0x16, 0x69, 0x3F, 0xE9, 0x63, 0x02, 0x90, 
    0x05, 0x00, 0x00, 0x16, 0x7F, 0xA3, 0x9F, 0xAD, 0x80, 0xFD, 0x5C, 0xAF, 
    0x9C, 0xA0, 0x16, 0x0C, 0xF1, 0x31, 0x70, 0x07, 0x03, 0x16, 0x83, 0x2C, 
    0x07, 0x2D, 0x07, 0x16, 0x56, 0xCA, 0x18, 0x8A, 0x04, 0x02, 0x91, 0x05, 
    0x00, 0x00, 0x24, 0x02, 0x92, 0x05, 0x80, 0x6D, 0x81, 0x00, 0x23, 0x16, 
    0x23, 0x2E, 0xB2, 0xD3, 0x02, 0x95, 0x05, 0x00, 0x00, 0x16, 0x6F, 0xD8, 
    0x5E, 0x25, 0x03, 0x16, 0xF9, 0x81, 0xDC, 0xA1, 0x07, 0x1C, 0x13, 0x00, 
    0x00, 0x00, 0x48, 0x65, 0x61, 0x64, 0x62, 0x61, 0x6E, 0x67, 0x65, 0x72, 
    0x73, 0x20, 0x55, 0x6E, 0x69, 0x74, 0x65, 0x21, 0x00, 0x16, 0xAE, 0xC8, 
    0x66, 0xCD, 0x07, 0x17, 0xF4, 0x01, 0x00, 0x00, 0x16, 0x64, 0x0F, 0xB6, 
    0xEB, 0x07, 0x16, 0xA7, 0xAF, 0x51, 0x4D, 0x16, 0xA4, 0x9B, 0x54, 0x98, 
    0x07, 0x16, 0xC6, 0xFE, 0x01, 0x57, 0x16, 0xEA, 0x4A, 0xDB, 0x23, 0x16, 
    0xD6, 0xA8, 0x21, 0x73, 0x07, 0x80, 0x8D, 0x6F, 0xD8, 0x5E, 0x25, 0x80, 
    0x65, 0x80, 0x83, 0x2C, 0x07, 0x2D, 0x07, 0x2D, 0x16, 0x83, 0x2C, 0x07, 
    0x2D, 0x16, 0xEA, 0x4A, 0xDB, 0x23, 0x02, 0x96, 0x05, 0x00, 0x00, 0x16, 
    0x42, 0x44, 0xE2, 0xA7, 0x07, 0x16, 0x08, 0x1A, 0x0C, 0x26, 0x16, 0xE3, 
    0x41, 0x16, 0x0F, 0x07, 0x16, 0xB7, 0xBA, 0xAA, 0x89, 0x16, 0x40, 0xAA, 
    0xEE, 0x1A, 0x04, 0x02, 0x97, 0x05, 0x00, 0x00, 0x24, 0x02, 0x98, 0x05, 
    0x80, 0x11, 0x80, 0x00, 0x23, 0x16, 0x6A, 0x38, 0xFC, 0xCE, 0x02, 0x9A, 
    0x05, 0x00, 0x00, 0x16, 0xF3, 0xAD, 0x76, 0xC8, 0x02, 0x9B, 0x05, 0x00, 
    0x00, 0x16, 0x69, 0x3F, 0xE9, 0x63, 0x02, 0x9C, 0x05, 0x00, 0x00, 0x16, 
    0x7F, 0xA3, 0x9F, 0xAD, 0x80, 0x3D, 0x81, 0x23, 0x2E, 0xB2, 0xD3, 0x16, 
    0x0C, 0xF1, 0x31, 0x70, 0x07, 0x03, 0x16, 0x83, 0x2C, 0x07, 0x2D, 0x07, 
    0x16, 0x56, 0xCA, 0x18, 0x8A, 0x04, 0x02, 0x9D, 0x05, 0x00, 0x00, 0x24, 
    0x02, 0x9E, 0x05, 0x00, 0x00, 0x23, 0x16, 0x82, 0x3D, 0x9F, 0xFA, 0x16, 
    0xF9, 0x81, 0xDC, 0xA1, 0x07, 0x1C, 0x12, 0x00, 0x00, 0x00, 0x46, 0x53, 
    0x20, 0x4F, 0x6E, 0x65, 0x20, 0x46, 0x6F, 0x6F, 0x74, 0x20, 0x53, 0x6D, 
    0x69, 0x74, 0x68, 0x00, 0x02, 0xA0, 0x05, 0x00, 0x00, 0x16, 0x6F, 0xD8, 
    0x5E, 0x25, 0x03, 0x80, 0x8D, 0xF9, 0x81, 0xDC, 0xA1, 0x80, 0x31, 0x80, 
    0x2D, 0x16, 0xF9, 0x81, 0xDC, 0xA1, 0x16, 0xAE, 0xC8, 0x66, 0xCD, 0x07, 
    0x17, 0xF4, 0x01, 0x00, 0x00, 0x16, 0x64, 0x0F, 0xB6, 0xEB, 0x07, 0x16, 
    0x04, 0xD2, 0xAE, 0xF7, 0x16, 0xA4, 0x9B, 0x54, 0x98, 0x07, 0x16, 0xCE, 
    0x1E, 0xB1, 0x11, 0x16, 0xD6, 0xA8, 0x21, 0x73, 0x07, 0x80, 0xB5, 0x9D, 
    0x11, 0x10, 0x8D, 0x16, 0x83, 0x2C, 0x07, 0x2D, 0x07, 0x2D, 0x16, 0x83, 
    0x2C, 0x80, 0xED, 0x2D, 0x02, 0xA1, 0x05, 0x00, 0x00, 0x16, 0x42, 0x44, 
    0xE2, 0xA7, 0x07, 0x16, 0x7C, 0x27, 0xD5, 0x5C, 0x16, 0x02, 0x51, 0x85, 
    0x6E, 0x07, 0x16, 0x8B, 0xB9, 0xC4, 0x30, 0x80, 0x25, 0x81, 0x40, 0xAA, 
    0xEE, 0x1A, 0x16, 0xA0, 0xAC, 0x16, 0x7A, 0x07, 0x2D, 0x16, 0xA0, 0xAC, 
    0x16, 0x7A, 0x04, 0x02, 0xA2, 0x05, 0x00, 0x00, 0x24, 0x02, 0xA3, 0x05, 
    0x00, 0x00, 0x23, 0x16, 0x86, 0xF8, 0xF3, 0x9E, 0x16, 0xF9, 0x81, 0xDC, 
    0xA1, 0x07, 0x1C, 0x12, 0x00, 0x00, 0x00, 0x42, 0x53, 0x20, 0x4F, 0x6E, 
    0x65, 0x20, 0x46, 0x6F, 0x6F, 0x74, 0x20, 0x53, 0x6D, 0x69, 0x74, 0x68, 
    0x00, 0x02, 0xA7, 0x05, 0x00, 0x00, 0x16, 0x6F, 0xD8, 0x5E, 0x25, 0x03, 
    0x80, 0x8D, 0xF9, 0x81, 0xDC, 0xA1, 0x80, 0x31, 0x80, 0x2D, 0x16, 0xF9, 
    0x81, 0xDC, 0xA1, 0x16, 0xAE, 0xC8, 0x66, 0xCD, 0x07, 0x17, 0xF4, 0x01, 
    0x00, 0x00, 0x16, 0x64, 0x0F, 0xB6, 0xEB, 0x07, 0x16, 0x0C, 0x6E, 0x70, 
    0xC2, 0x16, 0xA4, 0x9B, 0x54, 0x98, 0x07, 0x16, 0x40, 0x48, 0x5F, 0x1F, 
    0x16, 0xD6, 0xA8, 0x21, 0x73, 0x07, 0x80, 0xB5, 0x6F, 0xD8, 0x5E, 0x25, 
    0x16, 0x83, 0x2C, 0x07, 0x2D, 0x07, 0x2D, 0x16, 0x83, 0x2C, 0x80, 0xB1, 
    0x2D, 0x02, 0xA8, 0x05, 0x00, 0x00, 0x16, 0x42, 0x44, 0xE2, 0xA7, 0x07, 
    0x16, 0x80, 0xB5, 0x27, 0xD5, 0x5C, 0x16, 0x02, 0x51, 0x85, 0x6E, 0x07, 
    0x16, 0x8F, 0x7C, 0xA8, 0x54, 0x80, 0xE5, 0x40, 0xAA, 0xEE, 0x1A, 0x16, 
    0xA0, 0xAC, 0x16, 0x7A, 0x07, 0x2D, 0x16, 0xA0, 0xAC, 0x16, 0x7A, 0x04, 
    0x02, 0xA9, 0x05, 0x00, 0x00, 0x24, 0x02, 0xAA, 0x05, 0x80, 0xE9, 0x00, 
    0x23, 0x16, 0xA0, 0x99, 0xD3, 0x47, 0x02, 0xAC, 0x05, 0x00, 0x00, 0x16, 
    0x65, 0x0C, 0xDE, 0xD9, 0x02, 0xAD, 0x05, 0x00, 0x00, 0x16, 0x7F, 0xA3, 
    0x9F, 0xAD, 0x80, 0xFD, 0x86, 0xF8, 0xF3, 0x9E, 0x16, 0x0C, 0xF1, 0x31, 
    0x70, 0x07, 0x03, 0x16, 0x83, 0x2C, 0x07, 0x2D, 0x07, 0x16, 0x56, 0xCA, 
    0x18, 0x8A, 0x04, 0x02, 0xAE, 0x05, 0x00, 0x00, 0x24, 0x02, 0xAF, 0x05, 
    0x80, 0xE9, 0x00, 0x23, 0x16, 0xB6, 0xDB, 0x42, 0xDC, 0x02, 0xB1, 0x05, 
    0x00, 0x00, 0x16, 0x65, 0x0C, 0xDE, 0xD9, 0x02, 0xB2, 0x05, 0x00, 0x00, 
    0x16, 0x7F, 0xA3, 0x9F, 0xAD, 0x80, 0xFD, 0x82, 0x3D, 0x9F, 0xFA, 0x16, 
    0x0C, 0xF1, 0x31, 0x70, 0x07, 0x03, 0x16, 0x83, 0x2C, 0x07, 0x2D, 0x07, 
    0x16, 0x56, 0xCA, 0x18, 0x8A, 0x04, 0x02, 0xB3, 0x05, 0x00, 0x00, 0x24, 
    0x02, 0xB4, 0x05, 0x80, 0x15, 0x80, 0x00, 0x23, 0x16, 0x1C, 0x3B, 0x9F, 
    0xE3, 0x02, 0xB9, 0x05, 0x00, 0x00, 0x16, 0xF3, 0xAD, 0x76, 0xC8, 0x02, 
    0xBA, 0x05, 0x00, 0x00, 0x16, 0x69, 0x3F, 0xE9, 0x63, 0x02, 0xBB, 0x05, 
    0x00, 0x00, 0x16, 0x7F, 0xA3, 0x9F, 0xAD, 0x2D, 0x80, 0x25, 0x80, 0x6F, 
    0xD8, 0x5E, 0x25, 0x16, 0x0C, 0xF1, 0x31, 0x70, 0x07, 0x03, 0x16, 0x83, 
    0x2C, 0x07, 0x2D, 0x07, 0x16, 0x56, 0xCA, 0x18, 0x8A, 0x04, 0x02, 0xBC, 
    0x05, 0x00, 0x00, 0x24, 0x02, 0xBD, 0x05, 0x00, 0x00, 0x2B, 0x08, 0xD0, 
    0xE3, 0xC2, 0x69, 0x73, 0x5F, 0x80, 0xDD, 0x61, 0x6D, 0x65, 0x64, 0x00, 
    0x2B, 0x2F, 0x30, 0xF7, 0x46, 0x4F, 0x6E, 0x47, 0x72, 0x6F, 0x75, 0x6E, 
    0x64, 0x45, 0x78, 0x63, 0x65, 0x70, 0x74, 0x80, 0x31, 0x81, 0x6F, 0x6E, 
    0x73, 0x00, 0x2B, 0x37, 0xE0, 0xA2, 0x84, 0x54, 0x72, 0x69, 0x63, 0x6B, 
    0x5F, 0x48, 0x61, 0x6E, 0x64, 0x73, 0x74, 0x61, 0x6E, 0x64, 0x35, 0x30, 
    0x35, 0x30, 0x5F, 0x46, 0x53, 0x00, 0x2B, 0x46, 0xE0, 0xC8, 0x40, 0x45, 
    0x78, 0x74, 0x72, 0x61, 0x5F, 0x35, 0x30, 0x35, 0x30, 0x5F, 0x46, 0x53, 
    0x00, 0x2B, 0x47, 0x00, 0x4B, 0xCF, 0x48, 0x75, 0x6D, 0x61, 0x6E, 0x44, 
    0x61, 0x72, 0x74, 0x5F, 0x4F, 0x75, 0x74, 0x00, 0x2B, 0x4D, 0x80, 0xA7, 
    0x8C, 0x54, 0x72, 0x80, 0xB1, 0x63, 0x6B, 0x5F, 0x47, 0x75, 0x69, 0x74, 
    0x61, 0x72, 0x53, 0x6C, 0x69, 0x64, 0x80, 0xA9, 0x32, 0x00, 0x2B, 0x5C, 
    0x90, 0x86, 0x28, 0x42, 0x53, 0x4F, 0x76, 0x80, 0x1D, 0x80, 0x72, 0x63, 
    0x72, 0x6F, 0x6F, 0x6B, 0x5F, 0x72, 0x61, 0x6E, 0x67, 0x65, 0x00, 0x2B, 
    0x5F, 0xF0, 0x96, 0x78, 0x54, 0x61, 0x69, 0x6C, 0x47, 0x72, 0x69, 0x6E, 
    0x64, 0x5F, 0x52, 0x61, 0x6E, 0x67, 0x65, 0x00, 0x2B, 0x63, 0x10, 0xBF, 
    0xE9, 0x54, 0x80, 0x05, 0x80, 0x69, 0x63, 0x6B, 0x5F, 0x48, 0x75, 0x6D, 
    0x61, 0x6E, 0x44, 0x61, 0x72, 0x74, 0x5F, 0x46, 0x53, 0x5F, 0x31, 0x38, 
    0x30, 0x00, 0x2B, 0x72, 0x50, 0x87, 0xD7, 0x54, 0x72, 0x69, 0x63, 0x6B, 
    0x5F, 0x48, 0x61, 0x80, 0x11, 0x81, 0x67, 0x54, 0x65, 0x6E, 0x4E, 0x6F, 
    0x73, 0x65, 0x47, 0x72, 0x69, 0x6E, 0x64, 0x5F, 0x46, 0x53, 0x00, 0x2B, 
    0x79, 0xD0, 0x90, 0xC0, 0x54, 0x72, 0x69, 0x63, 0x6B, 0x5F, 0x46, 0x65, 
    0x65, 0x62, 0x6C, 0x65, 0x5F, 0x42, 0x53, 0x00, 0x2B, 0x84, 0xD0, 0x8F, 
    0xE4, 0x53, 0x77, 0x69, 0x74, 0x63, 0x68, 0x4F, 0x66, 0x66, 0x41, 0x74, 
    0x6F, 0x6D, 0x69, 0x63, 0x00, 0x2B, 0x87, 0x20, 0x87, 0xE1, 0x54, 0x72, 
    0x69, 0x63, 0x6B, 0x80, 0xFD, 0x4C, 0x61, 0x69, 0x64, 0x42, 0x61, 0x63, 
    0x6B, 0x5F, 0x46, 0x53, 0x5F, 0x31, 0x38, 0x30, 0x00, 0x2B, 0x8B, 0x50, 
    0x77, 0x90, 0x47, 0x72, 0x69, 0x6E, 0x64, 0x52, 0x65, 0x6C, 0x65, 0x61, 
    0x73, 0x80, 0xA5, 0x00, 0x2B, 0xA2, 0xF0, 0x94, 0xE5, 0x54, 0x72, 0x69, 
    0x67, 0x80, 0xA5, 0x65, 0x72, 0x00, 0x2B, 0xA5, 0xD0, 0x79, 0x9B, 0x48, 
    0x61, 0x80, 0x89, 0x67, 0x54, 0x65, 0x80, 0xAD, 0x4E, 0x6F, 0x73, 0x65, 
    0x47, 0x72, 0x69, 0x6E, 0x64, 0x5F, 0x49, 0x6E, 0x80, 0x21, 0x84, 0x74, 
    0x00, 0x2B, 0xB0, 0xA0, 0xCD, 0xDD, 0x41, 0x6D, 0x65, 0x72, 0x69, 0x63, 
    0x61, 0x6E, 0x48, 0x65, 0x72, 0x6F, 0x47, 0x72, 0x69, 0x6E, 0x64, 0x5F, 
    0x6F, 0x75, 0x74, 0x00, 0x2B, 0xB0, 0x60, 0xC2, 0x01, 0x54, 0x72, 0x69, 
    0x63, 0x6B, 0x5F, 0x35, 0x5F, 0x30, 0x5F, 0x46, 0x53, 0x5F, 0x31, 0x38, 
    0x30, 0x00, 0x2B, 0xB7, 0x40, 0x3D, 0x1A, 0x54, 0x72, 0x69, 0x63, 0x6B, 
    0x5F, 0x54, 0x61, 0x69, 0x6C, 0x62, 0x6C, 0x6F, 0x63, 0x6B, 0x53, 0x6C, 
    0x69, 0x64, 0x65, 0x5F, 0x42, 0x53, 0x00, 0x2B, 0xBB, 0x60, 0x49, 0x45, 
    0x44, 0x61, 0x72, 0x6B, 0x73, 0x6C, 0x69, 0x64, 0x65, 0x5F, 0x4F, 0x75, 
    0x74, 0x00, 0x2B, 0xBD, 0xD0, 0x5C, 0xDF, 0x54, 0x72, 0x69, 0x63, 0x6B, 
    0x5F, 0x48, 0x75, 0x6C, 0x61, 0x48, 0x6F, 0x6F, 0x70, 0x32, 0x5F, 0x31, 
    0x38, 0x30, 0x00, 0x2B, 0xC7, 0x80, 0x40, 0x68, 0x48, 0x75, 0x6C, 0x61, 
    0x48, 0x6F, 0x6F, 0x70, 0x47, 0x72, 0x69, 0x6E, 0x64, 0x5F, 0x6F, 0x75, 
    0x74, 0x00, 0x2B, 0xD6, 0x90, 0x92, 0xDE, 0x54, 0x72, 0x69, 0x63, 0x6B, 
    0x5F, 0x44, 0x61, 0x72, 0x6B, 0x73, 0x6C, 0x69, 0x64, 0x65, 0x5F, 0x46, 
    0x80, 0xCD, 0x5F, 0x31, 0x38, 0x30, 0x00, 0x2B, 0xDE, 0xE0, 0x72, 0x91, 
    0x42, 0x53, 0x53, 0x61, 0x6C, 0x61, 0x64, 0x47, 0x72, 0x69, 0x80, 0x91, 
    0x64, 0x5F, 0x49, 0x6E, 0x69, 0x80, 0x09, 0x80, 0x00, 0x2B, 0x02, 0x51, 
    0x85, 0x6E, 0x45, 0x78, 0x74, 0x72, 0x61, 0x74, 0x72, 0x69, 0x63, 0x6B, 
    0x73, 0x00, 0x2B, 0x03, 0x61, 0xFC, 0x16, 0x42, 0x69, 0x67, 0x48, 0x69, 
    0x74, 0x74, 0x65, 0x72, 0x5F, 0x49, 0x6E, 0x80, 0xB9, 0x74, 0x00, 0x2B, 
    0x0B, 0x71, 0xEB, 0x41, 0x4E, 0x6F, 0x6C, 0x6C, 0x69, 0x65, 0x4F, 0x6E, 
    0x84, 0x01, 0x82, 0x0C, 0xF1, 0x31, 0x70, 0x50, 0x61, 0x72, 0x61, 0x6D, 
    0x73, 0x00, 0x2B, 0x1D, 0xB1, 0x1C, 0x9B, 0x54, 0x72, 0x69, 0x63, 0x6B, 
    0x5F, 0x46, 0x65, 0x65, 0x62, 0x6C, 0x65, 0x5F, 0x46, 0x53, 0x5F, 0x72, 
    0x6F, 0x74, 0x00, 0x2B, 0x1E, 0xE1, 0x9B, 0xCE, 0x54, 0x72, 0x69, 0x63, 
    0x6B, 0x5F, 0x52, 0x6F, 0x77, 0x6C, 0x65, 0x79, 0x44, 0x61, 0x72, 0x6B, 
    0x53, 0x6C, 0x69, 0x64, 0x65, 0x5F, 0x46, 0x53, 0x00, 0x2B, 0x26, 0x41, 
    0xEC, 0x6B, 0x54, 0x61, 0x69, 0x6C, 0x62, 0x6C, 0x6F, 0x63, 0x6B, 0x53, 
    0x6C, 0x69, 0x64, 0x65, 0x5F, 0x49, 0x6E, 0x69, 0x74, 0x00, 0x2B, 0x26, 
    0x41, 0x60, 0xD8, 0x70, 0x8C, 0x41, 0x81, 0x00, 0x2B, 0x28, 0xC1, 0xD0, 
    0x07, 0x53, 0x77, 0x69, 0x74, 0x63, 0x68, 0x4F, 0x6E, 0x41, 0x74, 0x6F, 
    0x6D, 0x69, 0x63, 0x00, 0x2B, 0x31, 0xE1, 0x69, 0x68, 0x54, 0x61, 0x69, 
    0x6C, 0x73, 0x6C, 0x69, 0x64, 0x65, 0x5F, 0x72, 0x61, 0x6E, 0x67, 0x65, 
    0x00, 0x2B, 0x31, 0xC1, 0x4F, 0x11, 0x41, 0x63, 0x74, 0x75, 0x61, 0x74, 
    0x6F, 0x72, 0x00, 0x2B, 0x36, 0xC1, 0x11, 0x36, 0x47, 0x65, 0x74, 0x54, 
    0x61, 0x67, 0x73, 0x00, 0x2B, 0x44, 0x41, 0x67, 0x67, 0x54, 0x72, 0x69, 
    0x63, 0x6B, 0x5F, 0x4E, 0x80, 0x2D, 0x80, 0x73, 0x65, 0x53, 0x6C, 0x69, 
    0x64, 0x65, 0x5F, 0x46, 0x53, 0x5F, 0x6F, 0x6B, 0x00, 0x2B, 0x47, 0x21, 
    0xD7, 0xBB, 0x54, 0x72, 0x69, 0x63, 0x6B, 0x5F, 0x4E, 0x6F, 0x73, 0x65, 
    0x53, 0x6C, 0x69, 0x64, 0x65, 0x4C, 0x69, 0x70, 0x53, 0x6C, 0x69, 0x64, 
    0x65, 0x5F, 0x42, 0x80, 0x45, 0x80, 0x5F, 0x31, 0x38, 0x30, 0x00, 0x2B, 
    0x49, 0xA1, 0xD7, 0xD7, 0x46, 0x53, 0x43, 0x72, 0x6F, 0x6F, 0x6B, 0x65, 
    0x64, 0x5F, 0x72, 0x61, 0x6E, 0x67, 0x65, 0x00, 0x2B, 0x14, 0x00, 0x22, 
    0x82, 0x49, 0x73, 0x50, 0x73, 0x32, 0x00, 0x2B, 0x4E, 0x51, 0xEF, 0xDD, 
    0x54, 0x72, 0x69, 0x63, 0x6B, 0x5F, 0x48, 0x61, 0x80, 0x71, 0x80, 0x67, 
    0x54, 0x65, 0x6E, 0x4E, 0x6F, 0x73, 0x65, 0x47, 0x72, 0x69, 0x6E, 0x64, 
    0x5F, 0x42, 0x53, 0x5F, 0x31, 0x38, 0x30, 0x00, 0x2B, 0x5C, 0xF1, 0x65, 
    0xDB, 0x54, 0x72, 0x69, 0x63, 0x6B, 0x5F, 0x4E, 0x6F, 0x73, 0x65, 0x53, 
    0x6C, 0x69, 0x64, 0x65, 0x4C, 0x69, 0x70, 0x53, 0x6C, 0x69, 0x64, 0x65, 
    0x5F, 0x42, 0x53, 0x00, 0x2B, 0x5E, 0x51, 0x21, 0x2F, 0x49, 0x6E, 0x69, 
    0x80, 0xFD, 0x5F, 0x42, 0x53, 0x4E, 0x6F, 0x73, 0x65, 0x62, 0x6C, 0x75, 
    0x6E, 0x74, 0x00, 0x2B, 0x62, 0x61, 0xE2, 0xB1, 0x54, 0x72, 0x69, 0x63, 
    0x6B, 0x5F, 0x4E, 0x47, 0x43, 0x72, 0x6F, 0x6F, 0x6B, 0x5F, 0x80, 0xF5, 
    0x53, 0x5F, 0x31, 0x38, 0x30, 0x00, 0x2B, 0x68, 0x51, 0x1D, 0x0E, 0x42, 
    0x61, 0x69, 0x6C, 0x49, 0x73, 0x4F, 0x6E, 0x00, 0x2B, 0x79, 0xE1, 0x28, 
    0x44, 0x54, 0x72, 0x69, 0x63, 0x6B, 0x80, 0x15, 0x89, 0x45, 0x6C, 0x62, 
    0x6F, 0x77, 0x53, 0x6D, 0x61, 0x73, 0x68, 0x32, 0x5F, 0x31, 0x38, 0x30, 
    0x00, 0x2B, 0x7A, 0x21, 0x4E, 0xF6, 0x54, 0x72, 0x69, 0x63, 0x6B, 0x5F, 
    0x51, 0x75, 0x69, 0x63, 0x6B, 0x44, 0x72, 0x61, 0x77, 0x32, 0x5F, 0x31, 
    0x38, 0x30, 0x00, 0x2B, 0x7B, 0x71, 0x66, 0xCF, 0x47, 0x6F, 0x74, 0x50, 
    0x61, 0x72, 0x61, 0x6D, 0x00, 0x2B, 0x8A, 0x41, 0x01, 0x4D, 0x54, 0x72, 
    0x69, 0x63, 0x6B, 0x5F, 0x42, 0x6F, 0x6F, 0x6D, 0x42, 0x6F, 0x78, 0x5F, 
    0x46, 0x53, 0x00, 0x2B, 0x90, 0x01, 0x26, 0x49, 0x54, 0x72, 0x69, 0x63, 
    0x6B, 0x5F, 0x54, 0x61, 0x69, 0x6C, 0x73, 0x6C, 0x69, 0x64, 0x65, 0x5F, 
    0x42, 0x53, 0x00, 0x2B, 0x9A, 0x31, 0x3E, 0xAC, 0x43, 0x61, 0x72, 0x74, 
    0x77, 0x68, 0x65, 0x65, 0x6C, 0x54, 0x6F, 0x35, 0x30, 0x35, 0x30, 0x00, 
    0x2B, 0x9D, 0x11, 0x10, 0x8D, 0x53, 0x6C, 0x69, 0x64, 0x65, 0x00, 0x2B, 
    0xA3, 0x81, 0xDD, 0xD3, 0x54, 0x72, 0x69, 0x63, 0x6B, 0x5F, 0x46, 0x65, 
    0x72, 0x72, 0x65, 0x74, 0x46, 0x69, 0x67, 0x68, 0x74, 0x32, 0x00, 0x2B, 
    0xA9, 0x01, 0x7B, 0x02, 0x54, 0x72, 0x69, 0x63, 0x6B, 0x5F, 0x53, 0x61, 
    0x6C, 0x61, 0x64, 0x5F, 0x46, 0x53, 0x00, 0x2B, 0xAA, 0x61, 0x19, 0x87, 
    0x54, 0x72, 0x69, 0x63, 0x6B, 0x5F, 0x4E, 0x6F, 0x73, 0x65, 0x67, 0x72, 
    0x69, 0x6E, 0x64, 0x50, 0x69, 0x76, 0x6F, 0x74, 0x5F, 0x42, 0x53, 0x5F, 
    0x31, 0x38, 0x30, 0x00, 0x2B, 0xAD, 0xE1, 0xE5, 0x94, 0x54, 0x72, 0x69, 
    0x63, 0x6B, 0x5F, 0x53, 0x61, 0x6C, 0x61, 0x64, 0x5F, 0x46, 0x53, 0x5F, 
    0x31, 0x38, 0x30, 0x00, 0x2B, 0xB6, 0x01, 0x10, 0x3B, 0x47, 0x72, 0x6F, 
    0x75, 0x6E, 0x64, 0x47, 0x6F, 0x6E, 0x65, 0x00, 0x2B, 0xC0, 0xA1, 0x4B, 
    0x65, 0x54, 0x72, 0x69, 0x63, 0x6B, 0x5F, 0x42, 0x6F, 0x6F, 0x6D, 0x42, 
    0x6F, 0x78, 0x5F, 0x46, 0x53, 0x5F, 0x31, 0x38, 0x30, 0x00, 0x2B, 0xD2, 
    0xC1, 0x2B, 0xF8, 0x41, 0x6E, 0x64, 0x4D, 0x61, 0x6E, 0x75, 0x61, 0x6C, 
    0x73, 0x00, 0x2B, 0xD3, 0x71, 0x8E, 0xE0, 0x53, 0x6B, 0x61, 0x74, 0x65, 
    0x49, 0x6E, 0x4C, 0x61, 0x6E, 0x64, 0x00, 0x2B, 0xDB, 0x11, 0xEE, 0xD4, 
    0x54, 0x72, 0x69, 0x63, 0x6B, 0x5F, 0x4E, 0x47, 0x43, 0x52, 0x6F, 0x80, 
    0xCD, 0x6B, 0x5F, 0x46, 0x53, 0x00, 0x2B, 0xDF, 0x41, 0xC3, 0xEC, 0x62, 
    0x6F, 0x61, 0x72, 0x64, 0x73, 0x63, 0x75, 0x66, 0x66, 0x84, 0x39, 0x81, 
    0xE3, 0x41, 0x16, 0x0F, 0x53, 0x74, 0x72, 0x65, 0x61, 0x6D, 0x00, 0x2B, 
    0xEF, 0x61, 0x49, 0xA5, 0x54, 0x72, 0x69, 0x63, 0x6B, 0x5F, 0x42, 0x69, 
    0x67, 0x48, 0x69, 0x74, 0x74, 0x65, 0x72, 0x5F, 0x42, 0x53, 0x00, 0x2B, 
    0xF9, 0x81, 0xDC, 0xA1, 0x4E, 0x61, 0x6D, 0x65, 0x00, 0x2B, 0xFB, 0xA1, 
    0x89, 0xCB, 0x46, 0x53, 0x46, 0x65, 0x65, 0x62, 0x6C, 0x65, 0x4C, 0x61, 
    0x79, 0x62, 0x61, 0x63, 0x6B, 0x5F, 0x52, 0x61, 0x6E, 0x67, 0x65, 0x00, 
    0x2B, 0x01, 0x42, 0xFE, 0x6A, 0x54, 0x72, 0x80, 0xC9, 0x63, 0x6B, 0x5F, 
    0x46, 0x61, 0x6C, 0x63, 0x6F, 0x6E, 0x53, 0x6C, 0x69, 0x64, 0x65, 0x32, 
    0x5F, 0x31, 0x38, 0x30, 0x84, 0x4D, 0x83, 0x03, 0x12, 0x94, 0x6D, 0x57, 
    0x6F, 0x62, 0x62, 0x6C, 0x65, 0x00, 0x2B, 0x04, 0xD2, 0xAE, 0xF7, 0x53, 
    0x6D, 0x69, 0x74, 0x68, 0x46, 0x53, 0x5F, 0x49, 0x6E, 0x69, 0x74, 0x00, 
    0x2B, 0x17, 0xB2, 0x23, 0x7D, 0x54, 0x72, 0x69, 0x63, 0x6B, 0x5F, 0x4E, 
    0x6F, 0x73, 0x65, 0x67, 0x72, 0x69, 0x6E, 0x64, 0x50, 0x69, 0x76, 0x6F, 
    0x74, 0x5F, 0x46, 0x53, 0x00, 0x2B, 0x18, 0x12, 0x49, 0x58, 0x42, 0x61, 
    0x73, 0x6B, 0x65, 0x74, 0x62, 0x61, 0x6C, 0x6C, 0x53, 0x6C, 0x69, 0x64, 
    0x65, 0x5F, 0x49, 0x6E, 0x69, 0x74, 0x00, 0x2B, 0x33, 0xA2, 0x05, 0xDB, 
    0x4F, 0x62, 0x6A, 0x5F, 0x50, 0x6C, 0x61, 0x79, 0x53, 0x74, 0x72, 0x65, 
    0x61, 0x6D, 0x00, 0x2B, 0x36, 0xB2, 0x99, 0x96, 0x52, 0x6F, 0x63, 0x6B, 
    0x65, 0x74, 0x46, 0x53, 0x5F, 0x49, 0x6E, 0x69, 0x74, 0x00, 0x2B, 0x3A, 
    0x42, 0xE0, 0x7C, 0x66, 0x6C, 0x61, 0x67, 0x5F, 0x44, 0x65, 0x74, 0x61, 
    0x69, 0x6C, 0x73, 0x00, 0x2B, 0x41, 0x62, 0x82, 0x0A, 0x54, 0x72, 0x80, 
    0x01, 0x82, 0x63, 0x6B, 0x5F, 0x47, 0x75, 0x69, 0x74, 0x61, 0x72, 0x53, 
    0x6C, 0x69, 0x64, 0x65, 0x32, 0x5F, 0x31, 0x38, 0x30, 0x00, 0x2B, 0x51, 
    0x32, 0x81, 0xD5, 0x4B, 0x69, 0x6C, 0x6C, 0x45, 0x78, 0x74, 0x72, 0x61, 
    0x54, 0x72, 0x69, 0x63, 0x6B, 0x73, 0x00, 0x2B, 0x59, 0xD2, 0xBA, 0x16, 
    0x66, 0x61, 0x6E, 0x64, 0x61, 0x6E, 0x67, 0x6C, 0x65, 0x5F, 0x52, 0x61, 
    0x6E, 0x67, 0x65, 0x00, 0x2B, 0x69, 0xF2, 0x25, 0x09, 0x47, 0x75, 0x69, 
    0x74, 0x61, 0x72, 0x5F, 0x49, 0x64, 0x6C, 0x65, 0x00, 0x2B, 0x6B, 0x32, 
    0x8D, 0x77, 0x46, 0x53, 0x42, 0x6F, 0x61, 0x72, 0x64, 0x73, 0x6C, 0x69, 
    0x64, 0x65, 0x5F, 0x80, 0xA9, 0x61, 0x6E, 0x67, 0x65, 0x00, 0x2B, 0x75, 
    0x52, 0x2E, 0x72, 0x54, 0x80, 0x25, 0x81, 0x69, 0x63, 0x6B, 0x5F, 0x48, 
    0x75, 0x6D, 0x61, 0x6E, 0x44, 0x61, 0x72, 0x74, 0x5F, 0x42, 0x53, 0x5F, 
    0x31, 0x38, 0x30, 0x00, 0x2B, 0x78, 0x92, 0x68, 0x20, 0x54, 0x72, 0x69, 
    0x61, 0x6E, 0x67, 0x6C, 0x65, 0x00, 0x2B, 0x7A, 0xB2, 0x4B, 0x3C, 0x54, 
    0x72, 0x69, 0x63, 0x6B, 0x5F, 0x4E, 0x6F, 0x73, 0x65, 0x42, 0x6C, 0x75, 
    0x6E, 0x74, 0x53, 0x6C, 0x69, 0x64, 0x65, 0x5F, 0x46, 0x53, 0x00, 0x2B, 
    0x91, 0x62, 0x16, 0x7A, 0x54, 0x72, 0x69, 0x63, 0x6B, 0x80, 0x25, 0x83, 
    0x4C, 0x61, 0x69, 0x64, 0x42, 0x61, 0x63, 0x6B, 0x5F, 0x42, 0x53, 0x5F, 
    0x31, 0x38, 0x30, 0x00, 0x2B, 0x91, 0x72, 0x1E, 0x0B, 0x50, 0x6C, 0x61, 
    0x79, 0x41, 0x6E, 0x69, 0x6D, 0x00, 0x2B, 0x93, 0x12, 0x3E, 0x13, 0x53, 
    0x65, 0x74, 0x4C, 0x61, 0x6E, 0x64, 0x65, 0x64, 0x46, 0x72, 0x6F, 0x6D, 
    0x56, 0x65, 0x72, 0x74, 0x00, 0x2B, 0x97, 0x32, 0xD0, 0xD3, 0x42, 0x62, 
    0x61, 0x6C, 0x6C, 0x69, 0x6E, 0x53, 0x6C, 0x69, 0x64, 0x65, 0x00, 0x2B, 
    0x9E, 0x32, 0x87, 0x58, 0x54, 0x72, 0x69, 0x63, 0x6B, 0x5F, 0x48, 0x75, 
    0x72, 0x72, 0x69, 0x63, 0x61, 0x6E, 0x65, 0x5F, 0x42, 0x53, 0x00, 0x2B, 
    0xA6, 0x22, 0x53, 0x9A, 0x54, 0x72, 0x69, 0x63, 0x6B, 0x5F, 0x35, 0x5F, 
    0x30, 0x5F, 0x42, 0x53, 0x5F, 0x31, 0x38, 0x30, 0x00, 0x2B, 0xAB, 0x22, 
    0x7A, 0x19, 0x43, 0x61, 0x6C, 0x6C, 0x49, 0x6E, 0x73, 0x74, 0x65, 0x61, 
    0x64, 0x4F, 0x66, 0x47, 0x6F, 0x74, 0x80, 0x09, 0x80, 0x00, 0x2B, 0xB1, 
    0xB2, 0x51, 0x51, 0x50, 0x6C, 0x61, 0x79, 0x53, 0x6F, 0x75, 0x6E, 0x64, 
    0x00, 0x2B, 0xB8, 0xD2, 0xE3, 0xEF, 0x42, 0x61, 0x73, 0x6B, 0x65, 0x74, 
    0x62, 0x61, 0x6C, 0x6C, 0x53, 0x6C, 0x69, 0x64, 0x80, 0x75, 0x81, 0x5F, 
    0x6F, 0x75, 0x74, 0x00, 0x2B, 0xBC, 0xE2, 0x2E, 0x4B, 0x53, 0x65, 0x74, 
    0x54, 0x72, 0x69, 0x63, 0x6B, 0x4E, 0x61, 0x6D, 0x65, 0x00, 0x2B, 0xC0, 
    0xD2, 0x03, 0x45, 0x54, 0x72, 0x69, 0x63, 0x6B, 0x5F, 0x44, 0x61, 0x72, 
    0x6B, 0x73, 0x6C, 0x69, 0x64, 0x65, 0x5F, 0x42, 0x53, 0x5F, 0x31, 0x38, 
    0x30, 0x00, 0x2B, 0xD1, 0x92, 0xBC, 0xFF, 0x54, 0x72, 0x69, 0x63, 0x6B, 
    0x5F, 0x4E, 0x6F, 0x73, 0x65, 0x53, 0x6C, 0x69, 0x64, 0x65, 0x4C, 0x69, 
    0x70, 0x53, 0x6C, 0x69, 0x64, 0x65, 0x5F, 0x46, 0x53, 0x5F, 0x6F, 0x6B, 
    0x00, 0x2B, 0xDC, 0x22, 0xF8, 0x9F, 0x49, 0x6E, 0x69, 0x80, 0x21, 0x82, 
    0x5F, 0x46, 0x53, 0x4E, 0x6F, 0x73, 0x65, 0x62, 0x6C, 0x75, 0x6E, 0x74, 
    0x00, 0x2B, 0xE9, 0xD2, 0x66, 0x00, 0x43, 0x6C, 0x65, 0x61, 0x72, 0x45, 
    0x78, 0x63, 0x65, 0x70, 0x74, 0x69, 0x6F, 0x6E, 0x00, 0x2B, 0xF1, 0x32, 
    0x27, 0x8A, 0x46, 0x72, 0x6F, 0x67, 0x67, 0x79, 0x47, 0x72, 0x69, 0x6E, 
    0x64, 0x5F, 0x49, 0x64, 0x6C, 0x65, 0x00, 0x2B, 0xF3, 0xA2, 0xBA, 0xAA, 
    0x54, 0x72, 0x69, 0x63, 0x6B, 0x5F, 0x4C, 0x61, 0x69, 0x64, 0x42, 0x61, 
    0x63, 0x6B, 0x5F, 0x46, 0x53, 0x00, 0x2B, 0x08, 0xA3, 0x75, 0x13, 0x47, 
    0x75, 0x69, 0x74, 0x61, 0x72, 0x5F, 0x49, 0x6E, 0x69, 0x74, 0x00, 0x2B, 
    0x18, 0x23, 0x48, 0x7D, 0x49, 0x6E, 0x4F, 0x72, 0x64, 0x80, 0x0D, 0x81, 
    0x72, 0x00, 0x2B, 0x32, 0xC3, 0x07, 0x4A, 0x66, 0x72, 0x61, 0x6D, 0x65, 
    0x00, 0x2B, 0x34, 0xD3, 0x55, 0x2C, 0x46, 0x53, 0x48, 0x75, 0x72, 0x72, 
    0x69, 0x63, 0x61, 0x6E, 0x65, 0x47, 0x72, 0x69, 0x6E, 0x64, 0x5F, 0x49, 
    0x6E, 0x69, 0x74, 0x00, 0x2B, 0x35, 0xA3, 0x36, 0x54, 0x53, 0x70, 0x61, 
    0x72, 0x6B, 0x73, 0x4F, 0x66, 0x66, 0x00, 0x2B, 0x3F, 0x83, 0xD7, 0x46, 
    0x42, 0x53, 0x53, 0x6D, 0x69, 0x74, 0x68, 0x5F, 0x80, 0xD1, 0x61, 0x6E, 
    0x67, 0x65, 0x00, 0x2B, 0x42, 0x83, 0x3B, 0x82, 0x50, 0x72, 0x65, 0x73, 
    0x73, 0x00, 0x2B, 0x4D, 0xC3, 0xFB, 0xF3, 0x80, 0x81, 0x72, 0x80, 0x19, 
    0x81, 0x63, 0x6B, 0x5F, 0x52, 0x6F, 0x63, 0x6B, 0x65, 0x74, 0x54, 0x61, 
    0x69, 0x6C, 0x73, 0x6C, 0x69, 0x64, 0x65, 0x5F, 0x42, 0x53, 0x00, 0x2B, 
    0x51, 0x63, 0x46, 0x20, 0x54, 0x72, 0x69, 0x63, 0x6B, 0x5F, 0x4E, 0x6F, 
    0x73, 0x65, 0x53, 0x6C, 0x69, 0x64, 0x65, 0x4C, 0x69, 0x70, 0x53, 0x6C, 
    0x69, 0x64, 0x65, 0x5F, 0x46, 0x53, 0x5F, 0x31, 0x38, 0x30, 0x00, 0x2B, 
    0x58, 0x13, 0x7E, 0x46, 0x54, 0x72, 0x69, 0x63, 0x6B, 0x5F, 0x48, 0x61, 
    0x80, 0x4D, 0x80, 0x67, 0x54, 0x65, 0x6E, 0x4E, 0x6F, 0x73, 0x65, 0x47, 
    0x72, 0x69, 0x6E, 0x64, 0x5F, 0x46, 0x53, 0x5F, 0x31, 0x38, 0x30, 0x00, 
    0x2B, 0x58, 0x03, 0x16, 0x37, 0x54, 0x72, 0x69, 0x63, 0x6B, 0x5F, 0x66, 
    0x61, 0x6E, 0x64, 0x61, 0x6E, 0x67, 0x6C, 0x65, 0x5F, 0x46, 0x53, 0x00, 
    0x2B, 0x62, 0x43, 0x8A, 0x61, 0x49, 0x6E, 0x80, 0x45, 0x80, 0x74, 0x5F, 
    0x42, 0x53, 0x42, 0x6F, 0x61, 0x72, 0x64, 0x73, 0x6C, 0x69, 0x64, 0x65, 
    0x00, 0x2B, 0x74, 0x23, 0x73, 0x2A, 0x54, 0x72, 0x69, 0x63, 0x6B, 0x5F, 
    0x4E, 0x47, 0x43, 0x52, 0x6F, 0x6F, 0x6B, 0x5F, 0x46, 0x53, 0x5F, 0x31, 
    0x38, 0x30, 0x00, 0x2B, 0x77, 0xB3, 0xBC, 0x13, 0x53, 0x70, 0x65, 0x63, 
    0x80, 0x61, 0x86, 0x61, 0x6C, 0x49, 0x74, 0x65, 0x6D, 0x5F, 0x64, 0x65, 
    0x74, 0x61, 0x69, 0x6C, 0x73, 0x00, 0x2B, 0x79, 0x43, 0x19, 0x42, 0x42, 
    0x61, 0x73, 0x6B, 0x65, 0x74, 0x62, 0x61, 0x6C, 0x6C, 0x53, 0x6C, 0x69, 
    0x64, 0x65, 0x5F, 0x49, 0x64, 0x6C, 0x65, 0x00, 0x2B, 0x7F, 0xA3, 0x9F, 
    0xAD, 0x67, 0x6F, 0x74, 0x6F, 0x00, 0x2B, 0x90, 0x63, 0x77, 0x90, 0x46, 
    0x72, 0x6F, 0x67, 0x67, 0x79, 0x47, 0x72, 0x69, 0x6E, 0x64, 0x5F, 0x49, 
    0x6E, 0x69, 0x74, 0x00, 0x2B, 0x97, 0x73, 0x21, 0xA8, 0x54, 0x72, 0x69, 
    0x63, 0x6B, 0x5F, 0x44, 0x6F, 0x75, 0x62, 0x6C, 0x65, 0x42, 0x6C, 0x75, 
    0x6E, 0x74, 0x53, 0x6C, 0x69, 0x64, 0x65, 0x32, 0x5F, 0x31, 0x38, 0x30, 
    0x00, 0x2B, 0x97, 0x63, 0x6D, 0x21, 0x43, 0x72, 0x6F, 0x6F, 0x6B, 0x42, 
    0x69, 0x67, 0x53, 0x70, 0x69, 0x6E, 0x46, 0x6C, 0x69, 0x70, 0x43, 0x72, 
    0x6F, 0x6F, 0x6B, 0x00, 0x2B, 0x9A, 0xA3, 0x48, 0x9E, 0x4F, 0x75, 0x74, 
    0x41, 0x6E, 0x69, 0x6D, 0x42, 0x61, 0x63, 0x6B, 0x77, 0x61, 0x72, 0x64, 
    0x73, 0x00, 0x2B, 0xB0, 0x13, 0xE6, 0x56, 0x54, 0x72, 0x69, 0x63, 0x6B, 
    0x5F, 0x43, 0x72, 0x61, 0x69, 0x6C, 0x53, 0x6C, 0x69, 0x64, 0x65, 0x5F, 
    0x46, 0x53, 0x00, 0x2B, 0xB7, 0x93, 0xB9, 0x71, 0x53, 0x65, 0x74, 0x47, 
    0x72, 0x69, 0x6E, 0x64, 0x54, 0x77, 0x65, 0x61, 0x6B, 0x00, 0x2B, 0xBB, 
    0xA3, 0x74, 0x0F, 0x54, 0x72, 0x69, 0x63, 0x6B, 0x5F, 0x53, 0x61, 0x6C, 
    0x61, 0x64, 0x5F, 0x42, 0x53, 0x5F, 0x31, 0x38, 0x30, 0x00, 0x2B, 0xBC, 
    0x23, 0x88, 0x1C, 0x54, 0x72, 0x69, 0x63, 0x6B, 0x5F, 0x4E, 0x6F, 0x73, 
    0x65, 0x67, 0x72, 0x69, 0x6E, 0x64, 0x50, 0x69, 0x76, 0x6F, 0x74, 0x5F, 
    0x80, 0x05, 0x81, 0x53, 0x5F, 0x31, 0x38, 0x30, 0x00, 0x2B, 0xC2, 0x23, 
    0x2B, 0xE6, 0x46, 0x69, 0x66, 0x74, 0x79, 0x46, 0x69, 0x66, 0x74, 0x79, 
    0x46, 0x61, 0x6C, 0x6C, 0x00, 0x2B, 0xD6, 0xE3, 0xDA, 0xFE, 0x54, 0x72, 
    0x69, 0x63, 0x6B, 0x5F, 0x42, 0x6F, 0x6F, 0x6D, 0x42, 0x6F, 0x78, 0x5F, 
    0x42, 0x53, 0x5F, 0x31, 0x38, 0x30, 0x00, 0x2B, 0xDC, 0xC3, 0x88, 0x01, 
    0x46, 0x4C, 0x41, 0x47, 0x5F, 0x53, 0x4B, 0x41, 0x54, 0x80, 0x55, 0x80, 
    0x52, 0x5F, 0x52, 0x45, 0x56, 0x45, 0x52, 0x54, 0x43, 0x48, 0x45, 0x45, 
    0x53, 0x45, 0x00, 0x2B, 0xF4, 0xC3, 0x21, 0x7A, 0x54, 0x72, 0x69, 0x63, 
    0x6B, 0x5F, 0x44, 0x61, 0x66, 0x66, 0x79, 0x42, 0x72, 0x6F, 0x6B, 0x65, 
    0x6E, 0x47, 0x72, 0x69, 0x6E, 0x64, 0x32, 0x5F, 0x31, 0x38, 0x30, 0x00, 
    0x2B, 0x03, 0xA4, 0xA3, 0x65, 0x45, 0x80, 0x05, 0x84, 0x72, 0x6C, 0x79, 
    0x4F, 0x75, 0x74, 0x00, 0x2B, 0x04, 0x44, 0x72, 0x61, 0x43, 0x72, 0x61, 
    0x69, 0x6C, 0x53, 0x6C, 0x69, 0x64, 0x65, 0x5F, 0x52, 0x61, 0x6E, 0x67, 
    0x65, 0x00, 0x2B, 0x11, 0x34, 0x3C, 0x0A, 0x54, 0x72, 0x69, 0x63, 0x6B, 
    0x5F, 0x4E, 0x6F, 0x73, 0x65, 0x53, 0x6C, 0x69, 0x64, 0x65, 0x4C, 0x69, 
    0x70, 0x53, 0x6C, 0x69, 0x64, 0x65, 0x5F, 0x42, 0x53, 0x5F, 0x6F, 0x6B, 
    0x00, 0x2B, 0x1A, 0x24, 0xF7, 0xAA, 0x54, 0x72, 0x69, 0x63, 0x6B, 0x5F, 
    0x52, 0x6F, 0x77, 0x6C, 0x65, 0x79, 0x44, 0x61, 0x72, 0x6B, 0x53, 0x6C, 
    0x69, 0x64, 0x65, 0x5F, 0x42, 0x53, 0x00, 0x2B, 0x2A, 0xC4, 0xAB, 0x5D, 
    0x42, 0x53, 0x43, 0x72, 0x6F, 0x6F, 0x6B, 0x65, 0x64, 0x5F, 0x72, 0x61, 
    0x6E, 0x67, 0x65, 0x00, 0x2B, 0x33, 0x04, 0x1C, 0xD1, 0x62, 0x61, 0x73, 
    0x6B, 0x65, 0x74, 0x62, 0x61, 0x6C, 0x6C, 0x5F, 0x64, 0x65, 0x74, 0x61, 
    0x69, 0x6C, 0x73, 0x00, 0x2B, 0x35, 0x14, 0xA5, 0x7B, 0x54, 0x72, 0x69, 
    0x63, 0x6B, 0x5F, 0x54, 0x61, 0x69, 0x6C, 0x62, 0x6C, 0x6F, 0x63, 0x6B, 
    0x53, 0x6C, 0x69, 0x80, 0x85, 0x65, 0x5F, 0x84, 0x29, 0x81, 0x5F, 0x31, 
    0x38, 0x30, 0x00, 0x2B, 0x3B, 0x64, 0xF0, 0x42, 0x46, 0x53, 0x48, 0x75, 
    0x72, 0x72, 0x69, 0x63, 0x61, 0x6E, 0x65, 0x47, 0x72, 0x69, 0x6E, 0x64, 
    0x5F, 0x4F, 0x75, 0x74, 0x00, 0x2B, 0x42, 0x44, 0xE2, 0xA7, 0x47, 0x72, 
    0x69, 0x6E, 0x64, 0x42, 0x61, 0x69, 0x6C, 0x00, 0x2B, 0x46, 0x94, 0xAE, 
    0xF9, 0x49, 0x6E, 0x69, 0x74, 0x5F, 0x46, 0x53, 0x4F, 0x76, 0x65, 0x72, 
    0x63, 0x72, 0x6F, 0x6F, 0x6B, 0x00, 0x2B, 0x57, 0xB4, 0x5E, 0x03, 0x49, 
    0x6E, 0x80, 0x35, 0x80, 0x74, 0x5F, 0x42, 0x53, 0x42, 0x6C, 0x75, 0x6E, 
    0x74, 0x53, 0x6C, 0x69, 0x64, 0x65, 0x00, 0x2B, 0x57, 0xE4, 0x69, 0x00, 
    0x50, 0x6C, 0x61, 0x79, 0x42, 0x6F, 0x6E, 0x6B, 0x53, 0x6F, 0x75, 0x6E, 
    0x64, 0x00, 0x2B, 0x58, 0xB4, 0xA0, 0x56, 0x41, 0x6D, 0x65, 0x72, 0x69, 
    0x63, 0x61, 0x80, 0x29, 0x82, 0x48, 0x65, 0x72, 0x6F, 0x47, 0x72, 0x69, 
    0x6E, 0x64, 0x5F, 0x49, 0x6E, 0x69, 0x74, 0x00, 0x2B, 0x58, 0x34, 0x09, 
    0xBF, 0x54, 0x72, 0x69, 0x63, 0x6B, 0x5F, 0x4E, 0x6F, 0x73, 0x65, 0x53, 
    0x6C, 0x69, 0x64, 0x65, 0x4C, 0x69, 0x70, 0x53, 0x6C, 0x69, 0x64, 0x65, 
    0x5F, 0x46, 0x53, 0x00, 0x2B, 0x64, 0xD4, 0x61, 0xE5, 0x4A, 0x61, 0x6E, 
    0x67, 0x6F, 0x51, 0x75, 0x69, 0x63, 0x6B, 0x44, 0x72, 0x61, 0x77, 0x5F, 
    0x6F, 0x75, 0x74, 0x00, 0x2B, 0x78, 0x24, 0x76, 0x4F, 0x54, 0x72, 0x69, 
    0x63, 0x6B, 0x5F, 0x42, 0x62, 0x61, 0x6C, 0x6C, 0x53, 0x6C, 0x69, 0x64, 
    0x65, 0x32, 0x00, 0x2B, 0x83, 0xA4, 0x74, 0x8F, 0x68, 0x6F, 0x72, 0x69, 
    0x7A, 0x5F, 0x76, 0x65, 0x80, 0xC5, 0x00, 0x2B, 0x86, 0xF4, 0x2A, 0x54, 
    0x46, 0x53, 0x54, 0x61, 0x69, 0x6C, 0x73, 0x6C, 0x69, 0x64, 0x65, 0x5F, 
    0x80, 0x69, 0x80, 0x61, 0x6E, 0x67, 0x65, 0x00, 0x2B, 0x8E, 0x84, 0x6D, 
    0x29, 0x54, 0x72, 0x69, 0x63, 0x6B, 0x5F, 0x42, 0x6F, 0x6F, 0x6D, 0x42, 
    0x6F, 0x78, 0x5F, 0x42, 0x53, 0x00, 0x2B, 0x94, 0xC4, 0x4A, 0x2D, 0x54, 
    0x72, 0x69, 0x63, 0x6B, 0x5F, 0x54, 0x61, 0x69, 0x6C, 0x73, 0x6C, 0x69, 
    0x64, 0x65, 0x5F, 0x46, 0x53, 0x00, 0x2B, 0xA2, 0x94, 0x2F, 0xE6, 0x53, 
    0x70, 0x61, 0x80, 0x79, 0x86, 0x6B, 0x73, 0x4F, 0x6E, 0x00, 0x2B, 0xAD, 
    0xC4, 0x17, 0x66, 0x54, 0x72, 0x69, 0x63, 0x6B, 0x5F, 0x53, 0x61, 0x6C, 
    0x61, 0x64, 0x5F, 0x42, 0x53, 0x00, 0x2B, 0xB7, 0xB4, 0xFB, 0xEE, 0x52, 
    0x6F, 0x63, 0x6B, 0x65, 0x74, 0x5F, 0x49, 0x6E, 0x69, 0x74, 0x00, 0x2B, 
    0xB9, 0x14, 0x18, 0x2D, 0x49, 0x6E, 0x69, 0x74, 0x5F, 0x46, 0x53, 0x4C, 
    0x69, 0x70, 0x73, 0x6C, 0x69, 0x64, 0x65, 0x00, 0x2B, 0xC3, 0xB4, 0xF3, 
    0x24, 0x49, 0x6E, 0x69, 0x74, 0x5F, 0x42, 0x53, 0x4C, 0x69, 0x70, 0x73, 
    0x6C, 0x69, 0x64, 0x65, 0x00, 0x2B, 0xC6, 0xA4, 0xDC, 0xDB, 0x4C, 0x61, 
    0x75, 0x6E, 0x63, 0x68, 0x45, 0x78, 0x74, 0x72, 0x61, 0x4D, 0x65, 0x73, 
    0x73, 0x61, 0x67, 0x65, 0x00, 0x2B, 0xDC, 0x24, 0x7D, 0x63, 0x4D, 0x50, 
    0x43, 0x47, 0x72, 0x69, 0x6E, 0x64, 0x5F, 0x49, 0x6E, 0x69, 0x74, 0x00, 
    0x2B, 0xDF, 0xD4, 0x82, 0xB0, 0x54, 0x72, 0x69, 0x63, 0x6B, 0x5F, 0x4E, 
    0x47, 0x43, 0x72, 0x6F, 0x6F, 0x6B, 0x5F, 0x42, 0x53, 0x00, 0x2B, 0xEB, 
    0xA4, 0x25, 0xC1, 0x54, 0x72, 0x69, 0x63, 0x6B, 0x5F, 0x42, 0x69, 0x67, 
    0x48, 0x69, 0x74, 0x74, 0x65, 0x72, 0x5F, 0x46, 0x53, 0x00, 0x2B, 0xED, 
    0x24, 0x0D, 0x8F, 0x42, 0x6C, 0x65, 0x6E, 0x64, 0x50, 0x65, 0x72, 0x69, 
    0x6F, 0x64, 0x00, 0x2B, 0xF0, 0xD4, 0x1F, 0x1D, 0x4F, 0x72, 0x69, 0x65, 
    0x6E, 0x74, 0x54, 0x6F, 0x4E, 0x6F, 0x72, 0x6D, 0x61, 0x6C, 0x00, 0x2B, 
    0xFD, 0xD4, 0xD3, 0x10, 0x43, 0x72, 0x61, 0x69, 0x6C, 0x53, 0x6C, 0x69, 
    0x64, 0x65, 0x5F, 0x4F, 0x75, 0x74, 0x00, 0x2B, 0xFF, 0xD4, 0xB2, 0xA2, 
    0x54, 0x72, 0x69, 0x63, 0x6B, 0x5F, 0x47, 0x72, 0x69, 0x6E, 0x64, 0x4F, 
    0x76, 0x65, 0x72, 0x74, 0x75, 0x72, 0x6E, 0x5F, 0x80, 0x51, 0x81, 0x53, 
    0x5F, 0x31, 0x38, 0x30, 0x00, 0x2B, 0x15, 0xD5, 0xCF, 0xF8, 0x42, 0x61, 
    0x63, 0x6B, 0x77, 0x61, 0x72, 0x64, 0x73, 0x00, 0x2B, 0x1C, 0x95, 0x89, 
    0x01, 0x48, 0x61, 0x6E, 0x64, 0x73, 0x74, 0x61, 0x6E, 0x64, 0x35, 0x30, 
    0x35, 0x30, 0x47, 0x72, 0x69, 0x6E, 0x64, 0x5F, 0x6F, 0x75, 0x74, 0x00, 
    0x2B, 0x20, 0x45, 0xCB, 0x96, 0x54, 0x72, 0x69, 0x63, 0x6B, 0x5F, 0x53, 
    0x70, 0x72, 0x61, 0x79, 0x50, 0x61, 0x69, 0x6E, 0x74, 0x47, 0x72, 0x69, 
    0x6E, 0x64, 0x32, 0x5F, 0x31, 0x38, 0x30, 0x00, 0x2B, 0x27, 0x15, 0x6E, 
    0x80, 0x1D, 0x81, 0x42, 0x6C, 0x6F, 0x6F, 0x64, 0x53, 0x70, 0x6C, 0x61, 
    0x74, 0x00, 0x2B, 0x2C, 0x05, 0x54, 0xB2, 0x49, 0x6E, 0x69, 0x74, 0x5F, 
    0x42, 0x53, 0x46, 0x65, 0x65, 0x62, 0x6C, 0x65, 0x00, 0x2B, 0x33, 0x25, 
    0xCE, 0xE0, 0x54, 0x72, 0x69, 0x63, 0x6B, 0x5F, 0x48, 0x61, 0x6E, 0x64, 
    0x73, 0x74, 0x61, 0x6E, 0x64, 0x35, 0x30, 0x35, 0x30, 0x5F, 0x42, 0x53, 
    0x00, 0x2B, 0x39, 0xE5, 0xF0, 0x4C, 0x41, 0x6D, 0x65, 0x72, 0x69, 0x63, 
    0x61, 0x6E, 0x48, 0x80, 0x31, 0x84, 0x72, 0x6F, 0x47, 0x72, 0x69, 0x6E, 
    0x64, 0x5F, 0x49, 0x64, 0x6C, 0x65, 0x00, 0x2B, 0x42, 0x25, 0xA4, 0x24, 
    0x45, 0x78, 0x74, 0x72, 0x61, 0x5F, 0x35, 0x30, 0x35, 0x30, 0x5F, 0x42, 
    0x53, 0x00, 0x2B, 0x43, 0x45, 0x93, 0x55, 0x53, 0x6B, 0x61, 0x74, 0x65, 
    0x49, 0x6E, 0x41, 0x62, 0x6C, 0x65, 0x00, 0x2B, 0x47, 0x55, 0x6B, 0x75, 
    0x48, 0x75, 0x6D, 0x61, 0x6E, 0x44, 0x61, 0x72, 0x74, 0x5F, 0x49, 0x6E, 
    0x69, 0x74, 0x00, 0x2B, 0x47, 0x55, 0x82, 0xBC, 0x43, 0x72, 0x6F, 0x75, 
    0x63, 0x68, 0x65, 0x64, 0x4C, 0x61, 0x6E, 0x64, 0x00, 0x2B, 0x63, 0xD5, 
    0xB3, 0x37, 0x46, 0x53, 0x48, 0x75, 0x72, 0x72, 0x69, 0x63, 0x61, 0x6E, 
    0x65, 0x47, 0x72, 0x69, 0x6E, 0x64, 0x5F, 0x52, 0x61, 0x6E, 0x67, 0x65, 
    0x00, 0x2B, 0x6D, 0xE5, 0x25, 0x7C, 0x42, 0x53, 0x42, 0x6F, 0x61, 0x72, 
    0x64, 0x73, 0x6C, 0x69, 0x64, 0x65, 0x5F, 0x72, 0x61, 0x6E, 0x67, 0x65, 
    0x00, 0x2B, 0x6F, 0x75, 0xC0, 0x87, 0x62, 0x6F, 0x6F, 0x6D, 0x62, 0x6F, 
    0x78, 0x5F, 0x64, 0x65, 0x74, 0x61, 0x69, 0x6C, 0x73, 0x00, 0x2B, 0x76, 
    0x95, 0xEB, 0xB3, 0x54, 0x72, 0x69, 0x63, 0x6B, 0x5F, 0x48, 0x61, 0x80, 
    0xFD, 0x67, 0x54, 0x65, 0x6E, 0x4E, 0x6F, 0x73, 0x65, 0x47, 0x72, 0x69, 
    0x6E, 0x64, 0x5F, 0x42, 0x53, 0x00, 0x2B, 0x7D, 0x15, 0xFC, 0xA4, 0x54, 
    0x72, 0x69, 0x63, 0x6B, 0x5F, 0x46, 0x65, 0x65, 0x62, 0x80, 0xCD, 0x65, 
    0x5F, 0x46, 0x53, 0x00, 0x2B, 0x9A, 0x55, 0x5A, 0x06, 0x41, 0x6C, 0x6C, 
    0x6F, 0x77, 0x52, 0x61, 0x69, 0x6C, 0x74, 0x8C, 0xD5, 0x73, 0x00, 0x2B, 
    0xB3, 0x85, 0x51, 0x7E, 0x54, 0x72, 0x69, 0x63, 0x6B, 0x5F, 0x54, 0x61, 
    0x69, 0x6C, 0x62, 0x6C, 0x6F, 0x63, 0x6B, 0x80, 0x45, 0x82, 0x6C, 0x69, 
    0x64, 0x65, 0x5F, 0x46, 0x53, 0x00, 0x2B, 0xB8, 0xA5, 0x53, 0xE5, 0x53, 
    0x74, 0x6F, 0x70, 0x42, 0x61, 0x6C, 0x61, 0x6E, 0x63, 0x65, 0x54, 0x72, 
    0x69, 0x63, 0x6B, 0x00, 0x2B, 0xBD, 0x75, 0x2D, 0x79, 0x4D, 0x50, 0x43, 
    0x47, 0x72, 0x69, 0x6E, 0x64, 0x5F, 0x49, 0x64, 0x6C, 0x65, 0x00, 0x2B, 
    0xBE, 0xD5, 0xC9, 0x95, 0x53, 0x54, 0x41, 0x54, 0x53, 0x5F, 0x52, 0x41, 
    0x49, 0x4C, 0x42, 0x41, 0x4C, 0x41, 0x4E, 0x43, 0x45, 0x00, 0x2B, 0xC2, 
    0xE5, 0xA4, 0x23, 0x4F, 0x62, 0x6A, 0x5F, 0x53, 0x70, 0x61, 0x77, 0x6E, 
    0x53, 0x63, 0x72, 0x69, 0x70, 0x74, 0x00, 0x2B, 0xC8, 0x95, 0x5B, 0x2F, 
    0x54, 0x72, 0x69, 0x63, 0x6B, 0x5F, 0x66, 0x61, 0x6E, 0x64, 0x61, 0x6E, 
    0x67, 0x6C, 0x65, 0x5F, 0x80, 0xCD, 0x53, 0x5F, 0x31, 0x38, 0x30, 0x00, 
    0x2B, 0xDF, 0xA5, 0x61, 0xF1, 0x46, 0x4C, 0x41, 0x47, 0x5F, 0x53, 0x4B, 
    0x41, 0x54, 0x80, 0x3D, 0x81, 0x52, 0x5F, 0x4D, 0x41, 0x4E, 0x55, 0x41, 
    0x4C, 0x43, 0x48, 0x45, 0x45, 0x53, 0x45, 0x00, 0x2B, 0xEA, 0xD5, 0x8B, 
    0xD9, 0x46, 0x61, 0x6C, 0x63, 0x6F, 0x6E, 0x53, 0x6C, 0x69, 0x64, 0x65, 
    0x5F, 0x6F, 0x75, 0x74, 0x00, 0x2B, 0xEE, 0x95, 0x7B, 0x35, 0x54, 0x72, 
    0x69, 0x63, 0x6B, 0x5F, 0x48, 0x61, 0x6E, 0x64, 0x73, 0x74, 0x61, 0x6E, 
    0x64, 0x35, 0x30, 0x35, 0x30, 0x5F, 0x46, 0x53, 0x5F, 0x31, 0x38, 0x30, 
    0x00, 0x2B, 0xF0, 0x55, 0xA8, 0x7E, 0x50, 0x72, 0x6F, 0x66, 0x69, 0x6C, 
    0x65, 0x84, 0x95, 0x0E, 0xC6, 0xE8, 0x2D, 0x70, 0x72, 0x80, 0x69, 0x82, 
    0x6E, 0x74, 0x66, 0x00, 0x2B, 0x17, 0x46, 0xDE, 0x8F, 0x49, 0x6E, 0x69, 
    0x74, 0x5F, 0x46, 0x53, 0x54, 0x61, 0x69, 0x6C, 0x73, 0x6C, 0x69, 0x64, 
    0x65, 0x00, 0x2B, 0x19, 0xF6, 0x29, 0xD0, 0x73, 0x65, 0x63, 0x6F, 0x6E, 
    0x64, 0x73, 0x00, 0x2B, 0x20, 0xA6, 0x96, 0x6A, 0x42, 0x53, 0x4E, 0x6F, 
    0x73, 0x65, 0x53, 0x6C, 0x69, 0x64, 0x65, 0x4C, 0x69, 0x70, 0x53, 0x6C, 
    0x69, 0x64, 0x65, 0x00, 0x2B, 0x23, 0x56, 0x34, 0xE0, 0x54, 0x72, 0x69, 
    0x63, 0x6B, 0x5F, 0x54, 0x61, 0x69, 0x6C, 0x62, 0x6C, 0x6F, 0x63, 0x6B, 
    0x53, 0x6C, 0x69, 0x64, 0x65, 0x5F, 0x42, 0x53, 0x5F, 0x31, 0x38, 0x30, 
    0x00, 0x2B, 0x30, 0x46, 0xE0, 0xD5, 0x73, 0x70, 0x65, 0x63, 0x69, 0x61, 
    0x6C, 0x5F, 0x69, 0x74, 0x65, 0x6D, 0x5F, 0x32, 0x00, 0x2B, 0x35, 0x26, 
    0x09, 0x1A, 0x54, 0x80, 0x59, 0x80, 0x69, 0x63, 0x6B, 0x5F, 0x35, 0x30, 
    0x46, 0x69, 0x6E, 0x67, 0x65, 0x72, 0x66, 0x6C, 0x69, 0x70, 0x32, 0x00, 
    0x2B, 0x3D, 0x16, 0x16, 0xCF, 0x52, 0x6F, 0x77, 0x6C, 0x65, 0x79, 0x44, 
    0x61, 0x72, 0x6B, 0x53, 0x6C, 0x69, 0x64, 0x65, 0x5F, 0x49, 0x6E, 0x69, 
    0x74, 0x00, 0x2B, 0x44, 0xA6, 0xF3, 0xE0, 0x42, 0x6F, 0x61, 0x72, 0x64, 
    0x52, 0x80, 0xB9, 0x74, 0x61, 0x74, 0x65, 0x00, 0x2B, 0x44, 0xC6, 0x78, 
    0x18, 0x6D, 0x6F, 0x76, 0x65, 0x72, 0x80, 0xE5, 0x67, 0x68, 0x74, 0x00, 
    0x2B, 0x46, 0x96, 0x0F, 0x1A, 0x41, 0x6E, 0x69, 0x6D, 0x45, 0x71, 0x75, 
    0x61, 0x6C, 0x73, 0x00, 0x2B, 0x47, 0x96, 0x6C, 0xFF, 0x44, 0x80, 0xD1, 
    0x66, 0x66, 0x79, 0x42, 0x72, 0x6F, 0x6B, 0x65, 0x6E, 0x5F, 0x52, 0x61, 
    0x6E, 0x67, 0x65, 0x00, 0x2B, 0x49, 0x06, 0x97, 0x97, 0x80, 0x81, 0x72, 
    0x80, 0x15, 0x80, 0x63, 0x6B, 0x5F, 0x52, 0x6F, 0x63, 0x6B, 0x65, 0x74, 
    0x54, 0x61, 0x69, 0x6C, 0x73, 0x6C, 0x69, 0x64, 0x65, 0x5F, 0x46, 0x53, 
    0x00, 0x2B, 0x4D, 0x86, 0x29, 0x4A, 0x73, 0x6B, 0x61, 0x74, 0x65, 0x72, 
    0x5F, 0x6F, 0x6E, 0x72, 0x61, 0x80, 0x5D, 0x87, 0x6C, 0x00, 0x2B, 0x55, 
    0x86, 0x88, 0xED, 0x49, 0x73, 0x47, 0x72, 0x69, 0x6E, 0x64, 0x00, 0x2B, 
    0x5C, 0xC6, 0x7A, 0x53, 0x54, 0x72, 0x69, 0x63, 0x6B, 0x5F, 0x66, 0x61, 
    0x6E, 0x64, 0x61, 0x6E, 0x67, 0x6C, 0x65, 0x5F, 0x42, 0x53, 0x00, 0x2B, 
    0x60, 0x46, 0x00, 0x37, 0x54, 0x72, 0x69, 0x63, 0x6B, 0x5F, 0x46, 0x6C, 
    0x69, 0x70, 0x4B, 0x69, 0x63, 0x6B, 0x44, 0x61, 0x64, 0x32, 0x00, 0x2B, 
    0x61, 0xE6, 0x95, 0x4F, 0x49, 0x6E, 0x69, 0x74, 0x5F, 0x4E, 0x6F, 0x73, 
    0x65, 0x67, 0x72, 0x69, 0x6E, 0x64, 0x00, 0x2B, 0x63, 0x46, 0x12, 0x6B, 
    0x42, 0x53, 0x48, 0x75, 0x72, 0x72, 0x69, 0x63, 0x61, 0x6E, 0x65, 0x47, 
    0x72, 0x69, 0x6E, 0x64, 0x5F, 0x52, 0x61, 0x6E, 0x67, 0x65, 0x00, 0x2B, 
    0x64, 0x56, 0xCF, 0x82, 0x53, 0x70, 0x72, 0x61, 0x79, 0x43, 0x61, 0x6E, 
    0x5F, 0x44, 0x65, 0x74, 0x61, 0x69, 0x6C, 0x73, 0x00, 0x2B, 0x70, 0x96, 
    0x06, 0xA0, 0x46, 0x53, 0x42, 0x6F, 0x61, 0x72, 0x64, 0x73, 0x6C, 0x69, 
    0x64, 0x65, 0x5F, 0x4F, 0x75, 0x74, 0x00, 0x2B, 0x77, 0xE6, 0x04, 0x13, 
    0x44, 0x6F, 0x46, 0x6C, 0x69, 0x70, 0x43, 0x68, 0x65, 0x63, 0x6B, 0x00, 
    0x2B, 0x7C, 0x56, 0x0F, 0x56, 0x45, 0x78, 0x74, 0x72, 0x61, 0x5F, 0x54, 
    0x72, 0x69, 0x63, 0x6B, 0x5F, 0x43, 0x72, 0x6F, 0x6F, 0x6B, 0x65, 0x64, 
    0x5F, 0x46, 0x53, 0x00, 0x2B, 0x82, 0xB6, 0xCD, 0x41, 0x42, 0x6F, 0x6F, 
    0x6D, 0x42, 0x6F, 0x78, 0x5F, 0x49, 0x64, 0x6C, 0x65, 0x00, 0x2B, 0x93, 
    0xB6, 0x77, 0xEA, 0x54, 0x72, 0x69, 0x63, 0x6B, 0x5F, 0x44, 0x72, 0x75, 
    0x6E, 0x6B, 0x47, 0x72, 0x69, 0x6E, 0x64, 0x5F, 0x42, 0x53, 0x00, 0x2B, 
    0xA8, 0x26, 0x6D, 0x29, 0x53, 0x6B, 0x61, 0x74, 0x65, 0x49, 0x6E, 0x4F, 
    0x72, 0x42, 0x61, 0x69, 0x6C, 0x5F, 0x4F, 0x75, 0x74, 0x00, 0x2B, 0xA9, 
    0x06, 0x65, 0x08, 0x46, 0x53, 0x46, 0x65, 0x65, 0x62, 0x6C, 0x65, 0x5F, 
    0x80, 0x0D, 0x80, 0x61, 0x6E, 0x67, 0x65, 0x00, 0x2B, 0xB4, 0xD6, 0x8A, 
    0x32, 0x54, 0x72, 0x69, 0x63, 0x6B, 0x5F, 0x43, 0x72, 0x61, 0x69, 0x6C, 
    0x53, 0x6C, 0x69, 0x64, 0x65, 0x5F, 0x42, 0x53, 0x00, 0x2B, 0xBA, 0x46, 
    0xAA, 0xAF, 0x4F, 0x80, 0x91, 0x66, 0x52, 0x61, 0x69, 0x6C, 0x84, 0x75, 
    0x80, 0xC5, 0x76, 0x91, 0x01, 0x66, 0x72, 0x61, 0x6D, 0x65, 0x73, 0x00, 
    0x2B, 0xDA, 0x56, 0xCB, 0x89, 0x49, 0x6E, 0x69, 0x74, 0x5F, 0x42, 0x53, 
    0x43, 0x72, 0x6F, 0x6F, 0x6B, 0x65, 0x64, 0x00, 0x2B, 0xE9, 0x96, 0x23, 
    0x39, 0x54, 0x72, 0x69, 0x63, 0x6B, 0x5F, 0x47, 0x72, 0x69, 0x6E, 0x64, 
    0x4F, 0x76, 0x65, 0x72, 0x74, 0x75, 0x72, 0x6E, 0x5F, 0x46, 0x53, 0x5F, 
    0x31, 0x38, 0x30, 0x84, 0x91, 0xEF, 0x16, 0x2B, 0x53, 0x4C, 0x88, 0xED, 
    0x65, 0x64, 0x00, 0x2B, 0xF5, 0xE6, 0xCC, 0x27, 0x48, 0x61, 0x6E, 0x64, 
    0x73, 0x74, 0x61, 0x6E, 0x64, 0x35, 0x30, 0x35, 0x30, 0x47, 0x72, 0x69, 
    0x6E, 0x64, 0x5F, 0x52, 0x80, 0x51, 0x83, 0x6E, 0x67, 0x65, 0x00, 0x2B, 
    0x01, 0x97, 0x00, 0x5E, 0x43, 0x72, 0x61, 0x69, 0x6C, 0x53, 0x6C, 0x69, 
    0x64, 0x65, 0x5F, 0x49, 0x6E, 0x69, 0x74, 0x00, 0x2B, 0x02, 0x27, 0x48, 
    0xE8, 0x4D, 0x61, 0x6E, 0x75, 0x61, 0x6C, 0x4E, 0x61, 0x6D, 0x65, 0x00, 
    0x2B, 0x04, 0x47, 0x9F, 0x43, 0x41, 0x69, 0x72, 0x00, 0x2B, 0x06, 0x77, 
    0x47, 0x24, 0x44, 0x61, 0x66, 0x66, 0x79, 0x42, 0x72, 0x6F, 0x6B, 0x65, 
    0x6E, 0x5F, 0x49, 0x6E, 0x69, 0x74, 0x00, 0x2B, 0x06, 0x67, 0x1E, 0x2F, 
    0x49, 0x6E, 0x69, 0x74, 0x5F, 0x54, 0x61, 0x69, 0x6C, 0x73, 0x6C, 0x69, 
    0x64, 0x65, 0x00, 0x2B, 0x0C, 0x67, 0x92, 0x7E, 0x44, 0x6F, 0x42, 0x61, 
    0x6C, 0x61, 0x6E, 0x63, 0x65, 0x54, 0x72, 0x69, 0x63, 0x6B, 0x00, 0x2B, 
    0x11, 0xC7, 0x7A, 0xE2, 0x46, 0x53, 0x53, 0x61, 0x6C, 0x61, 0x64, 0x47, 
    0x72, 0x69, 0x6E, 0x64, 0x5F, 0x49, 0x6E, 0x69, 0x74, 0x00, 0x2B, 0x12, 
    0x27, 0x37, 0x51, 0x57, 0x61, 0x6C, 0x6C, 0x52, 0x69, 0x64, 0x65, 0x52, 
    0x80, 0x01, 0x81, 0x67, 0x68, 0x74, 0x00, 0x2B, 0x13, 0x77, 0x4F, 0x19, 
    0x54, 0x72, 0x69, 0x63, 0x6B, 0x5F, 0x4E, 0x6F, 0x73, 0x65, 0x67, 0x72, 
    0x69, 0x6E, 0x64, 0x50, 0x69, 0x76, 0x6F, 0x74, 0x5F, 0x42, 0x53, 0x00, 
    0x2B, 0x17, 0x67, 0xB5, 0x3B, 0x45, 0x78, 0x63, 0x65, 0x70, 0x74, 0x69, 
    0x6F, 0x6E, 0x54, 0x72, 0x69, 0x67, 0x67, 0x65, 0x72, 0x65, 0x64, 0x00, 
    0x2B, 0x18, 0xF7, 0xC1, 0x9C, 0x47, 0x72, 0x69, 0x80, 0x71, 0x81, 0x64, 
    0x4F, 0x76, 0x65, 0x72, 0x74, 0x75, 0x72, 0x6E, 0x5F, 0x49, 0x6E, 0x69, 
    0x74, 0x00, 0x2B, 0x2B, 0x77, 0x96, 0x01, 0x43, 0x6C, 0x65, 0x61, 0x72, 
    0x47, 0x61, 0x70, 0x54, 0x72, 0x69, 0x63, 0x6B, 0x73, 0x00, 0x2B, 0x31, 
    0xC7, 0xC5, 0x4A, 0x68, 0x6F, 0x72, 0x69, 0x7A, 0x5F, 0x61, 0x6D, 0x70, 
    0x00, 0x2B, 0x36, 0x27, 0x79, 0x76, 0x43, 0x68, 0x65, 0x63, 0x6B, 0x66, 
    0x6F, 0x72, 0x4E, 0x65, 0x74, 0x42, 0x72, 0x61, 0x6B, 0x65, 0x00, 0x2B, 
    0x56, 0x77, 0x7E, 0x4F, 0x43, 0x6F, 0x66, 0x66, 0x69, 0x6E, 0x47, 0x72, 
    0x69, 0x6E, 0x64, 0x5F, 0x49, 0x6E, 0x69, 0x74, 0x84, 0x41, 0x80, 0x56, 
    0x97, 0x1C, 0x32, 0x53, 0x71, 0x75, 0x61, 0x72, 0x65, 0x00, 0x2B, 0x60, 
    0xC7, 0xBB, 0xE7, 0x54, 0x72, 0x69, 0x63, 0x6B, 0x5F, 0x43, 0x72, 0x6F, 
    0x6F, 0x6B, 0x65, 0x64, 0x5F, 0x46, 0x53, 0x5F, 0x72, 0x6F, 0x74, 0x00, 
    0x2B, 0x60, 0x97, 0x73, 0x64, 0x47, 0x72, 0x69, 0x6E, 0x64, 0x54, 0x77, 
    0x80, 0xB1, 0x61, 0x6B, 0x00, 0x2B, 0x65, 0x87, 0x47, 0x7B, 0x6D, 0x6F, 
    0x76, 0x65, 0x6C, 0x80, 0x61, 0x80, 0x66, 0x74, 0x00, 0x2B, 0x6F, 0x37, 
    0xA9, 0xAF, 0x46, 0x53, 0x46, 0x65, 0x65, 0x62, 0x6C, 0x65, 0x4C, 0x61, 
    0x79, 0x62, 0x61, 0x63, 0x6B, 0x5F, 0x49, 0x6E, 0x69, 0x74, 0x00, 0x2B, 
    0x75, 0xC7, 0x05, 0x23, 0x54, 0x72, 0x69, 0x63, 0x6B, 0x5F, 0x41, 0x6D, 
    0x65, 0x72, 0x69, 0x63, 0x61, 0x6E, 0x48, 0x65, 0x72, 0x6F, 0x32, 0x5F, 
    0x31, 0x38, 0x30, 0x84, 0x4D, 0x80, 0x7C, 0x27, 0xD5, 0x5C, 0x4E, 0x75, 
    0x74, 0x74, 0x65, 0x72, 0x00, 0x2B, 0x7E, 0x77, 0x27, 0x58, 0x54, 0x72, 
    0x69, 0x63, 0x6B, 0x5F, 0x4E, 0x6F, 0x73, 0x65, 0x42, 0x6C, 0x75, 0x6E, 
    0x74, 0x53, 0x6C, 0x69, 0x64, 0x65, 0x5F, 0x42, 0x53, 0x00, 0x2B, 0x84, 
    0xE7, 0xE7, 0x92, 0x54, 0x72, 0x69, 0x63, 0x6B, 0x5F, 0x4E, 0x80, 0x45, 
    0x80, 0x73, 0x65, 0x53, 0x6C, 0x69, 0x64, 0x65, 0x5F, 0x42, 0x53, 0x5F, 
    0x6F, 0x6B, 0x00, 0x2B, 0x8F, 0xD7, 0xAC, 0x3E, 0x42, 0x53, 0x48, 0x75, 
    0x72, 0x72, 0x69, 0x63, 0x61, 0x6E, 0x65, 0x47, 0x72, 0x69, 0x6E, 0x64, 
    0x5F, 0x49, 0x6E, 0x69, 0x74, 0x00, 0x2B, 0x93, 0xB7, 0x8E, 0x5B, 0x46, 
    0x53, 0x4F, 0x76, 0x80, 0x99, 0x72, 0x63, 0x72, 0x6F, 0x6F, 0x6B, 0x5F, 
    0x80, 0x01, 0x82, 0x61, 0x6E, 0x67, 0x65, 0x00, 0x2B, 0x9A, 0xF7, 0xEB, 
    0x3C, 0x54, 0x72, 0x69, 0x63, 0x6B, 0x5F, 0x48, 0x75, 0x72, 0x72, 0x69, 
    0x63, 0x61, 0x6E, 0x65, 0x5F, 0x46, 0x53, 0x00, 0x2B, 0x9C, 0x37, 0x95, 
    0xD0, 0x77, 0x6F, 0x62, 0x62, 0x6C, 0x65, 0x70, 0x61, 0x72, 0x61, 0x6D, 
    0x73, 0x00, 0x2B, 0xA2, 0x87, 0xA6, 0x1D, 0x4E, 0x6F, 0x73, 0x65, 0x67, 
    0x72, 0x69, 0x6E, 0x64, 0x00, 0x2B, 0xB0, 0xF7, 0x4A, 0x56, 0x46, 0x6C, 
    0x69, 0x70, 0x4B, 0x69, 0x63, 0x6B, 0x44, 0x61, 0x64, 0x00, 0x2B, 0xB8, 
    0xD7, 0x65, 0x9B, 0x4F, 0x6C, 0x6C, 0x69, 0x65, 0x00, 0x2B, 0xBC, 0xB7, 
    0xE9, 0xC7, 0x46, 0x6C, 0x80, 0xAD, 0x70, 0x4B, 0x69, 0x63, 0x6B, 0x44, 
    0x61, 0x64, 0x5F, 0x49, 0x6E, 0x69, 0x80, 0x41, 0x80, 0x00, 0x2B, 0xC0, 
    0xB7, 0x75, 0xDE, 0x46, 0x65, 0x72, 0x72, 0x65, 0x74, 0x5F, 0x64, 0x65, 
    0x74, 0x61, 0x69, 0x6C, 0x73, 0x00, 0x2B, 0xC4, 0xE7, 0x77, 0x49, 0x49, 
    0x6E, 0x69, 0x74, 0x5F, 0x42, 0x53, 0x4F, 0x76, 0x65, 0x72, 0x63, 0x72, 
    0x6F, 0x6F, 0x6B, 0x00, 0x2B, 0xD6, 0x57, 0x19, 0x31, 0x54, 0x84, 0xA9, 
    0x63, 0x6B, 0x5F, 0x46, 0x72, 0x6F, 0x67, 0x67, 0x79, 0x47, 0x72, 0x80, 
    0x11, 0x81, 0x6E, 0x64, 0x32, 0x00, 0x2B, 0xD6, 0x07, 0x27, 0xD4, 0x49, 
    0x6E, 0x69, 0x74, 0x5F, 0x46, 0x53, 0x43, 0x72, 0x6F, 0x6F, 0x6B, 0x65, 
    0x64, 0x00, 0x2B, 0xDC, 0xD7, 0xB9, 0x3F, 0x54, 0x72, 0x69, 0x63, 0x6B, 
    0x5F, 0x53, 0x6D, 0x69, 0x74, 0x68, 0x5F, 0x46, 0x53, 0x5F, 0x72, 0x6F, 
    0x74, 0x00, 0x2B, 0xDE, 0xD7, 0xCA, 0xB4, 0x54, 0x72, 0x69, 0x63, 0x6B, 
    0x5F, 0x66, 0x61, 0x6E, 0x64, 0x61, 0x6E, 0x67, 0x6C, 0x65, 0x5F, 0x80, 
    0x7D, 0x85, 0x53, 0x5F, 0x31, 0x38, 0x30, 0x00, 0x2B, 0xE3, 0xE7, 0x9D, 
    0x5B, 0x42, 0x6F, 0x6F, 0x6D, 0x42, 0x6F, 0x78, 0x5F, 0x49, 0x6E, 0x69, 
    0x74, 0x00, 0x2B, 0xF3, 0xA7, 0x3E, 0x60, 0x57, 0x61, 0x69, 0x74, 0x41, 
    0x6E, 0x69, 0x6D, 0x46, 0x69, 0x6E, 0x69, 0x73, 0x68, 0x65, 0x64, 0x00, 
    0x2B, 0xF4, 0xA7, 0xF8, 0x6B, 0x52, 0x32, 0x00, 0x2B, 0xF7, 0x67, 0xD6, 
    0xCE, 0x54, 0x72, 0x69, 0x63, 0x6B, 0x5F, 0x4C, 0x61, 0x69, 0x64, 0x42, 
    0x61, 0x63, 0x6B, 0x5F, 0x42, 0x53, 0x00, 0x2B, 0xF8, 0xD7, 0xEA, 0xAE, 
    0x54, 0x72, 0x69, 0x63, 0x6B, 0x5F, 0x48, 0x61, 0x6E, 0x64, 0x73, 0x74, 
    0x61, 0x6E, 0x64, 0x35, 0x30, 0x35, 0x30, 0x5F, 0x42, 0x53, 0x5F, 0x31, 
    0x38, 0x30, 0x00, 0x2B, 0xF9, 0x67, 0x2B, 0x6C, 0x4F, 0x62, 0x6A, 0x5F, 
    0x43, 0x6C, 0x65, 0x61, 0x72, 0x46, 0x6C, 0x61, 0x67, 0x00, 0x2B, 0x04, 
    0x48, 0xDE, 0x1D, 0x4F, 0x6E, 0x47, 0x72, 0x6F, 0x75, 0x6E, 0x64, 0x41, 
    0x49, 0x00, 0x2B, 0x0A, 0x08, 0xCF, 0x1F, 0x53, 0x65, 0x74, 0x4D, 0x61, 
    0x6E, 0x75, 0x61, 0x6C, 0x54, 0x72, 0x69, 0x63, 0x6B, 0x73, 0x00, 0x2B, 
    0x0E, 0x78, 0x86, 0x79, 0x44, 0x6F, 0x75, 0x62, 0x6C, 0x65, 0x42, 0x6C, 
    0x75, 0x6E, 0x74, 0x5F, 0x49, 0x6E, 0x69, 0x74, 0x00, 0x2B, 0x14, 0x68, 
    0xA3, 0xF6, 0x76, 0x6F, 0x6C, 0x00, 0x2B, 0x1A, 0x78, 0x0D, 0x67, 0x46, 
    0x53, 0x4E, 0x6F, 0x73, 0x65, 0x53, 0x6C, 0x69, 0x64, 0x65, 0x5F, 0x4F, 
    0x75, 0x74, 0x00, 0x2B, 0x1D, 0x78, 0x8C, 0x62, 0x49, 0x6E, 0x80, 0x5D, 
    0x80, 0x74, 0x5F, 0x46, 0x53, 0x42, 0x6F, 0x61, 0x72, 0x64, 0x73, 0x6C, 
    0x69, 0x64, 0x65, 0x00, 0x2B, 0x20, 0x98, 0xAC, 0x13, 0x54, 0x72, 0x69, 
    0x63, 0x6B, 0x5F, 0x53, 0x6D, 0x69, 0x74, 0x68, 0x5F, 0x42, 0x53, 0x00, 
    0x2B, 0x22, 0x58, 0x30, 0x34, 0x4E, 0x6F, 0x73, 0x65, 0x67, 0x72, 0x69, 
    0x6E, 0x64, 0x50, 0x69, 0x76, 0x6F, 0x74, 0x5F, 0x52, 0x80, 0x49, 0x80, 
    0x6E, 0x67, 0x65, 0x00, 0x2B, 0x24, 0x08, 0x0B, 0xF9, 0x53, 0x70, 0x61, 
    0x7A, 0x46, 0x61, 0x63, 0x74, 0x6F, 0x72, 0x00, 0x2B, 0x2B, 0x98, 0xB9, 
    0xBF, 0x4C, 0x32, 0x00, 0x2B, 0x2C, 0xF8, 0x91, 0x6D, 0x46, 0x53, 0x46, 
    0x65, 0x65, 0x62, 0x6C, 0x65, 0x4C, 0x61, 0x79, 0x62, 0x61, 0x63, 0x6B, 
    0x5F, 0x4F, 0x75, 0x80, 0x21, 0x80, 0x00, 0x2B, 0x2E, 0x78, 0x07, 0xD9, 
    0x52, 0x6F, 0x63, 0x6B, 0x65, 0x74, 0x46, 0x53, 0x5F, 0x52, 0x61, 0x6E, 
    0x67, 0x65, 0x00, 0x2B, 0x38, 0x58, 0x74, 0xC4, 0x74, 0x65, 0x78, 0x74, 
    0x00, 0x2B, 0x3A, 0xF8, 0x48, 0x89, 0x54, 0x72, 0x69, 0x63, 0x6B, 0x80, 
    0xFD, 0x42, 0x62, 0x61, 0x6C, 0x6C, 0x53, 0x6C, 0x69, 0x64, 0x65, 0x32, 
    0x5F, 0x31, 0x38, 0x30, 0x00, 0x2B, 0x40, 0x48, 0x5F, 0x1F, 0x53, 0x6D, 
    0x69, 0x74, 0x68, 0x5F, 0x52, 0x61, 0x6E, 0x67, 0x65, 0x84, 0x81, 0x41, 
    0x80, 0x85, 0x6C, 0xE1, 0x80, 0x41, 0x8A, 0x68, 0x6F, 0x6D, 0x61, 0x73, 
    0x00, 0x2B, 0x49, 0xE8, 0xBF, 0x52, 0x54, 0x72, 0x69, 0x63, 0x6B, 0x5F, 
    0x53, 0x6D, 0x69, 0x74, 0x68, 0x5F, 0x42, 0x53, 0x5F, 0x31, 0x38, 0x30, 
    0x00, 0x2B, 0x4B, 0x98, 0xD3, 0xFF, 0x4D, 0x50, 0x43, 0x5F, 0x44, 0x65, 
    0x74, 0x61, 0x69, 0x6C, 0x73, 0x00, 0x2B, 0x4F, 0x78, 0x9F, 0xEA, 0x54, 
    0x72, 0x69, 0x63, 0x6B, 0x5F, 0x52, 0x6F, 0x77, 0x6C, 0x65, 0x79, 0x44, 
    0x61, 0x72, 0x6B, 0x53, 0x6C, 0x69, 0x64, 0x65, 0x5F, 0x42, 0x53, 0x5F, 
    0x31, 0x38, 0x30, 0x00, 0x2B, 0x55, 0xB8, 0x59, 0xAD, 0x4C, 0x61, 0x75, 
    0x6E, 0x63, 0x68, 0x53, 0x70, 0x65, 0x63, 0x69, 0x61, 0x6C, 0x4D, 0x65, 
    0x73, 0x73, 0x61, 0x67, 0x65, 0x00, 0x2B, 0x64, 0x78, 0x3D, 0x8C, 0x42, 
    0x61, 0x69, 0x6C, 0x4F, 0x66, 0x66, 0x00, 0x2B, 0x67, 0x28, 0x43, 0x03, 
    0x44, 0x6F, 0x69, 0x6E, 0x67, 0x54, 0x72, 0x69, 0x63, 0x6B, 0x42, 0x61, 
    0x69, 0x6C, 0x00, 0x2B, 0x6A, 0x38, 0xFC, 0xCE, 0x54, 0x72, 0x69, 0x63, 
    0x6B, 0x5F, 0x52, 0x6F, 0x63, 0x6B, 0x4F, 0x75, 0x74, 0x47, 0x72, 0x69, 
    0x6E, 0x64, 0x32, 0x5F, 0x31, 0x38, 0x30, 0x00, 0x2B, 0x6F, 0xD8, 0x5E, 
    0x25, 0x47, 0x72, 0x69, 0x6E, 0x64, 0x00, 0x2B, 0x71, 0x88, 0x50, 0x61, 
    0x54, 0x72, 0x69, 0x63, 0x6B, 0x5F, 0x4E, 0x6F, 0x73, 0x65, 0x53, 0x6C, 
    0x69, 0x64, 0x65, 0x5F, 0x42, 0x53, 0x00, 0x2B, 0x78, 0x98, 0x1A, 0x62, 
    0x49, 0x6E, 0x69, 0x74, 0x5F, 0x46, 0x53, 0x53, 0x6D, 0x69, 0x74, 0x68, 
    0x00, 0x2B, 0x81, 0x88, 0x48, 0xFC, 0x76, 0x65, 0x72, 0x74, 0x5F, 0x76, 
    0x65, 0x6C, 0x00, 0x2B, 0x86, 0xF8, 0xF3, 0x9E, 0x54, 0x72, 0x69, 0x63, 
    0x6B, 0x5F, 0x4F, 0x6E, 0x65, 0x46, 0x6F, 0x6F, 0x74, 0x53, 0x6D, 0x69, 
    0x74, 0x68, 0x5F, 0x42, 0x53, 0x00, 0x2B, 0x87, 0xC8, 0xC1, 0x10, 0x4D, 
    0x6F, 0x76, 0x65, 0x00, 0x2B, 0x8E, 0x08, 0x67, 0x1D, 0x54, 0x72, 0x69, 
    0x63, 0x6B, 0x5F, 0x43, 0x6F, 0x66, 0x66, 0x69, 0x6E, 0x5F, 0x46, 0x53, 
    0x5F, 0x31, 0x38, 0x30, 0x00, 0x2B, 0x8E, 0xB8, 0xB2, 0x85, 0x54, 0x72, 
    0x69, 0x63, 0x6B, 0x5F, 0x42, 0x6C, 0x75, 0x6E, 0x74, 0x73, 0x6C, 0x69, 
    0x64, 0x65, 0x5F, 0x46, 0x53, 0x00, 0x2B, 0x90, 0xD8, 0xD2, 0xA6, 0x53, 
    0x63, 0x72, 0x00, 0x2B, 0x97, 0x18, 0x98, 0x85, 0x4C, 0x65, 0x66, 0x74, 
    0x00, 0x2B, 0xAE, 0xC8, 0x66, 0xCD, 0x53, 0x63, 0x6F, 0x72, 0x65, 0x00, 
    0x2B, 0xBD, 0x38, 0x4C, 0xFE, 0x54, 0x72, 0x69, 0x63, 0x6B, 0x5F, 0x45, 
    0x6C, 0x62, 0x6F, 0x77, 0x80, 0x81, 0x6D, 0x80, 0x29, 0x81, 0x73, 0x68, 
    0x32, 0x00, 0x2B, 0xCA, 0x28, 0xE5, 0x90, 0x53, 0x6B, 0x61, 0x74, 0x65, 
    0x49, 0x6E, 0x4F, 0x72, 0x42, 0x61, 0x69, 0x6C, 0x00, 0x2B, 0xD6, 0xA8, 
    0x21, 0x73, 0x54, 0x79, 0x70, 0x65, 0x00, 0x2B, 0xE8, 0xD8, 0x8D, 0x83, 
    0x45, 0x78, 0x74, 0x72, 0x61, 0x5F, 0x4E, 0x6F, 0x73, 0x65, 0x47, 0x72, 
    0x69, 0x6E, 0x64, 0x73, 0x5F, 0x42, 0x53, 0x00, 0x2B, 0xEE, 0x98, 0xC8, 
    0xDA, 0x46, 0x53, 0x4E, 0x6F, 0x73, 0x65, 0x62, 0x6C, 0x75, 0x6E, 0x74, 
    0x5F, 0x80, 0x0D, 0x83, 0x61, 0x6E, 0x67, 0x65, 0x00, 0x2B, 0xF5, 0xF8, 
    0xBD, 0x8A, 0x54, 0x72, 0x69, 0x63, 0x6B, 0x5F, 0x43, 0x72, 0x6F, 0x6F, 
    0x6B, 0x65, 0x64, 0x5F, 0x42, 0x53, 0x5F, 0x31, 0x38, 0x30, 0x00, 0x2B, 
    0x04, 0xD9, 0x5F, 0xAE, 0x54, 0x72, 0x69, 0x63, 0x6B, 0x5F, 0x43, 0x6F, 
    0x66, 0x66, 0x69, 0x6E, 0x5F, 0x42, 0x53, 0x00, 0x2B, 0x05, 0xD9, 0xCB, 
    0xFA, 0x47, 0x75, 0x69, 0x74, 0x61, 0x72, 0x53, 0x6C, 0x69, 0x64, 0x65, 
    0x00, 0x2B, 0x08, 0xB9, 0x8F, 0x45, 0x54, 0x72, 0x69, 0x63, 0x6B, 0x5F, 
    0x4C, 0x69, 0x70, 0x73, 0x6C, 0x69, 0x64, 0x65, 0x5F, 0x42, 0x53, 0x00, 
    0x2B, 0x0F, 0x59, 0x95, 0x4B, 0x4E, 0x6F, 0x73, 0x65, 0x4D, 0x61, 0x6E, 
    0x75, 0x61, 0x6C, 0x42, 0x61, 0x69, 0x6C, 0x32, 0x00, 0x2B, 0x10, 0xE9, 
    0xEA, 0xC1, 0x44, 0x61, 0x72, 0x6B, 0x73, 0x6C, 0x69, 0x64, 0x65, 0x5F, 
    0x49, 0x6E, 0x69, 0x74, 0x84, 0x55, 0x80, 0x1D, 0x29, 0x77, 0xF2, 0x69, 
    0x67, 0x6E, 0x6F, 0x72, 0x65, 0x00, 0x2B, 0x1E, 0xB9, 0x54, 0x3A, 0x42, 
    0x53, 0x54, 0x61, 0x69, 0x6C, 0x73, 0x6C, 0x69, 0x64, 0x65, 0x5F, 0x4F, 
    0x75, 0x74, 0x00, 0x2B, 0x1F, 0x19, 0xE5, 0x10, 0x54, 0x72, 0x69, 0x63, 
    0x6B, 0x5F, 0x47, 0x72, 0x69, 0x6E, 0x64, 0x4F, 0x76, 0x65, 0x72, 0x74, 
    0x75, 0x80, 0xE9, 0x6E, 0x5F, 0x42, 0x53, 0x00, 0x2B, 0x31, 0xC9, 0x6B, 
    0x0A, 0x54, 0x72, 0x69, 0x63, 0x6B, 0x5F, 0x42, 0x6C, 0x75, 0x6E, 0x74, 
    0x73, 0x6C, 0x69, 0x64, 0x65, 0x5F, 0x84, 0x75, 0x80, 0x5F, 0x31, 0x38, 
    0x30, 0x00, 0x2B, 0x32, 0xB9, 0x2D, 0xAF, 0x46, 0x53, 0x4E, 0x6F, 0x73, 
    0x65, 0x73, 0x6C, 0x69, 0x64, 0x65, 0x5F, 0x72, 0x61, 0x6E, 0x67, 0x65, 
    0x00, 0x2B, 0x36, 0xF9, 0xD1, 0x77, 0x42, 0x53, 0x53, 0x61, 0x6C, 0x61, 
    0x64, 0x47, 0x72, 0x69, 0x6E, 0x64, 0x5F, 0x72, 0x61, 0x6E, 0x67, 0x65, 
    0x00, 0x2B, 0x44, 0x89, 0xB7, 0x8D, 0x47, 0x65, 0x74, 0x42, 0x6F, 0x80, 
    0x3D, 0x80, 0x72, 0x64, 0x53, 0x63, 0x75, 0x66, 0x66, 0x00, 0x2B, 0x48, 
    0xB9, 0x61, 0xD0, 0x4F, 0x6E, 0x47, 0x72, 0x6F, 0x75, 0x6E, 0x64, 0x45, 
    0x78, 0x63, 0x65, 0x70, 0x74, 0x69, 0x6F, 0x6E, 0x73, 0x5F, 0x4E, 0x6F, 
    0x45, 0x6E, 0x64, 0x52, 0x75, 0x6E, 0x00, 0x2B, 0x54, 0xE9, 0x8C, 0x26, 
    0x54, 0x72, 0x80, 0x71, 0x81, 0x63, 0x6B, 0x5F, 0x43, 0x72, 0x6F, 0x6F, 
    0x6B, 0x65, 0x64, 0x42, 0x69, 0x67, 0x53, 0x70, 0x69, 0x6E, 0x5F, 0x42, 
    0x53, 0x00, 0x2B, 0x6F, 0x29, 0xD6, 0x63, 0x44, 0x6F, 0x75, 0x62, 0x6C, 
    0x65, 0x42, 0x6C, 0x75, 0x6E, 0x74, 0x5F, 0x49, 0x64, 0x6C, 0x65, 0x00, 
    0x2B, 0x7C, 0xE9, 0x23, 0x73, 0x78, 0x00, 0x2B, 0x8B, 0xB9, 0xC4, 0x30, 
    0x45, 0x78, 0x74, 0x72, 0x61, 0x5F, 0x54, 0x61, 0x69, 0x6C, 0x47, 0x72, 
    0x69, 0x6E, 0x64, 0x73, 0x5F, 0x46, 0x53, 0x00, 0x2B, 0x92, 0xD9, 0x40, 
    0xF5, 0x53, 0x6B, 0x61, 0x74, 0x65, 0x49, 0x6E, 0x4C, 0x61, 0x6E, 0x64, 
    0x4F, 0x75, 0x80, 0x29, 0x80, 0x00, 0x2B, 0x9E, 0xA9, 0xC0, 0x43, 0x52, 
    0x6F, 0x63, 0x6B, 0x65, 0x74, 0x5F, 0x52, 0x61, 0x6E, 0x67, 0x65, 0x00, 
    0x2B, 0xA0, 0x99, 0xD3, 0x47, 0x54, 0x72, 0x69, 0x63, 0x6B, 0x5F, 0x4F, 
    0x6E, 0x65, 0x46, 0x6F, 0x6F, 0x74, 0x53, 0x6D, 0x69, 0x74, 0x68, 0x5F, 
    0x84, 0x9D, 0x5F, 0x31, 0x38, 0x30, 0x00, 0x2B, 0xA9, 0xE9, 0x80, 0x51, 
    0x80, 0x86, 0x46, 0x53, 0x53, 0x6D, 0x69, 0x74, 0x68, 0x5F, 0x72, 0x61, 
    0x6E, 0x67, 0x65, 0x00, 0x2B, 0xB2, 0x89, 0xC9, 0x11, 0x42, 0x53, 0x46, 
    0x65, 0x65, 0x62, 0x6C, 0x65, 0x5F, 0x72, 0x61, 0x6E, 0x67, 0x65, 0x00, 
    0x2B, 0xB8, 0x19, 0x4B, 0x3B, 0x46, 0x53, 0x42, 0x6C, 0x75, 0x6E, 0x74, 
    0x53, 0x6C, 0x69, 0x64, 0x65, 0x5F, 0x80, 0x05, 0x87, 0x61, 0x6E, 0x67, 
    0x65, 0x00, 0x2B, 0xBD, 0x89, 0x56, 0x6E, 0x54, 0x72, 0x69, 0x63, 0x6B, 
    0x5F, 0x43, 0x61, 0x72, 0x74, 0x57, 0x68, 0x65, 0x65, 0x6C, 0x74, 0x6F, 
    0x35, 0x30, 0x35, 0x30, 0x32, 0x00, 0x2B, 0xCA, 0xA9, 0xD0, 0xF2, 0x54, 
    0x72, 0x69, 0x63, 0x6B, 0x5F, 0x35, 0x5F, 0x30, 0x5F, 0x42, 0x53, 0x00, 
    0x2B, 0xDE, 0xD9, 0x34, 0x8F, 0x42, 0x69, 0x67, 0x48, 0x69, 0x74, 0x74, 
    0x65, 0x72, 0x5F, 0x52, 0x61, 0x6E, 0x67, 0x65, 0x00, 0x2B, 0xEA, 0xD9, 
    0x24, 0x04, 0x79, 0x00, 0x2B, 0xEB, 0x79, 0x80, 0xA5, 0x53, 0x65, 0x74, 
    0x54, 0x61, 0x67, 0x73, 0x00, 0x2B, 0xEF, 0x09, 0x04, 0x88, 0x57, 0x61, 
    0x6C, 0x6C, 0x52, 0x69, 0x64, 0x65, 0x00, 0x2B, 0xF7, 0x89, 0x3C, 0xCF, 
    0x41, 0x69, 0x72, 0x62, 0x6F, 0x72, 0x6E, 0x65, 0x00, 0x2B, 0xFE, 0x69, 
    0x29, 0xF8, 0x54, 0x72, 0x69, 0x63, 0x6B, 0x5F, 0x35, 0x30, 0x35, 0x30, 
    0x5F, 0x46, 0x53, 0x5F, 0x31, 0x38, 0x30, 0x00, 0x2B, 0x08, 0x1A, 0x0C, 
    0x26, 0x42, 0x61, 0x63, 0x6B, 0x77, 0x61, 0x72, 0x64, 0x73, 0x47, 0x72, 
    0x69, 0x6E, 0x64, 0x42, 0x61, 0x69, 0x6C, 0x73, 0x00, 0x2B, 0x08, 0xFA, 
    0xB9, 0xF4, 0x4E, 0x6F, 0x6C, 0x6C, 0x69, 0x65, 0x4E, 0x6F, 0x44, 0x69, 
    0x73, 0x70, 0x6C, 0x61, 0x79, 0x00, 0x2B, 0x0A, 0x0A, 0x23, 0x48, 0x54, 
    0x72, 0x69, 0x63, 0x6B, 0x5F, 0x41, 0x6D, 0x65, 0x72, 0x69, 0x63, 0x61, 
    0x6E, 0x48, 0x65, 0x72, 0x6F, 0x32, 0x00, 0x2B, 0x1E, 0x1A, 0xAD, 0xA2, 
    0x54, 0x72, 0x69, 0x63, 0x6B, 0x5F, 0x4D, 0x50, 0x43, 0x47, 0x72, 0x69, 
    0x6E, 0x64, 0x32, 0x00, 0x2B, 0x26, 0x6A, 0x26, 0xFD, 0x57, 0x6F, 0x62, 
    0x62, 0x6C, 0x65, 0x41, 0x6D, 0x70, 0x41, 0x00, 0x2B, 0x27, 0x2A, 0xFF, 
    0x57, 0x4C, 0x61, 0x80, 0x7D, 0x80, 0x64, 0x00, 0x2B, 0x29, 0xBA, 0x78, 
    0x7C, 0x4F, 0x75, 0x74, 0x41, 0x6E, 0x69, 0x6D, 0x4F, 0x6E, 0x4F, 0x6C, 
    0x6C, 0x69, 0x65, 0x00, 0x2B, 0x2D, 0xAA, 0xB3, 0x18, 0x47, 0x75, 0x69, 
    0x74, 0x61, 0x72, 0x5F, 0x44, 0x65, 0x74, 0x61, 0x69, 0x6C, 0x73, 0x00, 
    0x2B, 0x30, 0xAA, 0xE0, 0x69, 0x54, 0x72, 0x69, 0x63, 0x6B, 0x5F, 0x54, 
    0x61, 0x69, 0x6C, 0x73, 0x6C, 0x69, 0x64, 0x65, 0x5F, 0x42, 0x80, 0x59, 
    0x83, 0x5F, 0x6F, 0x6B, 0x00, 0x2B, 0x40, 0xAA, 0xEE, 0x1A, 0x49, 0x73, 
    0x53, 0x70, 0x65, 0x63, 0x69, 0x61, 0x6C, 0x00, 0x2B, 0x41, 0x6A, 0x4C, 
    0x06, 0x47, 0x72, 0x69, 0x6E, 0x64, 0x4F, 0x76, 0x65, 0x72, 0x74, 0x75, 
    0x72, 0x6E, 0x5F, 0x4F, 0x75, 0x74, 0x00, 0x2B, 0x4F, 0xDA, 0xE4, 0x9C, 
    0x44, 0x6F, 0x42, 0x6F, 0x61, 0x72, 0x64, 0x53, 0x63, 0x75, 0x66, 0x66, 
    0x00, 0x2B, 0x56, 0xCA, 0x18, 0x8A, 0x79, 0x65, 0x73, 0x00, 0x2B, 0x59, 
    0x3A, 0x0E, 0x71, 0x54, 0x72, 0x69, 0x63, 0x6B, 0x5F, 0x52, 0x6F, 0x77, 
    0x6C, 0x65, 0x79, 0x44, 0x61, 0x72, 0x6B, 0x53, 0x6C, 0x69, 0x64, 0x65, 
    0x5F, 0x46, 0x53, 0x5F, 0x31, 0x38, 0x30, 0x00, 0x2B, 0x5F, 0xAA, 0x2E, 
    0xC9, 0x54, 0x72, 0x69, 0x63, 0x6B, 0x5F, 0x53, 0x6D, 0x69, 0x74, 0x68, 
    0x5F, 0x46, 0x53, 0x5F, 0x31, 0x38, 0x30, 0x00, 0x2B, 0x6E, 0x1A, 0x87, 
    0x05, 0x54, 0x72, 0x69, 0x63, 0x6B, 0x5F, 0x4D, 0x50, 0x43, 0x47, 0x72, 
    0x69, 0x6E, 0x64, 0x32, 0x5F, 0x31, 0x38, 0x30, 0x84, 0x11, 0x81, 0x86, 
    0x9A, 0x48, 0x2B, 0x43, 0x69, 0x72, 0x63, 0x6C, 0x65, 0x00, 0x2B, 0x8A, 
    0xDA, 0xC3, 0x06, 0x46, 0x72, 0x6F, 0x67, 0x67, 0x79, 0x47, 0x72, 0x69, 
    0x6E, 0x64, 0x5F, 0x4F, 0x75, 0x74, 0x00, 0x2B, 0x98, 0x4A, 0xF6, 0x86, 
    0x54, 0x72, 0x69, 0x63, 0x6B, 0x5F, 0x43, 0x6F, 0x66, 0x66, 0x69, 0x6E, 
    0x5F, 0x42, 0x53, 0x5F, 0x31, 0x38, 0x30, 0x00, 0x2B, 0x9B, 0x6A, 0x02, 
    0xB7, 0x4D, 0x75, 0x73, 0x6B, 0x61, 0x42, 0x65, 0x80, 0xF9, 0x74, 0x7A, 
    0x00, 0x2B, 0xA4, 0xCA, 0xEE, 0x5D, 0x53, 0x70, 0x72, 0x61, 0x79, 0x50, 
    0x61, 0x69, 0x6E, 0x74, 0x5F, 0x49, 0x6E, 0x69, 0x74, 0x00, 0x2B, 0xB2, 
    0x5A, 0x0C, 0xB0, 0x48, 0x61, 0x80, 0xF9, 0x67, 0x54, 0x65, 0x6E, 0x4E, 
    0x6F, 0x73, 0x65, 0x47, 0x72, 0x69, 0x6E, 0x64, 0x5F, 0x52, 0x61, 0x6E, 
    0x67, 0x65, 0x00, 0x2B, 0xB7, 0xBA, 0xAA, 0x89, 0x45, 0x64, 0x64, 0x69, 
    0x65, 0x47, 0x80, 0x81, 0x69, 0x80, 0x05, 0x80, 0x61, 0x72, 0x00, 0x2B, 
    0xBB, 0x5A, 0x13, 0xD6, 0x42, 0x75, 0x74, 0x74, 0x6F, 0x6E, 0x42, 0x00, 
    0x2B, 0xBF, 0xEA, 0xA9, 0x79, 0x67, 0x72, 0x69, 0x6E, 0x64, 0x77, 0x6F, 
    0x62, 0x62, 0x6C, 0x65, 0x5F, 0x70, 0x80, 0x61, 0x81, 0x72, 0x61, 0x6D, 
    0x73, 0x00, 0x2B, 0xC7, 0x4A, 0x1A, 0xDD, 0x46, 0x61, 0x6C, 0x63, 0x6F, 
    0x6E, 0x53, 0x6C, 0x69, 0x64, 0x65, 0x5F, 0x49, 0x6E, 0x69, 0x74, 0x00, 
    0x2B, 0xE3, 0xBA, 0x2C, 0x11, 0x54, 0x72, 0x69, 0x63, 0x6B, 0x5F, 0x43, 
    0x72, 0x6F, 0x6F, 0x6B, 0x65, 0x64, 0x5F, 0x46, 0x53, 0x5F, 0x31, 0x38, 
    0x30, 0x00, 0x2B, 0xEA, 0x4A, 0xDB, 0x23, 0x49, 0x64, 0x6C, 0x65, 0x00, 
    0x2B, 0xEB, 0x8A, 0x35, 0x4B, 0x52, 0x69, 0x67, 0x68, 0x74, 0x00, 0x2B, 
    0xEC, 0x6A, 0xC8, 0x68, 0x42, 0x6C, 0x65, 0x6E, 0x64, 0x70, 0x65, 0x72, 
    0x69, 0x6F, 0x80, 0x85, 0x4F, 0x75, 0x80, 0xCD, 0x00, 0x2B, 0xF0, 0x1A, 
    0x02, 0xA1, 0x4D, 0x61, 0x64, 0x65, 0x4F, 0x74, 0x68, 0x65, 0x72, 0x53, 
    0x6B, 0x61, 0x74, 0x65, 0x80, 0x41, 0x82, 0x42, 0x61, 0x69, 0x6C, 0x00, 
    0x2B, 0xF1, 0xFA, 0xCF, 0x7B, 0x54, 0x72, 0x69, 0x63, 0x6B, 0x5F, 0x43, 
    0x72, 0x6F, 0x6F, 0x6B, 0x65, 0x64, 0x5F, 0x42, 0x53, 0x00, 0x2B, 0xF3, 
    0xEA, 0x20, 0x38, 0x54, 0x72, 0x69, 0x63, 0x6B, 0x5F, 0x4E, 0x6F, 0x73, 
    0x65, 0x67, 0x72, 0x69, 0x6E, 0x64, 0x5F, 0x46, 0x53, 0x00, 0x2B, 0xF7, 
    0xDA, 0x37, 0x74, 0x42, 0x53, 0x42, 0x6F, 0x61, 0x72, 0x64, 0x73, 0x6C, 
    0x69, 0x64, 0x65, 0x5F, 0x4F, 0x75, 0x74, 0x00, 0x2B, 0x01, 0x0B, 0x1A, 
    0x4F, 0x42, 0x75, 0x74, 0x74, 0x6F, 0x6E, 0x41, 0x00, 0x2B, 0x1C, 0x3B, 
    0x9F, 0xE3, 0x42, 0x61, 0x63, 0x6B, 0x77, 0x61, 0x72, 0x64, 0x73, 0x47, 
    0x72, 0x69, 0x6E, 0x64, 0x00, 0x2B, 0x1F, 0x7B, 0x51, 0x92, 0x54, 0x72, 
    0x80, 0xA5, 0x63, 0x6B, 0x5F, 0x46, 0x61, 0x6C, 0x63, 0x6F, 0x6E, 0x53, 
    0x84, 0xE5, 0x64, 0x65, 0x32, 0x00, 0x2B, 0x20, 0x1B, 0xA1, 0xEB, 0x46, 
    0x6C, 0x69, 0x70, 0x41, 0x66, 0x74, 0x65, 0x72, 0x00, 0x2B, 0x20, 0x3B, 
    0xC3, 0x54, 0x43, 0x6C, 0x80, 0x05, 0x81, 0x61, 0x72, 0x54, 0x72, 0x69, 
    0x63, 0x6B, 0x51, 0x75, 0x65, 0x75, 0x65, 0x00, 0x2B, 0x24, 0x3B, 0x3D, 
    0x19, 0x54, 0x72, 0x69, 0x63, 0x6B, 0x5F, 0x42, 0x6F, 0x61, 0x72, 0x64, 
    0x73, 0x6C, 0x69, 0x64, 0x65, 0x5F, 0x42, 0x53, 0x00, 0x2B, 0x27, 0x8B, 
    0xFA, 0x91, 0x54, 0x72, 0x69, 0x63, 0x6B, 0x5F, 0x42, 0x6C, 0x75, 0x6E, 
    0x74, 0x73, 0x6C, 0x69, 0x64, 0x65, 0x5F, 0x42, 0x53, 0x5F, 0x31, 0x38, 
    0x30, 0x84, 0x75, 0x80, 0x28, 0xFB, 0xFE, 0x8F, 0x4F, 0x6C, 0x6C, 0x69, 
    0x65, 0x64, 0x00, 0x2B, 0x33, 0xEB, 0xF9, 0x39, 0x76, 0x65, 0x72, 0x74, 
    0x5F, 0x61, 0x6D, 0x70, 0x00, 0x2B, 0x35, 0x3B, 0xF9, 0x68, 0x4E, 0x6F, 
    0x72, 0x6D, 0x61, 0x6C, 0x5F, 0x47, 0x72, 0x69, 0x6E, 0x64, 0x00, 0x2B, 
    0x47, 0x4B, 0x16, 0x8D, 0x54, 0x61, 0x69, 0x6C, 0x47, 0x72, 0x69, 0x6E, 
    0x64, 0x46, 0x69, 0x6E, 0x67, 0x65, 0x80, 0xA9, 0x46, 0x6C, 0x69, 0x70, 
    0x00, 0x2B, 0x56, 0x6B, 0x93, 0x27, 0x54, 0x84, 0x61, 0x81, 0x63, 0x6B, 
    0x5F, 0x46, 0x72, 0x6F, 0x67, 0x67, 0x79, 0x47, 0x72, 0x69, 0x6E, 0x64, 
    0x32, 0x5F, 0x31, 0x38, 0x30, 0x00, 0x2B, 0x63, 0xCB, 0xE6, 0xFE, 0x48, 
    0x75, 0x6D, 0x61, 0x6E, 0x44, 0x61, 0x72, 0x74, 0x5F, 0x52, 0x61, 0x6E, 
    0x67, 0x65, 0x00, 0x2B, 0x65, 0xDB, 0xB3, 0x6D, 0x54, 0x72, 0x69, 0x63, 
    0x6B, 0x5F, 0x51, 0x75, 0x69, 0x63, 0x6B, 0x44, 0x72, 0x61, 0x77, 0x32, 
    0x00, 0x2B, 0x65, 0x3B, 0xF0, 0xD3, 0x54, 0x72, 0x69, 0x63, 0x6B, 0x5F, 
    0x44, 0x6F, 0x75, 0x62, 0x6C, 0x65, 0x42, 0x6C, 0x75, 0x6E, 0x74, 0x53, 
    0x6C, 0x69, 0x64, 0x80, 0x29, 0x81, 0x32, 0x00, 0x2B, 0x7B, 0x1B, 0x37, 
    0xBE, 0x42, 0x61, 0x64, 0x4C, 0x65, 0x64, 0x67, 0x65, 0x00, 0x2B, 0x84, 
    0x4B, 0xD4, 0x47, 0x4F, 0x66, 0x66, 0x4D, 0x65, 0x74, 0x65, 0x72, 0x42, 
    0x6F, 0x74, 0x74, 0x6F, 0x6D, 0x00, 0x2B, 0x8B, 0x3B, 0x41, 0xA4, 0x53, 
    0x68, 0x61, 0x6B, 0x65, 0x43, 0x61, 0x6D, 0x65, 0x72, 0x61, 0x00, 0x2B, 
    0x9C, 0x3B, 0x2F, 0x64, 0x57, 0x6F, 0x62, 0x62, 0x6C, 0x65, 0x41, 0x6D, 
    0x70, 0x42, 0x00, 0x2B, 0xA1, 0xEB, 0xB8, 0x99, 0x54, 0x80, 0x05, 0x80, 
    0x69, 0x63, 0x6B, 0x5F, 0x48, 0x75, 0x6D, 0x61, 0x6E, 0x44, 0x61, 0x72, 
    0x74, 0x5F, 0x42, 0x53, 0x00, 0x2B, 0xA4, 0x9B, 0x54, 0x98, 0x41, 0x6E, 
    0x69, 0x6D, 0x00, 0x2B, 0xA6, 0x1B, 0x4A, 0xC7, 0x46, 0x61, 0x80, 0x4D, 
    0x80, 0x63, 0x6F, 0x6E, 0x53, 0x6C, 0x69, 0x64, 0x65, 0x5F, 0x49, 0x64, 
    0x6C, 0x65, 0x00, 0x2B, 0xAA, 0x1B, 0x01, 0x65, 0x46, 0x6C, 0x69, 0x70, 
    0x00, 0x2B, 0xB0, 0x0B, 0x15, 0xC2, 0x42, 0x6C, 0x6F, 0x63, 0x6B, 0x73, 
    0x70, 0x69, 0x6E, 0x00, 0x2B, 0xB0, 0x9B, 0xC7, 0xD8, 0x53, 0x65, 0x74, 
    0x51, 0x75, 0x65, 0x75, 0x65, 0x90, 0x5D, 0x82, 0x73, 0x00, 0x2B, 0xB6, 
    0xDB, 0x42, 0xDC, 0x54, 0x72, 0x69, 0x63, 0x6B, 0x5F, 0x4F, 0x6E, 0x65, 
    0x46, 0x6F, 0x6F, 0x74, 0x53, 0x6D, 0x69, 0x74, 0x68, 0x5F, 0x42, 0x53, 
    0x5F, 0x31, 0x38, 0x30, 0x00, 0x2B, 0xBA, 0xFB, 0x11, 0xFE, 0x54, 0x72, 
    0x69, 0x63, 0x6B, 0x5F, 0x44, 0x61, 0x72, 0x6B, 0x73, 0x6C, 0x69, 0x64, 
    0x65, 0x5F, 0x42, 0x53, 0x00, 0x2B, 0xC2, 0xAB, 0xFE, 0x83, 0x46, 0x53, 
    0x4E, 0x6F, 0x73, 0x65, 0x53, 0x6C, 0x69, 0x64, 0x65, 0x4C, 0x69, 0x70, 
    0x53, 0x6C, 0x69, 0x64, 0x65, 0x00, 0x2B, 0xC6, 0xAB, 0xA0, 0xFA, 0x62, 
    0x75, 0x73, 0x74, 0x65, 0x64, 0x62, 0x6F, 0x61, 0x72, 0x64, 0x5F, 0x64, 
    0x65, 0x74, 0x61, 0x69, 0x6C, 0x73, 0x00, 0x2B, 0xCA, 0xDB, 0xB3, 0x62, 
    0x73, 0x70, 0x65, 0x63, 0x69, 0x61, 0x6C, 0x5F, 0x80, 0x35, 0x81, 0x74, 
    0x65, 0x6D, 0x00, 0x2B, 0xD3, 0x5B, 0x85, 0x82, 0x54, 0x72, 0x69, 0x63, 
    0x6B, 0x5F, 0x53, 0x70, 0x72, 0x61, 0x79, 0x50, 0x61, 0x69, 0x6E, 0x74, 
    0x47, 0x72, 0x69, 0x6E, 0x64, 0x32, 0x00, 0x2B, 0xD3, 0xBB, 0xDA, 0x28, 
    0x53, 0x70, 0x65, 0x63, 0x69, 0x61, 0x6C, 0x53, 0x6F, 0x75, 0x6E, 0x64, 
    0x73, 0x00, 0x2B, 0xD6, 0x0B, 0x1E, 0x36, 0x49, 0x6E, 0x69, 0x74, 0x5F, 
    0x46, 0x53, 0x46, 0x65, 0x65, 0x62, 0x6C, 0x65, 0x00, 0x2B, 0xDB, 0x6B, 
    0x3B, 0x2E, 0x62, 0x69, 0x74, 0x80, 0x09, 0x86, 0x68, 0x73, 0x6C, 0x61, 
    0x70, 0x32, 0x00, 0x2B, 0xE8, 0x2B, 0xB8, 0x63, 0x54, 0x72, 0x69, 0x63, 
    0x6B, 0x5F, 0x35, 0x30, 0x35, 0x30, 0x5F, 0x42, 0x53, 0x5F, 0x31, 0x38, 
    0x30, 0x00, 0x2B, 0xEC, 0x8B, 0x72, 0xF8, 0x45, 0x78, 0x00, 0x2B, 0xEC, 
    0x3B, 0x3D, 0x8E, 0x43, 0x6C, 0x65, 0x61, 0x72, 0x4D, 0x61, 0x6E, 0x75, 
    0x61, 0x6C, 0x54, 0x72, 0x69, 0x63, 0x6B, 0x00, 0x2B, 0xF8, 0x5B, 0x22, 
    0x9F, 0x54, 0x72, 0x69, 0x63, 0x6B, 0x5F, 0x35, 0x30, 0x35, 0x30, 0x5F, 
    0x42, 0x53, 0x00, 0x2B, 0x00, 0x5C, 0xA6, 0x91, 0x66, 0x61, 0x6E, 0x64, 
    0x61, 0x6E, 0x67, 0x6C, 0x65, 0x5F, 0x49, 0x6E, 0x69, 0x74, 0x00, 0x2B, 
    0x00, 0x1C, 0x33, 0xCA, 0x54, 0x72, 0x69, 0x63, 0x6B, 0x5F, 0x43, 0x6F, 
    0x66, 0x66, 0x69, 0x6E, 0x5F, 0x46, 0x53, 0x00, 0x2B, 0x07, 0x6C, 0xA1, 
    0x0A, 0x54, 0x72, 0x69, 0x63, 0x6B, 0x5F, 0x4E, 0x6F, 0x73, 0x65, 0x47, 
    0x72, 0x69, 0x6E, 0x64, 0x5F, 0x46, 0x53, 0x5F, 0x31, 0x38, 0x30, 0x00, 
    0x2B, 0x0C, 0x7C, 0xE3, 0x21, 0x54, 0x72, 0x69, 0x63, 0x6B, 0x5F, 0x4C, 
    0x69, 0x70, 0x73, 0x6C, 0x69, 0x64, 0x65, 0x5F, 0x46, 0x53, 0x00, 0x2B, 
    0x13, 0x1C, 0x15, 0x98, 0x4E, 0x6F, 0x73, 0x65, 0x67, 0x72, 0x69, 0x6E, 
    0x64, 0x50, 0x69, 0x76, 0x6F, 0x74, 0x5F, 0x4F, 0x75, 0x74, 0x00, 0x2B, 
    0x1A, 0x7C, 0x11, 0x82, 0x57, 0x61, 0x69, 0x74, 0x00, 0x2B, 0x1B, 0xDC, 
    0x89, 0x74, 0x54, 0x72, 0x69, 0x63, 0x6B, 0x5F, 0x47, 0x72, 0x69, 0x6E, 
    0x64, 0x4F, 0x76, 0x65, 0x72, 0x74, 0x75, 0x80, 0x1D, 0x81, 0x6E, 0x5F, 
    0x46, 0x53, 0x00, 0x2B, 0x27, 0x6C, 0x83, 0xEC, 0x54, 0x72, 0x69, 0x63, 
    0x6B, 0x5F, 0x48, 0x75, 0x72, 0x72, 0x69, 0x63, 0x61, 0x6E, 0x65, 0x5F, 
    0x42, 0x53, 0x5F, 0x31, 0x38, 0x30, 0x00, 0x2B, 0x2A, 0x6C, 0xDC, 0x4A, 
    0x43, 0x72, 0x6F, 0x75, 0x63, 0x68, 0x65, 0x64, 0x00, 0x2B, 0x2F, 0xCC, 
    0xE3, 0xD4, 0x4D, 0x61, 0x64, 0x65, 0x4F, 0x74, 0x68, 0x65, 0x72, 0x53, 
    0x6B, 0x61, 0x74, 0x65, 0x72, 0x42, 0x61, 0x69, 0x6C, 0x5F, 0x80, 0x5D, 
    0x80, 0x61, 0x6C, 0x6C, 0x65, 0x64, 0x00, 0x2B, 0x42, 0x5C, 0xCA, 0x11, 
    0x43, 0x6C, 0x65, 0x61, 0x72, 0x50, 0x61, 0x6E, 0x65, 0x6C, 0x5F, 0x4C, 
    0x61, 0x6E, 0x64, 0x65, 0x64, 0x00, 0x2B, 0x48, 0xCC, 0x7F, 0x1D, 0x47, 
    0x68, 0x65, 0x74, 0x74, 0x6F, 0x54, 0x61, 0x67, 0x47, 0x72, 0x69, 0x6E, 
    0x64, 0x00, 0x2B, 0x50, 0x2C, 0xE0, 0x42, 0x54, 0x72, 0x80, 0x49, 0x80, 
    0x63, 0x6B, 0x5F, 0x43, 0x72, 0x6F, 0x6F, 0x6B, 0x65, 0x64, 0x42, 0x69, 
    0x67, 0x53, 0x70, 0x69, 0x6E, 0x5F, 0x46, 0x53, 0x00, 0x2B, 0x65, 0x0C, 
    0xDE, 0xD9, 0x46, 0x6C, 0x69, 0x70, 0x41, 0x6E, 0x64, 0x52, 0x6F, 0x74, 
    0x61, 0x74, 0x65, 0x00, 0x2B, 0x6B, 0xBC, 0x55, 0x96, 0x49, 0x6E, 0x69, 
    0x74, 0x5F, 0x42, 0x80, 0x25, 0x81, 0x53, 0x6D, 0x69, 0x74, 0x68, 0x00, 
    0x2B, 0x71, 0xDC, 0x27, 0x76, 0x53, 0x65, 0x74, 0x45, 0x78, 0x74, 0x72, 
    0x61, 0x54, 0x72, 0x69, 0x63, 0x6B, 0x73, 0x00, 0x2B, 0x7D, 0xDC, 0x28, 
    0xB0, 0x46, 0x53, 0x54, 0x61, 0x69, 0x6C, 0x73, 0x6C, 0x69, 0x64, 0x65, 
    0x5F, 0x4F, 0x75, 0x74, 0x00, 0x2B, 0x83, 0x9C, 0xE1, 0x5D, 0x57, 0x61, 
    0x6C, 0x6C, 0x52, 0x69, 0x64, 0x65, 0x4C, 0x65, 0x66, 0x74, 0x00, 0x2B, 
    0x83, 0x2C, 0x07, 0x2D, 0x4E, 0x6F, 0x42, 0x6C, 0x80, 0x55, 0x81, 0x6E, 
    0x64, 0x00, 0x2B, 0x85, 0xAC, 0x6E, 0x93, 0x4E, 0x6F, 0x73, 0x65, 0x73, 
    0x6C, 0x69, 0x64, 0x65, 0x5F, 0x72, 0x61, 0x6E, 0x67, 0x65, 0x00, 0x2B, 
    0x86, 0x8C, 0x24, 0x82, 0x48, 0x75, 0x6C, 0x61, 0x48, 0x6F, 0x6F, 0x70, 
    0x47, 0x72, 0x69, 0x6E, 0x64, 0x5F, 0x49, 0x64, 0x6C, 0x65, 0x00, 0x2B, 
    0x88, 0x1C, 0xDA, 0x10, 0x43, 0x6C, 0x65, 0x61, 0x72, 0x45, 0x78, 0x63, 
    0x65, 0x70, 0x74, 0x69, 0x6F, 0x6E, 0x73, 0x00, 0x2B, 0x8F, 0x7C, 0xA8, 
    0x54, 0x45, 0x78, 0x74, 0x72, 0x61, 0x5F, 0x54, 0x61, 0x69, 0x6C, 0x47, 
    0x72, 0x80, 0xA9, 0x6E, 0x64, 0x73, 0x5F, 0x42, 0x53, 0x00, 0x2B, 0x8F, 
    0x9C, 0xF8, 0x80, 0xA9, 0x45, 0x78, 0x74, 0x72, 0x61, 0x5F, 0x46, 0x53, 
    0x5F, 0x47, 0x72, 0x80, 0xC1, 0x6E, 0x64, 0x73, 0x00, 0x2B, 0x94, 0x5C, 
    0xCF, 0x74, 0x57, 0x61, 0x69, 0x74, 0x41, 0x6E, 0x69, 0x6D, 0x84, 0x81, 
    0x97, 0x80, 0x2D, 0x87, 0x00, 0x58, 0x67, 0x72, 0x6F, 0x75, 0x6E, 0x64, 
    0x00, 0x2B, 0x9C, 0x7C, 0x9B, 0xFB, 0x4E, 0x6F, 0x6C, 0x6C, 0x69, 0x65, 
    0x4F, 0x66, 0x66, 0x00, 0x2B, 0x9E, 0xCC, 0x8B, 0x6D, 0x54, 0x72, 0x69, 
    0x63, 0x6B, 0x5F, 0x46, 0x65, 0x65, 0x62, 0x6C, 0x65, 0x5F, 0x46, 0x53, 
    0x5F, 0x31, 0x38, 0x30, 0x00, 0x2B, 0xA0, 0xAC, 0x16, 0x7A, 0x49, 0x73, 
    0x45, 0x78, 0x74, 0x72, 0x61, 0x00, 0x2B, 0xC1, 0x1C, 0x96, 0xC0, 0x54, 
    0x72, 0x69, 0x63, 0x6B, 0x5F, 0x43, 0x61, 0x72, 0x74, 0x57, 0x68, 0x65, 
    0x65, 0x6C, 0x74, 0x6F, 0x35, 0x30, 0x35, 0x30, 0x32, 0x5F, 0x31, 0x38, 
    0x30, 0x00, 0x2B, 0xC1, 0x9C, 0x77, 0xC9, 0x44, 0x72, 0x75, 0x6E, 0x6B, 
    0x47, 0x72, 0x69, 0x6E, 0x64, 0x5F, 0x49, 0x6E, 0x69, 0x74, 0x00, 0x2B, 
    0xCB, 0x4C, 0x8D, 0x0C, 0x46, 0x61, 0x6E, 0x64, 0x61, 0x6E, 0x67, 0x6C, 
    0x65, 0x5F, 0x4F, 0x75, 0x74, 0x00, 0x2B, 0xCB, 0x9C, 0x3B, 0x79, 0x54, 
    0x72, 0x69, 0x63, 0x6B, 0x5F, 0x4E, 0x6F, 0x73, 0x65, 0x62, 0x6C, 0x75, 
    0x6E, 0x74, 0x73, 0x6C, 0x69, 0x64, 0x65, 0x5F, 0x46, 0x53, 0x5F, 0x31, 
    0x38, 0x30, 0x00, 0x2B, 0xCB, 0x1C, 0xB8, 0xCD, 0x47, 0x72, 0x69, 0x6E, 
    0x64, 0x5F, 0x4B, 0x69, 0x73, 0x73, 0x65, 0x64, 0x00, 0x2B, 0xCE, 0x6C, 
    0xBC, 0x96, 0x54, 0x72, 0x69, 0x63, 0x6B, 0x5F, 0x35, 0x5F, 0x30, 0x5F, 
    0x46, 0x53, 0x00, 0x2B, 0xF0, 0x0C, 0x60, 0x9C, 0x54, 0x72, 0x69, 0x63, 
    0x6B, 0x5F, 0x54, 0x61, 0x69, 0x6C, 0x73, 0x6C, 0x69, 0x64, 0x65, 0x5F, 
    0x46, 0x53, 0x5F, 0x6F, 0x6B, 0x00, 0x2B, 0xF3, 0xAC, 0x4A, 0x96, 0x57, 
    0x6F, 0x62, 0x62, 0x6C, 0x65, 0x4B, 0x32, 0x00, 0x2B, 0xF4, 0xCC, 0x7F, 
    0x94, 0x53, 0x65, 0x74, 0x52, 0x61, 0x69, 0x6C, 0x53, 0x6F, 0x75, 0x6E, 
    0x64, 0x00, 0x2B, 0xF6, 0x6C, 0x14, 0x50, 0x54, 0x80, 0xB1, 0x69, 0x63, 
    0x6B, 0x5F, 0x35, 0x30, 0x46, 0x69, 0x6E, 0x67, 0x65, 0x72, 0x66, 0x80, 
    0x61, 0x80, 0x69, 0x70, 0x32, 0x5F, 0x31, 0x38, 0x30, 0x00, 0x2B, 0x04, 
    0x2D, 0x6C, 0x5C, 0x73, 0x74, 0x61, 0x74, 0x65, 0x00, 0x2B, 0x0A, 0xAD, 
    0x2E, 0x95, 0x54, 0x72, 0x69, 0x63, 0x6B, 0x5F, 0x43, 0x72, 0x61, 0x69, 
    0x6C, 0x53, 0x6C, 0x69, 0x64, 0x65, 0x5F, 0x42, 0x53, 0x5F, 0x31, 0x38, 
    0x30, 0x00, 0x2B, 0x14, 0x7D, 0x2E, 0x92, 0x46, 0x72, 0x61, 0x6D, 0x80, 
    0x29, 0x80, 0x49, 0x73, 0x00, 0x2B, 0x1C, 0xBD, 0xDB, 0x94, 0x53, 0x70, 
    0x65, 0x65, 0x64, 0x4D, 0x75, 0x6C, 0x74, 0x00, 0x2B, 0x24, 0x5D, 0xC0, 
    0x77, 0x54, 0x72, 0x69, 0x63, 0x6B, 0x5F, 0x53, 0x6D, 0x69, 0x74, 0x68, 
    0x5F, 0x46, 0x53, 0x00, 0x2B, 0x3B, 0x6D, 0x7B, 0x35, 0x80, 0x81, 0x72, 
    0x80, 0x39, 0x80, 0x63, 0x6B, 0x5F, 0x52, 0x6F, 0x63, 0x6B, 0x65, 0x74, 
    0x54, 0x61, 0x69, 0x6C, 0x73, 0x6C, 0x69, 0x64, 0x65, 0x5F, 0x46, 0x53, 
    0x5F, 0x31, 0x38, 0x30, 0x00, 0x2B, 0x3E, 0xFD, 0xCD, 0xC7, 0x53, 0x70, 
    0x72, 0x61, 0x79, 0x50, 0x61, 0x69, 0x6E, 0x74, 0x5F, 0x52, 0x61, 0x6E, 
    0x67, 0x65, 0x84, 0x91, 0x3E, 0xFD, 0x26, 0x1E, 0x74, 0x8C, 0x05, 0x83, 
    0x73, 0x00, 0x2B, 0x40, 0x0D, 0x1E, 0x5C, 0x54, 0x72, 0x69, 0x63, 0x6B, 
    0x5F, 0x42, 0x69, 0x67, 0x48, 0x69, 0x74, 0x74, 0x65, 0x72, 0x5F, 0x46, 
    0x53, 0x5F, 0x31, 0x38, 0x30, 0x00, 0x2B, 0x49, 0xFD, 0x43, 0x0F, 0x57, 
    0x6F, 0x62, 0x62, 0x6C, 0x65, 0x4B, 0x31, 0x00, 0x2B, 0x4B, 0xCD, 0x0D, 
    0x7A, 0x41, 0x64, 0x6A, 0x75, 0x73, 0x74, 0x42, 0x61, 0x6C, 0x61, 0x6E, 
    0x63, 0x65, 0x00, 0x2B, 0x5A, 0x9D, 0x13, 0x5E, 0x42, 0x69, 0x67, 0x48, 
    0x69, 0x74, 0x74, 0x65, 0x72, 0x5F, 0x6F, 0x75, 0x74, 0x00, 0x2B, 0x5C, 
    0x8D, 0x2E, 0xF3, 0x44, 0x69, 0x73, 0x70, 0x6C, 0x61, 0x79, 0x00, 0x2B, 
    0x5F, 0x9D, 0x2A, 0x3B, 0x54, 0x72, 0x69, 0x63, 0x6B, 0x5F, 0x4E, 0x6F, 
    0x73, 0x65, 0x73, 0x6C, 0x69, 0x64, 0x65, 0x5F, 0x42, 0x53, 0x5F, 0x31, 
    0x38, 0x30, 0x00, 0x2B, 0x64, 0x3D, 0xE6, 0x20, 0x54, 0x72, 0x80, 0xFD, 
    0x63, 0x6B, 0x5F, 0x43, 0x72, 0x6F, 0x6F, 0x6B, 0x65, 0x64, 0x42, 0x69, 
    0x67, 0x53, 0x70, 0x69, 0x6E, 0x5F, 0x42, 0x53, 0x5F, 0x31, 0x38, 0x30, 
    0x00, 0x2B, 0x71, 0x0D, 0x59, 0x72, 0x4E, 0x6F, 0x90, 0x21, 0x80, 0x73, 
    0x00, 0x2B, 0x75, 0x4D, 0x3C, 0x05, 0x54, 0x72, 0x69, 0x63, 0x6B, 0x5F, 
    0x4E, 0x6F, 0x73, 0x65, 0x53, 0x6C, 0x69, 0x64, 0x65, 0x5F, 0x46, 0x53, 
    0x00, 0x2B, 0x79, 0x1D, 0x71, 0xED, 0x42, 0x53, 0x4E, 0x6F, 0x73, 0x65, 
    0x73, 0x6C, 0x69, 0x64, 0x80, 0x89, 0x5F, 0x4F, 0x75, 0x80, 0x2D, 0x81, 
    0x00, 0x2B, 0x7E, 0x4D, 0x1D, 0xEE, 0x52, 0x65, 0x76, 0x65, 0x72, 0x74, 
    0x73, 0x00, 0x2B, 0x7F, 0x7D, 0x6C, 0x48, 0x53, 0x70, 0x72, 0x61, 0x79, 
    0x50, 0x61, 0x69, 0x6E, 0x74, 0x5F, 0x4F, 0x75, 0x74, 0x00, 0x2B, 0x82, 
    0x3D, 0x9F, 0xFA, 0x54, 0x72, 0x69, 0x63, 0x6B, 0x5F, 0x4F, 0x6E, 0x65, 
    0x46, 0x6F, 0x6F, 0x74, 0x53, 0x6D, 0x69, 0x74, 0x68, 0x5F, 0x46, 0x53, 
    0x00, 0x2B, 0x83, 0xCD, 0x14, 0x34, 0x45, 0x78, 0x74, 0x72, 0x61, 0x5F, 
    0x42, 0x53, 0x5F, 0x47, 0x84, 0x05, 0x85, 0x6E, 0x64, 0x73, 0x00, 0x2B, 
    0x87, 0xED, 0xDD, 0xF7, 0x54, 0x72, 0x69, 0x63, 0x6B, 0x5F, 0x54, 0x61, 
    0x69, 0x6C, 0x73, 0x6C, 0x69, 0x64, 0x65, 0x5F, 0x42, 0x53, 0x5F, 0x31, 
    0x38, 0x30, 0x00, 0x2B, 0x8A, 0x7D, 0xDE, 0xE1, 0x54, 0x72, 0x69, 0x63, 
    0x6B, 0x5F, 0x42, 0x6C, 0x75, 0x6E, 0x74, 0x73, 0x6C, 0x69, 0x64, 0x65, 
    0x5F, 0x42, 0x53, 0x00, 0x2B, 0xA0, 0xCD, 0x27, 0xD3, 0x44, 0x72, 0x75, 
    0x6E, 0x6B, 0x47, 0x72, 0x69, 0x6E, 0x64, 0x5F, 0x49, 0x64, 0x6C, 0x65, 
    0x00, 0x2B, 0xA4, 0x2D, 0xDB, 0x05, 0x47, 0x72, 0x69, 0x6E, 0x64, 0x4F, 
    0x76, 0x65, 0x72, 0x74, 0x75, 0x72, 0x6E, 0x5F, 0x52, 0x61, 0x6E, 0x67, 
    0x65, 0x00, 0x2B, 0xA6, 0xFD, 0x14, 0xB9, 0x46, 0x69, 0x66, 0x74, 0x79, 
    0x46, 0x69, 0x66, 0x74, 0x79, 0x5F, 0x52, 0x61, 0x6E, 0x67, 0x65, 0x00, 
    0x2B, 0xB7, 0x7D, 0x3F, 0x0E, 0x4F, 0x75, 0x74, 0x41, 0x6E, 0x69, 0x6D, 
    0x00, 0x2B, 0xB9, 0x1D, 0x4D, 0xC4, 0x54, 0x61, 0x69, 0x6C, 0x62, 0x6C, 
    0x6F, 0x63, 0x6B, 0x53, 0x6C, 0x69, 0x64, 0x65, 0x5F, 0x52, 0x61, 0x6E, 
    0x67, 0x65, 0x00, 0x2B, 0xBB, 0x8D, 0x71, 0x6E, 0x49, 0x6E, 0x69, 0x74, 
    0x5F, 0x46, 0x69, 0x66, 0x74, 0x79, 0x46, 0x69, 0x66, 0x74, 0x79, 0x00, 
    0x2B, 0xD9, 0x8D, 0x6B, 0xAB, 0x43, 0x6C, 0x65, 0x61, 0x80, 0x5D, 0x80, 
    0x45, 0x78, 0x74, 0x72, 0x61, 0x47, 0x72, 0x69, 0x6E, 0x64, 0x54, 0x72, 
    0x69, 0x63, 0x6B, 0x00, 0x2B, 0xE7, 0xDD, 0x74, 0x98, 0x48, 0x75, 0x6C, 
    0x61, 0x48, 0x6F, 0x6F, 0x70, 0x47, 0x72, 0x69, 0x6E, 0x64, 0x5F, 0x49, 
    0x6E, 0x69, 0x74, 0x00, 0x2B, 0xE8, 0x8D, 0x2B, 0xCB, 0x4A, 0x61, 0x6D, 
    0x69, 0x65, 0x5F, 0x48, 0x65, 0x72, 0x6F, 0x53, 0x80, 0x45, 0x80, 0x75, 
    0x6E, 0x64, 0x73, 0x00, 0x2B, 0xEB, 0xBD, 0x91, 0x83, 0x4E, 0x6F, 0x73, 
    0x65, 0x47, 0x72, 0x69, 0x6E, 0x64, 0x5F, 0x52, 0x61, 0x6E, 0x67, 0x65, 
    0x00, 0x2B, 0xEC, 0x1D, 0xE1, 0xE7, 0x45, 0x78, 0x74, 0x72, 0x61, 0x5F, 
    0x4E, 0x6F, 0x73, 0x65, 0x47, 0x72, 0x69, 0x6E, 0x64, 0x73, 0x5F, 0x46, 
    0x53, 0x84, 0x8D, 0xF3, 0xAD, 0x76, 0xC8, 0x84, 0x6D, 0x80, 0x74, 0x61, 
    0x74, 0x65, 0x00, 0x2B, 0x02, 0x2E, 0x8C, 0x4E, 0x52, 0x6F, 0x77, 0x6C, 
    0x65, 0x79, 0x44, 0x61, 0x72, 0x6B, 0x53, 0x6C, 0x69, 0x64, 0x65, 0x5F, 
    0x52, 0x61, 0x6E, 0x67, 0x65, 0x00, 0x2B, 0x09, 0xFE, 0x09, 0xFE, 0x4E, 
    0x6F, 0x52, 0x65, 0x73, 0x74, 0x61, 0x72, 0x74, 0x00, 0x2B, 0x0C, 0x6E, 
    0x70, 0xC2, 0x53, 0x6D, 0x69, 0x74, 0x68, 0x5F, 0x49, 0x6E, 0x80, 0xB9, 
    0x74, 0x00, 0x2B, 0x0D, 0x1E, 0xA7, 0xD0, 0x46, 0x61, 0x6C, 0x6C, 0x69, 
    0x6E, 0x67, 0x52, 0x80, 0x61, 0x81, 0x67, 0x68, 0x74, 0x00, 0x2B, 0x11, 
    0x2E, 0x30, 0x91, 0x54, 0x72, 0x69, 0x63, 0x6B, 0x5F, 0x4E, 0x6F, 0x73, 
    0x65, 0x47, 0x72, 0x69, 0x6E, 0x64, 0x5F, 0x42, 0x53, 0x5F, 0x31, 0x38, 
    0x30, 0x00, 0x2B, 0x20, 0xFE, 0x51, 0x7D, 0x54, 0x72, 0x69, 0x63, 0x6B, 
    0x5F, 0x42, 0x6F, 0x61, 0x72, 0x64, 0x73, 0x6C, 0x69, 0x64, 0x65, 0x5F, 
    0x46, 0x53, 0x00, 0x2B, 0x23, 0x2E, 0xB2, 0xD3, 0x54, 0x72, 0x69, 0x63, 
    0x6B, 0x5F, 0x52, 0x6F, 0x63, 0x6B, 0x4F, 0x75, 0x74, 0x47, 0x72, 0x69, 
    0x6E, 0x64, 0x32, 0x00, 0x2B, 0x24, 0x0E, 0xF1, 0x47, 0x48, 0x75, 0x80, 
    0xE1, 0x61, 0x68, 0x6F, 0x6F, 0x70, 0x5F, 0x64, 0x65, 0x74, 0x61, 0x69, 
    0x6C, 0x73, 0x00, 0x2B, 0x29, 0x4E, 0x62, 0xD6, 0x53, 0x63, 0x72, 0x65, 
    0x65, 0x6E, 0x80, 0x81, 0x68, 0x80, 0xD1, 0x6B, 0x65, 0x00, 0x2B, 0x30, 
    0x2E, 0x79, 0x7C, 0x46, 0x53, 0x53, 0x61, 0x6C, 0x61, 0x64, 0x47, 0x72, 
    0x69, 0x6E, 0x64, 0x5F, 0x80, 0x1D, 0x80, 0x61, 0x6E, 0x67, 0x65, 0x00, 
    0x2B, 0x31, 0x2E, 0x12, 0x77, 0x54, 0x72, 0x69, 0x63, 0x6B, 0x5F, 0x48, 
    0x75, 0x72, 0x72, 0x69, 0x63, 0x61, 0x6E, 0x65, 0x5F, 0x46, 0x53, 0x5F, 
    0x31, 0x38, 0x30, 0x00, 0x2B, 0x39, 0x5E, 0x5E, 0x91, 0x53, 0x6B, 0x80, 
    0xD5, 0x74, 0x65, 0x72, 0x43, 0x6F, 0x6C, 0x6C, 0x69, 0x64, 0x65, 0x42, 
    0x61, 0x69, 0x6C, 0x00, 0x2B, 0x45, 0xCE, 0xAF, 0xD3, 0x48, 0x61, 0x80, 
    0x4D, 0x81, 0x67, 0x54, 0x65, 0x6E, 0x4E, 0x6F, 0x73, 0x65, 0x47, 0x72, 
    0x69, 0x6E, 0x64, 0x5F, 0x4F, 0x75, 0x74, 0x00, 0x2B, 0x4C, 0x5E, 0xDF, 
    0x64, 0x57, 0x61, 0x69, 0x74, 0x41, 0x6E, 0x69, 0x6D, 0x57, 0x68, 0x69, 
    0x6C, 0x73, 0x74, 0x43, 0x68, 0x65, 0x63, 0x6B, 0x69, 0x6E, 0x67, 0x00, 
    0x2B, 0x57, 0x4E, 0xCE, 0x73, 0x46, 0x61, 0x6C, 0x6C, 0x69, 0x6E, 0x67, 
    0x4C, 0x65, 0x66, 0x74, 0x00, 0x2B, 0x5E, 0x0E, 0xF8, 0x42, 0x43, 0x68, 
    0x65, 0x63, 0x6B, 0x47, 0x61, 0x70, 0x54, 0x72, 0x69, 0x63, 0x6B, 0x73, 
    0x00, 0x2B, 0x80, 0xC9, 0xBE, 0xE9, 0x25, 0x46, 0x65, 0x72, 0x72, 0x65, 
    0x74, 0x5F, 0x49, 0x64, 0x6C, 0x65, 0x00, 0x2B, 0x6C, 0x2E, 0x79, 0x80, 
    0x8D, 0x43, 0x79, 0x63, 0x6C, 0x80, 0x99, 0x00, 0x2B, 0x7B, 0x9E, 0x0C, 
    0x2C, 0x4F, 0x80, 0x75, 0x81, 0x45, 0x78, 0x63, 0x65, 0x70, 0x74, 0x69, 
    0x6F, 0x6E, 0x52, 0x75, 0x6E, 0x00, 0x2B, 0x82, 0x0E, 0x1B, 0x47, 0x49, 
    0x6E, 0x69, 0x74, 0x5F, 0x46, 0x53, 0x4E, 0x6F, 0x73, 0x65, 0x73, 0x6C, 
    0x69, 0x64, 0x65, 0x00, 0x2B, 0x88, 0x8E, 0x5D, 0x0B, 0x44, 0x61, 0x72, 
    0x6B, 0x73, 0x6C, 0x69, 0x64, 0x65, 0x5F, 0x52, 0x61, 0x6E, 0x67, 0x65, 
    0x00, 0x2B, 0x88, 0x8E, 0x1A, 0xF6, 0x54, 0x72, 0x69, 0x63, 0x6B, 0x5F, 
    0x46, 0x65, 0x65, 0x62, 0x6C, 0x65, 0x5F, 0x42, 0x53, 0x5F, 0x31, 0x38, 
    0x30, 0x00, 0x2B, 0x9F, 0x6E, 0xB5, 0xD7, 0x46, 0x6C, 0x69, 0x70, 0x41, 
    0x66, 0x74, 0x65, 0x80, 0xA9, 0x49, 0x6E, 0x69, 0x74, 0x00, 0x2B, 0xA5, 
    0x2E, 0xD4, 0xFD, 0x54, 0x80, 0x11, 0x80, 0x69, 0x63, 0x6B, 0x5F, 0x48, 
    0x75, 0x6D, 0x61, 0x6E, 0x44, 0x61, 0x72, 0x74, 0x5F, 0x46, 0x53, 0x00, 
    0x2B, 0xB3, 0xFE, 0x6C, 0x94, 0x43, 0x6F, 0x66, 0x66, 0x69, 0x6E, 0x47, 
    0x72, 0x69, 0x6E, 0x64, 0x5F, 0x52, 0x61, 0x6E, 0x80, 0x41, 0x83, 0x65, 
    0x00, 0x2B, 0xB6, 0x9E, 0x3A, 0x19, 0x4E, 0x6F, 0x73, 0x65, 0x67, 0x72, 
    0x69, 0x6E, 0x64, 0x50, 0x69, 0x76, 0x6F, 0x74, 0x5F, 0x49, 0x6E, 0x69, 
    0x74, 0x00, 0x2B, 0xBE, 0x3E, 0x7D, 0x9A, 0x54, 0x72, 0x69, 0x63, 0x6B, 
    0x5F, 0x44, 0x61, 0x72, 0x6B, 0x73, 0x6C, 0x69, 0x64, 0x65, 0x5F, 0x46, 
    0x53, 0x00, 0x2B, 0xBE, 0xCE, 0xE3, 0x30, 0x42, 0x53, 0x42, 0x6C, 0x75, 
    0x6E, 0x74, 0x53, 0x6C, 0x69, 0x64, 0x65, 0x5F, 0x72, 0x61, 0x6E, 0x67, 
    0x65, 0x00, 0x2B, 0xC6, 0xFE, 0x01, 0x57, 0x52, 0x6F, 0x63, 0x6B, 0x4F, 
    0x75, 0x74, 0x47, 0x72, 0x69, 0x6E, 0x64, 0x5F, 0x49, 0x64, 0x6C, 0x65, 
    0x00, 0x2B, 0xCE, 0x1E, 0xB1, 0x11, 0x53, 0x6D, 0x69, 0x74, 0x68, 0x46, 
    0x53, 0x5F, 0x52, 0x61, 0x6E, 0x67, 0x65, 0x00, 0x2B, 0xD3, 0x1E, 0x15, 
    0x5A, 0x6D, 0x6F, 0x76, 0x65, 0x79, 0x00, 0x2B, 0xD6, 0x1E, 0x8A, 0xD4, 
    0x45, 0x6C, 0x62, 0x6F, 0x77, 0x53, 0x6D, 0x61, 0x73, 0x68, 0x5F, 0x49, 
    0x80, 0xD9, 0x69, 0x74, 0x00, 0x2B, 0xD7, 0x4E, 0x14, 0x8C, 0x47, 0x72, 
    0x69, 0x6E, 0x64, 0x5F, 0x53, 0x63, 0x72, 0x65, 0x65, 0x6E, 0x53, 0x68, 
    0x61, 0x80, 0x11, 0x84, 0x65, 0x00, 0x2B, 0xDD, 0xDE, 0xAA, 0xE2, 0x54, 
    0x72, 0x69, 0x63, 0x6B, 0x5F, 0x4E, 0x6F, 0x73, 0x65, 0x62, 0x6C, 0x75, 
    0x6E, 0x74, 0x73, 0x6C, 0x69, 0x64, 0x65, 0x5F, 0x42, 0x53, 0x5F, 0x31, 
    0x38, 0x30, 0x00, 0x2B, 0xE1, 0x0E, 0x26, 0xD7, 0x4A, 0x61, 0x6E, 0x67, 
    0x6F, 0x51, 0x75, 0x69, 0x63, 0x6B, 0x44, 0x72, 0x61, 0x77, 0x5F, 0x49, 
    0x6E, 0x69, 0x74, 0x00, 0x2B, 0xEA, 0x0E, 0xAE, 0x48, 0x6D, 0x61, 0x75, 
    0x6C, 0x00, 0x2B, 0xF4, 0xAE, 0x50, 0x87, 0x49, 0x6E, 0x69, 0x74, 0x5F, 
    0x54, 0x61, 0x69, 0x6C, 0x67, 0x72, 0x69, 0x6E, 0x64, 0x00, 0x2B, 0xF7, 
    0x5E, 0xE4, 0xDC, 0x54, 0x72, 0x69, 0x63, 0x6B, 0x5F, 0x4E, 0x47, 0x43, 
    0x52, 0x6F, 0x6F, 0x6B, 0x5F, 0x46, 0x53, 0x5F, 0x72, 0x6F, 0x74, 0x00, 
    0x2B, 0xFC, 0x9E, 0x4E, 0xFB, 0x54, 0x72, 0x69, 0x63, 0x6B, 0x5F, 0x35, 
    0x30, 0x35, 0x30, 0x5F, 0x46, 0x53, 0x00, 0x2B, 0xFD, 0x3E, 0x4C, 0x8A, 
    0x46, 0x6C, 0x69, 0x70, 0x4B, 0x69, 0x63, 0x6B, 0x44, 0x00, 0x2B, 0x05, 
    0xEF, 0xB9, 0x3F, 0x46, 0x65, 0x72, 0x72, 0x65, 0x74, 0x5F, 0x49, 0x6E, 
    0x69, 0x80, 0x5D, 0x80, 0x00, 0x2B, 0x0A, 0x5F, 0x8A, 0xDF, 0x56, 0x69, 
    0x62, 0x72, 0x61, 0x74, 0x65, 0x00, 0x2B, 0x10, 0x8F, 0xEA, 0xBA, 0x50, 
    0x72, 0x6F, 0x66, 0x69, 0x6C, 0x65, 0x45, 0x71, 0x75, 0x61, 0x6C, 0x73, 
    0x00, 0x2B, 0x1C, 0xEF, 0xBF, 0x0E, 0x54, 0x72, 0x69, 0x63, 0x6B, 0x5F, 
    0x43, 0x72, 0x61, 0x69, 0x6C, 0x53, 0x6C, 0x69, 0x64, 0x65, 0x5F, 0x46, 
    0x80, 0x21, 0x81, 0x5F, 0x31, 0x38, 0x30, 0x00, 0x2B, 0x21, 0xBF, 0xC0, 
    0xA9, 0x42, 0x53, 0x4E, 0x6F, 0x73, 0x65, 0x62, 0x6C, 0x75, 0x6E, 0x74, 
    0x5F, 0x72, 0x61, 0x6E, 0x67, 0x65, 0x00, 0x2B, 0x25, 0x8F, 0xD5, 0x09, 
    0x44, 0x6F, 0x4E, 0x65, 0x78, 0x74, 0x54, 0x72, 0x69, 0x63, 0x6B, 0x00, 
    0x2B, 0x26, 0xDF, 0x38, 0x6F, 0x43, 0x6F, 0x66, 0x66, 0x69, 0x6E, 0x47, 
    0x72, 0x69, 0x6E, 0x64, 0x5F, 0x4F, 0x75, 0x74, 0x00, 0x2B, 0x28, 0x8F, 
    0x58, 0x00, 0x49, 0x6E, 0x80, 0xA5, 0x74, 0x5F, 0x46, 0x53, 0x42, 0x6C, 
    0x75, 0x6E, 0x74, 0x53, 0x80, 0x85, 0x69, 0x64, 0x88, 0xBD, 0x2C, 0xEF, 
    0x7B, 0xDE, 0x4E, 0x6F, 0x6C, 0x6C, 0x69, 0x65, 0x00, 0x2B, 0x2D, 0x2F, 
    0xEA, 0xAE, 0x80, 0x81, 0x72, 0x80, 0x59, 0x80, 0x63, 0x6B, 0x5F, 0x52, 
    0x6F, 0x63, 0x6B, 0x65, 0x74, 0x54, 0x61, 0x69, 0x6C, 0x73, 0x6C, 0x69, 
    0x64, 0x65, 0x5F, 0x42, 0x53, 0x5F, 0x31, 0x38, 0x30, 0x00, 0x2B, 0x3C, 
    0x3F, 0x42, 0x85, 0x46, 0x65, 0x72, 0x72, 0x65, 0x74, 0x46, 0x69, 0x67, 
    0x68, 0x74, 0x00, 0x2B, 0x3F, 0x7F, 0xA0, 0x79, 0x44, 0x75, 0x72, 0x61, 
    0x74, 0x69, 0x6F, 0x80, 0x1D, 0x83, 0x00, 0x2B, 0x46, 0xEF, 0xED, 0xE3, 
    0x54, 0x75, 0x72, 0x6E, 0x4F, 0x6E, 0x53, 0x70, 0x65, 0x63, 0x69, 0x61, 
    0x6C, 0x49, 0x74, 0x65, 0x6D, 0x00, 0x2B, 0x49, 0xDF, 0xBB, 0xA0, 0x54, 
    0x72, 0x69, 0x63, 0x6B, 0x5F, 0x4E, 0x6F, 0x73, 0x65, 0x73, 0x6C, 0x69, 
    0x64, 0x65, 0x5F, 0x46, 0x53, 0x5F, 0x31, 0x38, 0x30, 0x00, 0x2B, 0x56, 
    0x4F, 0x8F, 0xC7, 0x54, 0x72, 0x69, 0x63, 0x6B, 0x5F, 0x42, 0x69, 0x67, 
    0x48, 0x69, 0x74, 0x74, 0x65, 0x72, 0x5F, 0x42, 0x53, 0x5F, 0x31, 0x38, 
    0x30, 0x00, 0x2B, 0x5C, 0xAF, 0x9C, 0xA0, 0x54, 0x72, 0x69, 0x63, 0x6B, 
    0x5F, 0x48, 0x75, 0x6C, 0x61, 0x48, 0x6F, 0x6F, 0x70, 0x32, 0x00, 0x2B, 
    0x62, 0x8F, 0x1D, 0x0C, 0x42, 0x53, 0x48, 0x75, 0x72, 0x72, 0x69, 0x63, 
    0x61, 0x6E, 0x65, 0x47, 0x72, 0x69, 0x6E, 0x64, 0x5F, 0x4F, 0x75, 0x74, 
    0x00, 0x2B, 0x64, 0x0F, 0xB6, 0xEB, 0x69, 0x6E, 0x69, 0x74, 0x80, 0xAD, 
    0x6E, 0x69, 0x6D, 0x00, 0x2B, 0x69, 0x3F, 0xE9, 0x63, 0x42, 0x6F, 0x61, 
    0x80, 0xA1, 0x64, 0x52, 0x6F, 0x74, 0x61, 0x74, 0x65, 0x41, 0x66, 0x80, 
    0xF5, 0x65, 0x72, 0x00, 0x2B, 0x6D, 0x8F, 0x95, 0xA9, 0x70, 0x69, 0x73, 
    0x74, 0x6F, 0x6C, 0x5F, 0x64, 0x65, 0x74, 0x61, 0x69, 0x6C, 0x73, 0x00, 
    0x2B, 0x72, 0x7F, 0x77, 0xBB, 0x54, 0x72, 0x80, 0x11, 0x82, 0x63, 0x6B, 
    0x5F, 0x43, 0x72, 0x6F, 0x6F, 0x6B, 0x65, 0x64, 0x42, 0x69, 0x67, 0x53, 
    0x70, 0x69, 0x6E, 0x5F, 0x46, 0x53, 0x5F, 0x31, 0x38, 0x30, 0x00, 0x2B, 
    0x7A, 0xBF, 0x0D, 0x70, 0x54, 0x72, 0x69, 0x63, 0x6B, 0x5F, 0x46, 0x6C, 
    0x69, 0x70, 0x4B, 0x69, 0x63, 0x6B, 0x44, 0x61, 0x64, 0x32, 0x5F, 0x31, 
    0x38, 0x30, 0x00, 0x2B, 0x80, 0x5F, 0x76, 0xCD, 0x4A, 0x61, 0x6E, 0x67, 
    0x6F, 0x51, 0x75, 0x69, 0x63, 0x6B, 0x44, 0x72, 0x61, 0x77, 0x5F, 0x49, 
    0x64, 0x6C, 0x65, 0x00, 0x2B, 0x84, 0xDF, 0xFA, 0x24, 0x47, 0x68, 0x65, 
    0x74, 0x74, 0x6F, 0x42, 0x6C, 0x61, 0x73, 0x74, 0x69, 0x6E, 0x00, 0x2B, 
    0x91, 0xAF, 0x4C, 0x80, 0x29, 0x82, 0x54, 0x72, 0x69, 0x63, 0x6B, 0x5F, 
    0x54, 0x61, 0x69, 0x6C, 0x73, 0x6C, 0x69, 0x64, 0x65, 0x5F, 0x46, 0x53, 
    0x5F, 0x31, 0x38, 0x30, 0x00, 0x2B, 0x93, 0x2F, 0xDB, 0xE7, 0x49, 0x6E, 
    0x69, 0x74, 0x5F, 0x4E, 0x6F, 0x73, 0x65, 0x73, 0x6C, 0x69, 0x64, 0x65, 
    0x00, 0x2B, 0x96, 0xBF, 0x8E, 0x94, 0x53, 0x65, 0x74, 0x53, 0x74, 0x61, 
    0x74, 0x65, 0x00, 0x2B, 0xA1, 0xAF, 0x6D, 0x8E, 0x54, 0x72, 0x69, 0x63, 
    0x6B, 0x5F, 0x44, 0x61, 0x66, 0x66, 0x79, 0x42, 0x72, 0x6F, 0x6B, 0x65, 
    0x6E, 0x47, 0x72, 0x69, 0x6E, 0x64, 0x32, 0x00, 0x2B, 0xA7, 0xAF, 0x51, 
    0x4D, 0x52, 0x6F, 0x63, 0x6B, 0x4F, 0x75, 0x74, 0x47, 0x72, 0x69, 0x6E, 
    0x64, 0x5F, 0x49, 0x6E, 0x69, 0x80, 0x49, 0x80, 0x00, 0x2B, 0xAE, 0x1F, 
    0x1C, 0x89, 0x48, 0x61, 0x6E, 0x64, 0x73, 0x74, 0x61, 0x6E, 0x64, 0x35, 
    0x30, 0x35, 0x30, 0x47, 0x72, 0x69, 0x6E, 0x64, 0x5F, 0x49, 0x6E, 0x69, 
    0x74, 0x00, 0x2B, 0xB3, 0x7F, 0x3E, 0x62, 0x52, 0x6F, 0x77, 0x6C, 0x65, 
    0x79, 0x44, 0x61, 0x72, 0x6B, 0x53, 0x6C, 0x69, 0x64, 0x65, 0x5F, 0x80, 
    0xA1, 0x75, 0x74, 0x00, 0x2B, 0xB7, 0x4F, 0xDA, 0xCE, 0x45, 0x80, 0x1D, 
    0x80, 0x62, 0x6F, 0x77, 0x53, 0x6D, 0x61, 0x73, 0x68, 0x5F, 0x49, 0x64, 
    0x6C, 0x65, 0x00, 0x2B, 0xC6, 0x7F, 0x49, 0x9E, 0x50, 0x65, 0x72, 0x63, 
    0x65, 0x6E, 0x74, 0x00, 0x2B, 0xCF, 0xEF, 0x1F, 0x90, 0x53, 0x65, 0x74, 
    0x45, 0x78, 0x63, 0x65, 0x70, 0x80, 0xC9, 0x69, 0x6F, 0x6E, 0x00, 0x2B, 
    0xD2, 0x8F, 0x3A, 0xCB, 0x53, 0x65, 0x74, 0x54, 0x72, 0x69, 0x63, 0x6B, 
    0x53, 0x63, 0x80, 0x19, 0x81, 0x72, 0x65, 0x00, 0x2B, 0xE6, 0xEF, 0x93, 
    0xFF, 0x45, 0x6C, 0x62, 0x6F, 0x77, 0x73, 0x6D, 0x61, 0x73, 0x68, 0x5F, 
    0x6F, 0x75, 0x74, 0x00, 0x2B, 0xF5, 0x3F, 0xA3, 0x1F, 0x54, 0x72, 0x69, 
    0x63, 0x6B, 0x5F, 0x43, 0x72, 0x6F, 0x6F, 0x6B, 0x65, 0x64, 0x5F, 0x46, 
    0x53, 0x00, 0x2B, 0xF7, 0x2F, 0x4C, 0x5C, 0x54, 0x72, 0x69, 0x63, 0x6B, 
    0x5F, 0x4E, 0x6F, 0x73, 0x65, 0x67, 0x72, 0x69, 0x6E, 0x64, 0x5F, 0x42, 
    0x53, 0x00, 0x2B, 0xF9, 0x80, 0x89, 0x7B, 0xD7, 0x4F, 0xAD, 0x66, 0x66, 
    0x4D, 0x65, 0x74, 0x65, 0x72, 0x54, 0x6F, 0x70, 0x00, 0x00, 0x54, 0xC3, 
    0x90, 0xC7, 0xFE, 0x59, 0x6A, 0x12, 0xE4, 0x37, 0x42, 0xDC
};
INCBIN_CONST INCBIN_ALIGN unsigned char *const gGrindScriptsPs2ToPcBothL1R1End = gGrindScriptsPs2ToPcBothL1R1Data + sizeof(gGrindScriptsPs2ToPcBothL1R1Data);
INCBIN_CONST unsigned int gGrindScriptsPs2ToPcBothL1R1Size = sizeof(gGrindScriptsPs2ToPcBothL1R1Data);

#ifdef __cplusplus
}
#endif
